{"type":"FeatureCollection","features":[{"type":"Feature","properties":{"id":"tmb-metro:L1","code":"L1","operator":"tmb","mode":"metro","color":"#CE1126","destination":"Fondo"},"geometry":{"type":"LineString","coordinates":[[2.10724,41.34468],[2.11159,41.34786],[2.112,41.3486],[2.11194,41.34941],[2.11,41.35206],[2.10665,41.35342],[2.10553,41.35418],[2.10339,41.35709],[2.09942,41.36485],[2.09935,41.36573],[2.09989,41.36666],[2.10103,41.36729],[2.10559,41.36826],[2.12083,41.36844],[2.12448,41.36794],[2.1262,41.36804],[2.12817,41.36863],[2.13032,41.36967],[2.13476,41.37441],[2.13597,41.37514],[2.13724,41.37536],[2.14758,41.37517],[2.14891,41.37534],[2.15025,41.37599],[2.16239,41.38504],[2.1799,41.39163],[2.18371,41.39403],[2.18634,41.39505],[2.18726,41.3964],[2.18703,41.3985],[2.18763,41.40308],[2.18698,41.40505],[2.18697,41.42333],[2.18647,41.42506],[2.18378,41.42939],[2.18341,41.43083],[2.18374,41.43192],[2.18472,41.43281],[2.18967,41.4341],[2.19087,41.43506],[2.19119,41.43676],[2.19063,41.44382],[2.19074,41.44592],[2.19458,41.44965],[2.19601,41.45027],[2.19729,41.45029],[2.20116,41.44966],[2.20295,41.44973],[2.20714,41.45098],[2.20913,41.45112],[2.21318,41.4505],[2.21844,41.45158]]}},{"type":"Feature","properties":{"id":"tmb-metro:L1","code":"L1","operator":"tmb","mode":"metro","color":"#CE1126","destination":"Hospital de Bellvitge"},"geometry":{"type":"LineString","coordinates":[[2.21844,41.45158],[2.21318,41.4505],[2.20913,41.45112],[2.20714,41.45098],[2.20295,41.44973],[2.20116,41.44966],[2.19729,41.45029],[2.19601,41.45027],[2.19458,41.44965],[2.19074,41.44592],[2.19063,41.44382],[2.19119,41.43676],[2.19087,41.43506],[2.18967,41.4341],[2.18472,41.43281],[2.18374,41.43192],[2.18341,41.43083],[2.18378,41.42939],[2.18647,41.42506],[2.18697,41.42333],[2.18698,41.40505],[2.18763,41.40308],[2.18703,41.3985],[2.18726,41.3964],[2.18634,41.39505],[2.18371,41.39403],[2.1799,41.39163],[2.16239,41.38504],[2.15025,41.37599],[2.14891,41.37534],[2.14758,41.37517],[2.13724,41.37536],[2.13597,41.37514],[2.13476,41.37441],[2.13032,41.36967],[2.12817,41.36863],[2.1262,41.36804],[2.12448,41.36794],[2.12083,41.36844],[2.10559,41.36826],[2.10103,41.36729],[2.09989,41.36666],[2.09935,41.36573],[2.09942,41.36485],[2.10339,41.35709],[2.10553,41.35418],[2.10665,41.35342],[2.11,41.35206],[2.11194,41.34941],[2.112,41.3486],[2.11159,41.34786],[2.10724,41.34468]]}},{"type":"Feature","properties":{"id":"tmb-metro:L2","code":"L2","operator":"tmb","mode":"metro","color":"#93248F","destination":"Badalona Pompeu Fabra"},"geometry":{"type":"LineString","coordinates":[[2.16912,41.375],[2.16755,41.37528],[2.16322,41.37881],[2.16415,41.386],[2.16489,41.38691],[2.18029,41.39833],[2.18072,41.39899],[2.18039,41.39981],[2.17423,41.40467],[2.17394,41.4054],[2.17421,41.40599],[2.1767,41.40787],[2.17747,41.40814],[2.1786,41.40793],[2.18042,41.40664],[2.18175,41.40662],[2.1897,41.4125],[2.19277,41.41313],[2.20554,41.42256],[2.20588,41.42328],[2.20537,41.42458],[2.20553,41.42535],[2.2107,41.43086],[2.21147,41.43117],[2.21466,41.43163],[2.21659,41.43321],[2.22088,41.4354],[2.22641,41.43474],[2.2277,41.43499],[2.23193,41.43901],[2.2441,41.44905]]}},{"type":"Feature","properties":{"id":"tmb-metro:L2","code":"L2","operator":"tmb","mode":"metro","color":"#93248F","destination":"Paral·lel"},"geometry":{"type":"LineString","coordinates":[[2.2441,41.44905],[2.23193,41.43901],[2.2277,41.43499],[2.22641,41.43474],[2.22088,41.4354],[2.21659,41.43321],[2.21466,41.43163],[2.21147,41.43117],[2.2107,41.43086],[2.20553,41.42535],[2.20537,41.42458],[2.20588,41.42328],[2.20554,41.42256],[2.19277,41.41313],[2.1897,41.4125],[2.18175,41.40662],[2.18042,41.40664],[2.1786,41.40793],[2.17747,41.40814],[2.1767,41.40787],[2.17421,41.40599],[2.17394,41.4054],[2.17423,41.40467],[2.18039,41.39981],[2.18072,41.39899],[2.18029,41.39833],[2.16489,41.38691],[2.16415,41.386],[2.16322,41.37881],[2.16755,41.37528],[2.16912,41.375]]}},{"type":"Feature","properties":{"id":"tmb-metro:L3","code":"L3","operator":"tmb","mode":"metro","color":"#1EB53A","destination":"Trinitat Nova"},"geometry":{"type":"LineString","coordinates":[[2.11118,41.38412],[2.12666,41.38803],[2.1276,41.38808],[2.12886,41.38735],[2.13238,41.38152],[2.13392,41.38124],[2.13804,41.38273],[2.13938,41.3827],[2.14928,41.37551],[2.1502,41.3751],[2.17296,41.37484],[2.17492,41.37568],[2.17607,41.37705],[2.17612,41.37768],[2.17189,41.38278],[2.17034,41.3851],[2.16972,41.38795],[2.15337,41.40161],[2.15185,41.40404],[2.14987,41.40635],[2.14886,41.40858],[2.14551,41.41141],[2.14312,41.41263],[2.1429,41.41467],[2.14108,41.41762],[2.14067,41.42123],[2.14653,41.43364],[2.14743,41.43475],[2.14943,41.43642],[2.15083,41.43694],[2.15322,41.43667],[2.15433,41.4368],[2.15834,41.43872],[2.1605,41.44035],[2.16382,41.44083],[2.16949,41.44293],[2.17044,41.44357],[2.1718,41.44516],[2.17473,41.44639],[2.17757,41.4491],[2.17854,41.44967],[2.18044,41.44997],[2.18292,41.44983],[2.1841,41.4495]]}},{"type":"Feature","properties":{"id":"tmb-metro:L3","code":"L3","operator":"tmb","mode":"metro","color":"#1EB53A","destination":"Zona Universitària"},"geometry":{"type":"LineString","coordinates":[[2.1841,41.4495],[2.18292,41.44983],[2.18044,41.44997],[2.17854,41.44967],[2.17757,41.4491],[2.17473,41.44639],[2.1718,41.44516],[2.17044,41.44357],[2.16949,41.44293],[2.16382,41.44083],[2.1605,41.44035],[2.15834,41.43872],[2.15433,41.4368],[2.15322,41.43667],[2.15083,41.43694],[2.14943,41.43642],[2.14743,41.43475],[2.14653,41.43364],[2.14067,41.42123],[2.14108,41.41762],[2.1429,41.41467],[2.14312,41.41263],[2.14551,41.41141],[2.14886,41.40858],[2.14987,41.40635],[2.15185,41.40404],[2.15337,41.40161],[2.16972,41.38795],[2.17034,41.3851],[2.17189,41.38278],[2.17612,41.37768],[2.17607,41.37705],[2.17492,41.37568],[2.17296,41.37484],[2.1502,41.3751],[2.14928,41.37551],[2.13938,41.3827],[2.13804,41.38273],[2.13392,41.38124],[2.13238,41.38152],[2.12886,41.38735],[2.1276,41.38808],[2.12666,41.38803],[2.11118,41.38412]]}},{"type":"Feature","properties":{"id":"tmb-metro:L4","code":"L4","operator":"tmb","mode":"metro","color":"#F7A30E","destination":"Trinitat Nova"},"geometry":{"type":"LineString","coordinates":[[2.20519,41.42368],[2.20947,41.42061],[2.21284,41.41753],[2.21654,41.41476],[2.21793,41.41401],[2.21826,41.41345],[2.21819,41.41294],[2.21438,41.41022],[2.21038,41.40894],[2.19023,41.39376],[2.18981,41.39304],[2.19005,41.39227],[2.19346,41.38969],[2.19394,41.38899],[2.19386,41.38818],[2.19246,41.3858],[2.19111,41.38466],[2.18362,41.38125],[2.18259,41.38117],[2.17296,41.38832],[2.17207,41.38856],[2.17073,41.38831],[2.16963,41.38843],[2.16742,41.39048],[2.16723,41.3911],[2.16779,41.39256],[2.17179,41.39568],[2.17208,41.39675],[2.1714,41.39783],[2.16396,41.4035],[2.16307,41.40578],[2.16482,41.41167],[2.16556,41.41212],[2.16986,41.41336],[2.17294,41.4148],[2.17637,41.41854],[2.17745,41.42352],[2.1772,41.42723],[2.17674,41.4281],[2.17532,41.42949],[2.17246,41.43462],[2.17229,41.43555],[2.17263,41.43627],[2.1749,41.43851],[2.17791,41.44235],[2.17937,41.44623],[2.1809,41.44794],[2.18243,41.44916]]}},{"type":"Feature","properties":{"id":"tmb-metro:L4","code":"L4","operator":"tmb","mode":"metro","color":"#F7A30E","destination":"La Pau"},"geometry":{"type":"LineString","coordinates":[[2.18243,41.44916],[2.1809,41.44794],[2.17937,41.44623],[2.17791,41.44235],[2.1749,41.43851],[2.17263,41.43627],[2.17229,41.43555],[2.17246,41.43462],[2.17532,41.42949],[2.17674,41.4281],[2.1772,41.42723],[2.17745,41.42352],[2.17637,41.41854],[2.17294,41.4148],[2.16986,41.41336],[2.16556,41.41212],[2.16482,41.41167],[2.16307,41.40578],[2.16396,41.4035],[2.1714,41.39783],[2.17208,41.39675],[2.17179,41.39568],[2.16779,41.39256],[2.16723,41.3911],[2.16742,41.39048],[2.16963,41.38843],[2.17073,41.38831],[2.17207,41.38856],[2.17296,41.38832],[2.18259,41.38117],[2.18362,41.38125],[2.19111,41.38466],[2.19246,41.3858],[2.19386,41.38818],[2.19394,41.38899],[2.19346,41.38969],[2.19005,41.39227],[2.18981,41.39304],[2.19023,41.39376],[2.21038,41.40894],[2.21438,41.41022],[2.21819,41.41294],[2.21826,41.41345],[2.21793,41.41401],[2.21654,41.41476],[2.21284,41.41753],[2.20947,41.42061],[2.20519,41.42368]]}},{"type":"Feature","properties":{"id":"tmb-metro:L5","code":"L5","operator":"tmb","mode":"metro","color":"#005A97","destination":"Vall d'Hebron"},"geometry":{"type":"LineString","coordinates":[[2.07043,41.35729],[2.07199,41.35729],[2.07418,41.35676],[2.07585,41.35676],[2.08018,41.35837],[2.0809,41.35907],[2.08103,41.36064],[2.08246,41.36242],[2.09024,41.36593],[2.09838,41.37004],[2.10047,41.37273],[2.10138,41.37325],[2.10591,41.37321],[2.10814,41.37435],[2.10968,41.37553],[2.11103,41.3759],[2.13389,41.37545],[2.13591,41.37602],[2.13833,41.37817],[2.13904,41.37921],[2.14191,41.3808],[2.14296,41.38248],[2.16193,41.39678],[2.16355,41.39763],[2.16648,41.3985],[2.17413,41.40422],[2.17447,41.40483],[2.17432,41.40887],[2.17455,41.40958],[2.18604,41.41834],[2.18653,41.41908],[2.18659,41.4219],[2.18621,41.42265],[2.18534,41.42302],[2.17839,41.42372],[2.17751,41.424],[2.17638,41.42524],[2.17522,41.42929],[2.17449,41.43006],[2.17374,41.43035],[2.1656,41.4305],[2.16391,41.43073],[2.1618,41.42969],[2.15906,41.42965],[2.1562,41.42872],[2.15545,41.42824],[2.15499,41.42748],[2.15514,41.42364],[2.15487,41.42269],[2.15391,41.4217],[2.15241,41.42114],[2.15067,41.42119],[2.14733,41.42237],[2.14493,41.42422],[2.14236,41.42499]]}},{"type":"Feature","properties":{"id":"tmb-metro:L5","code":"L5","operator":"tmb","mode":"metro","color":"#005A97","destination":"Cornellà Centre"},"geometry":{"type":"LineString","coordinates":[[2.14236,41.42499],[2.14493,41.42422],[2.14733,41.42237],[2.15067,41.42119],[2.15241,41.42114],[2.15391,41.4217],[2.15487,41.42269],[2.15514,41.42364],[2.15499,41.42748],[2.15545,41.42824],[2.1562,41.42872],[2.15906,41.42965],[2.1618,41.42969],[2.16391,41.43073],[2.1656,41.4305],[2.17374,41.43035],[2.17449,41.43006],[2.17522,41.42929],[2.17638,41.42524],[2.17751,41.424],[2.17839,41.42372],[2.18534,41.42302],[2.18621,41.42265],[2.18659,41.4219],[2.18653,41.41908],[2.18604,41.41834],[2.17455,41.40958],[2.17432,41.40887],[2.17447,41.40483],[2.17413,41.40422],[2.16648,41.3985],[2.16355,41.39763],[2.16193,41.39678],[2.14296,41.38248],[2.14191,41.3808],[2.13904,41.37921],[2.13833,41.37817],[2.13591,41.37602],[2.13389,41.37545],[2.11103,41.3759],[2.10968,41.37553],[2.10814,41.37435],[2.10591,41.37321],[2.10138,41.37325],[2.10047,41.37273],[2.09838,41.37004],[2.09024,41.36593],[2.08246,41.36242],[2.08103,41.36064],[2.0809,41.35907],[2.08018,41.35837],[2.07585,41.35676],[2.07418,41.35676],[2.07199,41.35729],[2.07043,41.35729]]}},{"type":"Feature","properties":{"id":"tmb-metro:L9N","code":"L9N","operator":"tmb","mode":"metro","color":"#FB712B","destination":"La Sagrera"},"geometry":{"type":"LineString","coordinates":[[2.19857,41.45667],[2.19854,41.45886],[2.19945,41.46025],[2.20121,41.46098],[2.20248,41.46102],[2.20352,41.46075],[2.2064,41.45865],[2.20809,41.45772],[2.21045,41.45555],[2.21677,41.45296],[2.2193,41.45133],[2.22023,41.45017],[2.22022,41.44892],[2.21962,41.44801],[2.21857,41.44738],[2.21257,41.44632],[2.2108,41.44534],[2.20952,41.44256],[2.21025,41.43917],[2.20938,41.4377],[2.20847,41.4369],[2.20694,41.43637],[2.19801,41.43545],[2.19599,41.4348],[2.19433,41.43385],[2.19366,41.43309],[2.19336,41.43194],[2.19362,41.42801],[2.1943,41.42536],[2.19298,41.42122],[2.19192,41.4202],[2.19034,41.41967],[2.18881,41.41971],[2.18672,41.42049]]}},{"type":"Feature","properties":{"id":"tmb-metro:L9N","code":"L9N","operator":"tmb","mode":"metro","color":"#FB712B","destination":"Fondo"},"geometry":{"type":"LineString","coordinates":[[2.18672,41.42049],[2.18881,41.41971],[2.19034,41.41967],[2.19192,41.4202],[2.19298,41.42122],[2.1943,41.42536],[2.19362,41.42801],[2.19336,41.43194],[2.19366,41.43309],[2.19433,41.43385],[2.19599,41.4348],[2.19801,41.43545],[2.20694,41.43637],[2.20847,41.4369],[2.20938,41.4377],[2.21025,41.43917],[2.20952,41.44256],[2.2108,41.44534],[2.21257,41.44632],[2.21857,41.44738],[2.21962,41.44801],[2.22022,41.44892],[2.22023,41.45017],[2.2193,41.45133],[2.21677,41.45296],[2.21045,41.45555],[2.20809,41.45772],[2.2064,41.45865],[2.20352,41.46075],[2.20248,41.46102],[2.20121,41.46098],[2.19945,41.46025],[2.19854,41.45886],[2.19857,41.45667]]}},{"type":"Feature","properties":{"id":"tmb-metro:L9N","code":"L9N","operator":"tmb","mode":"metro","color":"#FB712B","destination":"Can Zam"},"geometry":{"type":"LineString","coordinates":[[2.18672,41.42049],[2.18881,41.41971],[2.19034,41.41967],[2.19192,41.4202],[2.19298,41.42122],[2.1943,41.42536],[2.19362,41.42801],[2.19336,41.43194],[2.19366,41.43309],[2.19433,41.43385],[2.19599,41.4348],[2.19801,41.43545],[2.20694,41.43637],[2.20847,41.4369],[2.20938,41.4377],[2.21025,41.43917],[2.20952,41.44256],[2.2108,41.44534],[2.21257,41.44632],[2.21857,41.44738],[2.21962,41.44801],[2.22022,41.44892],[2.22023,41.45017],[2.2193,41.45133],[2.21677,41.45296],[2.21045,41.45555],[2.20809,41.45772],[2.2064,41.45865],[2.20352,41.46075],[2.20248,41.46102],[2.20121,41.46098],[2.19945,41.46025],[2.19854,41.45886],[2.19857,41.45667]]}},{"type":"Feature","properties":{"id":"tmb-metro:L9N","code":"L9N","operator":"tmb","mode":"metro","color":"#FB712B","destination":"Fondo"},"geometry":{"type":"LineString","coordinates":[[2.19857,41.45667],[2.19854,41.45886],[2.19945,41.46025],[2.20121,41.46098],[2.20248,41.46102],[2.20352,41.46075],[2.2064,41.45865],[2.20809,41.45772],[2.21045,41.45555],[2.21677,41.45296],[2.2193,41.45133],[2.22023,41.45017],[2.22022,41.44892],[2.21962,41.44801],[2.21857,41.44738],[2.21257,41.44632],[2.2108,41.44534],[2.20952,41.44256],[2.21025,41.43917],[2.20938,41.4377],[2.20847,41.4369],[2.20694,41.43637],[2.19801,41.43545],[2.19599,41.4348],[2.19433,41.43385],[2.19366,41.43309],[2.19336,41.43194],[2.19362,41.42801],[2.1943,41.42536],[2.19298,41.42122],[2.19192,41.4202],[2.19034,41.41967],[2.18881,41.41971],[2.18672,41.42049]]}},{"type":"Feature","properties":{"id":"tmb-metro:L9S","code":"L9S","operator":"tmb","mode":"metro","color":"#FB712B","destination":"Zona Universitària"},"geometry":{"type":"LineString","coordinates":[[2.07115,41.2883],[2.06902,41.28761],[2.06766,41.28764],[2.06504,41.28864],[2.0594,41.29145],[2.05803,41.29267],[2.05624,41.29559],[2.05589,41.29651],[2.056,41.29755],[2.05693,41.29874],[2.05824,41.29938],[2.06203,41.30065],[2.0648,41.30118],[2.06974,41.30267],[2.07431,41.30425],[2.07535,41.3049],[2.07597,41.3059],[2.07595,41.30699],[2.07427,41.30965],[2.07281,41.31282],[2.07313,41.31411],[2.07419,41.31504],[2.081,41.31741],[2.09025,41.31637],[2.09176,41.31668],[2.09296,41.3175],[2.09348,41.31852],[2.09377,41.32102],[2.09312,41.32348],[2.09104,41.32826],[2.09075,41.33057],[2.08922,41.33328],[2.08922,41.33431],[2.08986,41.33531],[2.09092,41.33594],[2.0938,41.33688],[2.09504,41.33693],[2.09626,41.3366],[2.10134,41.33292],[2.10221,41.3304],[2.10399,41.32795],[2.10558,41.3272],[2.10734,41.32723],[2.1098,41.32848],[2.11065,41.32932],[2.11154,41.3348],[2.11199,41.33568],[2.11289,41.33654],[2.11443,41.33727],[2.12279,41.33996],[2.13212,41.3433],[2.13332,41.34403],[2.13415,41.34514],[2.13435,41.34627],[2.13394,41.3475],[2.12682,41.35683],[2.12436,41.35878],[2.12171,41.36012],[2.12042,41.36059],[2.11581,41.36126],[2.11464,41.3619],[2.1137,41.36293],[2.11331,41.36402],[2.11353,41.36517],[2.11726,41.37044],[2.11874,41.37825],[2.11843,41.37918],[2.11772,41.37998],[2.1133,41.3818],[2.11162,41.38374]]}},{"type":"Feature","properties":{"id":"tmb-metro:L9S","code":"L9S","operator":"tmb","mode":"metro","color":"#FB712B","destination":"Aeroport T1"},"geometry":{"type":"LineString","coordinates":[[2.11162,41.38374],[2.1133,41.3818],[2.11772,41.37998],[2.11843,41.37918],[2.11874,41.37825],[2.11726,41.37044],[2.11353,41.36517],[2.11331,41.36402],[2.1137,41.36293],[2.11464,41.3619],[2.11581,41.36126],[2.12042,41.36059],[2.12171,41.36012],[2.12436,41.35878],[2.12682,41.35683],[2.13394,41.3475],[2.13435,41.34627],[2.13415,41.34514],[2.13332,41.34403],[2.13212,41.3433],[2.12279,41.33996],[2.11443,41.33727],[2.11289,41.33654],[2.11199,41.33568],[2.11154,41.3348],[2.11065,41.32932],[2.1098,41.32848],[2.10734,41.32723],[2.10558,41.3272],[2.10399,41.32795],[2.10221,41.3304],[2.10134,41.33292],[2.09626,41.3366],[2.09504,41.33693],[2.0938,41.33688],[2.09092,41.33594],[2.08986,41.33531],[2.08922,41.33431],[2.08922,41.33328],[2.09075,41.33057],[2.09104,41.32826],[2.09312,41.32348],[2.09377,41.32102],[2.09348,41.31852],[2.09296,41.3175],[2.09176,41.31668],[2.09025,41.31637],[2.081,41.31741],[2.07419,41.31504],[2.07313,41.31411],[2.07281,41.31282],[2.07427,41.30965],[2.07595,41.30699],[2.07597,41.3059],[2.07535,41.3049],[2.07431,41.30425],[2.06974,41.30267],[2.0648,41.30118],[2.06203,41.30065],[2.05824,41.29938],[2.05693,41.29874],[2.056,41.29755],[2.05589,41.29651],[2.05624,41.29559],[2.05803,41.29267],[2.0594,41.29145],[2.06504,41.28864],[2.06766,41.28764],[2.06902,41.28761],[2.07115,41.2883]]}},{"type":"Feature","properties":{"id":"tmb-metro:L10N","code":"L10N","operator":"tmb","mode":"metro","color":"#00A6D6","destination":"La Sagrera"},"geometry":{"type":"LineString","coordinates":[[2.23389,41.44044],[2.22902,41.44301],[2.22097,41.44254],[2.21159,41.43988],[2.2102,41.43889],[2.20903,41.43722],[2.20765,41.43646],[2.19884,41.43553],[2.19626,41.43487],[2.19432,41.43377],[2.19348,41.4324],[2.19367,41.42819],[2.19439,41.42544],[2.19296,41.42106],[2.19181,41.42007],[2.19019,41.4196],[2.18853,41.41973],[2.18669,41.42045]]}},{"type":"Feature","properties":{"id":"tmb-metro:L10N","code":"L10N","operator":"tmb","mode":"metro","color":"#00A6D6","destination":"Gorg"},"geometry":{"type":"LineString","coordinates":[[2.18669,41.42045],[2.18853,41.41973],[2.19019,41.4196],[2.19181,41.42007],[2.19296,41.42106],[2.19439,41.42544],[2.19367,41.42819],[2.19348,41.4324],[2.19432,41.43377],[2.19626,41.43487],[2.19884,41.43553],[2.20765,41.43646],[2.20903,41.43722],[2.2102,41.43889],[2.21159,41.43988],[2.22097,41.44254],[2.22902,41.44301],[2.23389,41.44044]]}},{"type":"Feature","properties":{"id":"tmb-metro:L10S","code":"L10S","operator":"tmb","mode":"metro","color":"#00A6D6","destination":"Collblanc"},"geometry":{"type":"LineString","coordinates":[[2.1331,41.32371],[2.14723,41.34665],[2.14754,41.34805],[2.14383,41.35361],[2.13761,41.36195],[2.13622,41.36305],[2.13418,41.36341],[2.12837,41.36261],[2.12277,41.36094],[2.12096,41.36065],[2.11638,41.36113],[2.11532,41.36152],[2.11431,41.36226],[2.11347,41.3636],[2.11346,41.3648],[2.11725,41.37024],[2.11847,41.37605]]}},{"type":"Feature","properties":{"id":"tmb-metro:L10S","code":"L10S","operator":"tmb","mode":"metro","color":"#00A6D6","destination":"ZAL | Riu Vell"},"geometry":{"type":"LineString","coordinates":[[2.11847,41.37605],[2.11725,41.37024],[2.11346,41.3648],[2.11347,41.3636],[2.11431,41.36226],[2.11532,41.36152],[2.11638,41.36113],[2.12096,41.36065],[2.12277,41.36094],[2.12837,41.36261],[2.13418,41.36341],[2.13622,41.36305],[2.13761,41.36195],[2.14383,41.35361],[2.14754,41.34805],[2.14723,41.34665],[2.1331,41.32371]]}},{"type":"Feature","properties":{"id":"tmb-metro:L11","code":"L11","operator":"tmb","mode":"metro","color":"#89B94C","destination":"Trinitat Nova"},"geometry":{"type":"LineString","coordinates":[[2.17306,41.46241],[2.17655,41.45923],[2.17772,41.45902],[2.18175,41.45929],[2.18272,41.45902],[2.18346,41.45844],[2.18379,41.45776],[2.18402,41.45533],[2.18545,41.45251],[2.185,41.45143],[2.1832,41.4499]]}},{"type":"Feature","properties":{"id":"tmb-metro:L11","code":"L11","operator":"tmb","mode":"metro","color":"#89B94C","destination":"Can Cuiàs"},"geometry":{"type":"LineString","coordinates":[[2.1832,41.4499],[2.185,41.45143],[2.18545,41.45251],[2.18402,41.45533],[2.18379,41.45776],[2.18346,41.45844],[2.18272,41.45902],[2.18175,41.45929],[2.17772,41.45902],[2.17655,41.45923],[2.17306,41.46241]]}},{"type":"Feature","properties":{"id":"tmb-metro:FM","code":"FM","operator":"tmb","mode":"metro","color":"#004C38","destination":"Parc de Montjuïc"},"geometry":{"type":"LineString","coordinates":[[2.16885,41.37385],[2.16569,41.37081],[2.16327,41.36896]]}},{"type":"Feature","properties":{"id":"tmb-metro:FM","code":"FM","operator":"tmb","mode":"metro","color":"#004C38","destination":"Paral·lel"},"geometry":{"type":"LineString","coordinates":[[2.16327,41.36896],[2.16569,41.37081],[2.16885,41.37385]]}},{"type":"Feature","properties":{"id":"tmb-bus:D20","code":"D20","operator":"tmb","mode":"bus","color":"#93107E","destination":"Ernest Lluch"},"geometry":{"type":"LineString","coordinates":[[2.19457,41.38565],[2.19438,41.38595],[2.19535,41.38663],[2.19676,41.38557],[2.19557,41.38466],[2.19203,41.37894],[2.18817,41.37809],[2.18659,41.38189],[2.18367,41.38306],[2.17812,41.37626],[2.17744,41.37599],[2.17731,41.37543],[2.17645,41.37448],[2.17573,41.37446],[2.17466,41.37474],[2.16966,41.37502],[2.14988,41.37517],[2.14797,41.37637],[2.14289,41.38019],[2.14223,41.37978],[2.14141,41.37886],[2.14036,41.37819],[2.13982,41.37801],[2.13939,41.37806],[2.13843,41.37887],[2.13617,41.38211],[2.13097,41.38042],[2.12478,41.37698],[2.12316,41.37913],[2.11778,41.37583],[2.11258,41.37591],[2.11147,41.37733],[2.11101,41.37734],[2.11098,41.37701],[2.11165,41.37698],[2.1122,41.37623]]}},{"type":"Feature","properties":{"id":"tmb-bus:D20","code":"D20","operator":"tmb","mode":"bus","color":"#93107E","destination":"Pg. Marítim"},"geometry":{"type":"LineString","coordinates":[[2.1122,41.37623],[2.11263,41.37584],[2.11394,41.37583],[2.11384,41.3764],[2.11419,41.37686],[2.11619,41.37791],[2.1174,41.37576],[2.12279,41.37567],[2.13082,41.38017],[2.13498,41.38149],[2.13901,41.38312],[2.14881,41.37568],[2.14854,41.37491],[2.14897,41.37454],[2.15049,41.37494],[2.16999,41.37487],[2.17528,41.37453],[2.17552,41.37434],[2.17557,41.37356],[2.17629,41.37327],[2.17692,41.37371],[2.1768,41.37447],[2.17754,41.37542],[2.17799,41.37567],[2.17814,41.37623],[2.18326,41.38247],[2.18681,41.38082],[2.1881,41.37804],[2.19209,41.37889],[2.19569,41.3847],[2.19457,41.38565]]}},{"type":"Feature","properties":{"id":"tmb-bus:D40","code":"D40","operator":"tmb","mode":"bus","color":"#93107E","destination":"Canyelles"},"geometry":{"type":"LineString","coordinates":[[2.14977,41.37744],[2.14948,41.37709],[2.15046,41.37632],[2.14935,41.37554],[2.14797,41.37637],[2.14296,41.38015],[2.14435,41.38094],[2.1428,41.38214],[2.14264,41.38247],[2.14294,41.38641],[2.14406,41.39113],[2.14499,41.39088],[2.14826,41.39326],[2.14698,41.39442],[2.15324,41.39848],[2.15132,41.40055],[2.1512,41.40152],[2.15001,41.40307],[2.15008,41.40375],[2.15043,41.40437],[2.15003,41.40539],[2.1501,41.40602],[2.14961,41.40665],[2.15124,41.40805],[2.15494,41.40941],[2.15753,41.41111],[2.15827,41.41061],[2.16722,41.41537],[2.16802,41.41569],[2.16899,41.41559],[2.16953,41.41573],[2.17109,41.41713],[2.17448,41.42201],[2.17598,41.42154],[2.17713,41.42148],[2.17755,41.42368],[2.17723,41.42755],[2.17738,41.4302],[2.17476,41.43039],[2.17213,41.43531],[2.17444,41.43807],[2.17493,41.43824],[2.17482,41.43862],[2.17512,41.43901],[2.17311,41.44087],[2.17271,41.44207],[2.17155,41.44365],[2.17027,41.44318],[2.16971,41.44394]]}},{"type":"Feature","properties":{"id":"tmb-bus:D40","code":"D40","operator":"tmb","mode":"bus","color":"#93107E","destination":"Pl. Espanya"},"geometry":{"type":"LineString","coordinates":[[2.16971,41.44394],[2.16968,41.44407],[2.17107,41.44447],[2.1718,41.44334],[2.1742,41.4442],[2.17549,41.44256],[2.17703,41.44129],[2.17469,41.43864],[2.17431,41.4385],[2.17409,41.43777],[2.17204,41.43534],[2.17463,41.43063],[2.17434,41.4302],[2.17438,41.42877],[2.17559,41.42711],[2.17644,41.42494],[2.17102,41.41714],[2.16953,41.41583],[2.1691,41.41569],[2.16798,41.41579],[2.16587,41.41492],[2.16357,41.41454],[2.16154,41.4138],[2.15517,41.40969],[2.15073,41.40797],[2.14945,41.40662],[2.15,41.40599],[2.1499,41.40545],[2.15027,41.40418],[2.14985,41.40339],[2.1472,41.40142],[2.15042,41.3992],[2.15176,41.39759],[2.14607,41.39397],[2.1454,41.39341],[2.14548,41.39304],[2.14502,41.39294],[2.14448,41.39311],[2.14406,41.3929],[2.14261,41.38695],[2.14209,41.38076],[2.14491,41.3789],[2.147,41.38039],[2.14728,41.3804],[2.15037,41.37807],[2.14977,41.37744]]}},{"type":"Feature","properties":{"id":"tmb-bus:D50","code":"D50","operator":"tmb","mode":"bus","color":"#93107E","destination":"Paral·lel"},"geometry":{"type":"LineString","coordinates":[[2.17629,41.45935],[2.17968,41.46136],[2.18052,41.46114],[2.18085,41.46059],[2.18442,41.45804],[2.18491,41.45721],[2.18622,41.45675],[2.1875,41.45549],[2.18772,41.4547],[2.1868,41.4538],[2.18652,41.45227],[2.18793,41.45173],[2.18788,41.45047],[2.18732,41.44867],[2.18618,41.44888],[2.18451,41.45019],[2.18339,41.44991],[2.18094,41.44787],[2.17944,41.44618],[2.17754,41.44183],[2.17469,41.43864],[2.17431,41.4385],[2.17409,41.43777],[2.17205,41.4354],[2.17463,41.43063],[2.17434,41.4302],[2.17435,41.42887],[2.17559,41.42711],[2.17621,41.42524],[2.18057,41.42051],[2.18074,41.42003],[2.18034,41.41767],[2.18036,41.41577],[2.17555,41.41198],[2.18097,41.40774],[2.17017,41.39961],[2.16979,41.39913],[2.17476,41.3954],[2.17502,41.39452],[2.17624,41.39428],[2.17892,41.39217],[2.17652,41.39042],[2.16489,41.38607],[2.16395,41.38535],[2.16375,41.38417],[2.16101,41.38209],[2.16323,41.38018],[2.16298,41.37852],[2.1611,41.37709],[2.16108,41.37681],[2.16313,41.37526],[2.16329,41.37491],[2.16783,41.37495],[2.16772,41.37525],[2.16612,41.37646]]}},{"type":"Feature","properties":{"id":"tmb-bus:D50","code":"D50","operator":"tmb","mode":"bus","color":"#93107E","destination":"Ciutat Meridiana"},"geometry":{"type":"LineString","coordinates":[[2.16612,41.37646],[2.16108,41.3804],[2.16358,41.38232],[2.16402,41.38526],[2.16472,41.38585],[2.1697,41.38562],[2.17039,41.38596],[2.17122,41.38692],[2.17119,41.38718],[2.16869,41.38916],[2.16864,41.3896],[2.17445,41.39402],[2.17596,41.39447],[2.17624,41.39496],[2.1759,41.39534],[2.17481,41.39551],[2.17102,41.39846],[2.18334,41.40777],[2.17788,41.41201],[2.18085,41.41456],[2.18046,41.4174],[2.18093,41.4201],[2.17739,41.42415],[2.17723,41.42755],[2.17737,41.43022],[2.17476,41.43039],[2.17213,41.43534],[2.17444,41.43807],[2.17489,41.4382],[2.17482,41.43862],[2.17823,41.44246],[2.17982,41.44626],[2.18097,41.44777],[2.18198,41.44857],[2.18514,41.4477],[2.18659,41.4503],[2.18756,41.45146],[2.18762,41.45193],[2.18667,41.4524],[2.1866,41.4527],[2.18685,41.45381],[2.18759,41.4544],[2.18776,41.45503],[2.18664,41.45648],[2.18493,41.45726],[2.18432,41.45816],[2.18142,41.4603],[2.18053,41.46118],[2.17967,41.46148],[2.17917,41.46189],[2.1769,41.46059],[2.17651,41.45998],[2.17593,41.4597],[2.17629,41.45935]]}},{"type":"Feature","properties":{"id":"tmb-bus:H2","code":"H2","operator":"tmb","mode":"bus","color":"#003888","destination":"Av. Esplugues"},"geometry":{"type":"LineString","coordinates":[[2.18757,41.4515],[2.18768,41.45182],[2.1879,41.45175],[2.18783,41.45017],[2.18735,41.44868],[2.18618,41.44888],[2.18451,41.45019],[2.18339,41.44991],[2.18089,41.44781],[2.17944,41.44618],[2.17761,41.44192],[2.17469,41.43864],[2.17426,41.4385],[2.1662,41.43923],[2.16425,41.43636],[2.16352,41.43455],[2.16302,41.43256],[2.16369,41.43106],[2.16197,41.42961],[2.16357,41.42788],[2.15839,41.42567],[2.15777,41.42835],[2.15672,41.42949],[2.15646,41.43038],[2.15613,41.43057],[2.15577,41.43053],[2.15559,41.43021],[2.15645,41.42928],[2.15644,41.42887],[2.15502,41.42833],[2.15155,41.42639],[2.15061,41.42623],[2.15001,41.42646],[2.1496,41.42616],[2.15,41.42571],[2.15058,41.42604],[2.15218,41.42603],[2.15396,41.42576],[2.15379,41.42558],[2.15274,41.42517],[2.1514,41.42525],[2.15049,41.4251],[2.1482,41.42354],[2.14338,41.42209],[2.14124,41.42189],[2.14076,41.422],[2.1391,41.41861],[2.13791,41.41677],[2.13375,41.41489],[2.13323,41.41515],[2.13281,41.41509],[2.1308,41.41386],[2.13018,41.41313],[2.12775,41.41131],[2.12613,41.41046],[2.12559,41.41053],[2.12523,41.41039],[2.12356,41.409],[2.12216,41.40747],[2.1199,41.40583],[2.11756,41.40484],[2.11707,41.40411],[2.11378,41.4013],[2.11334,41.40012],[2.11301,41.39822],[2.11021,41.39462],[2.10846,41.39137],[2.10721,41.39048],[2.10792,41.38963],[2.10792,41.38932],[2.10428,41.38511],[2.10447,41.38508],[2.10485,41.38551]]}},{"type":"Feature","properties":{"id":"tmb-bus:H2","code":"H2","operator":"tmb","mode":"bus","color":"#003888","destination":"Trinitat Nova"},"geometry":{"type":"LineString","coordinates":[[2.10485,41.38551],[2.10831,41.38934],[2.10794,41.38975],[2.11053,41.39476],[2.11335,41.39832],[2.11392,41.40064],[2.11626,41.40316],[2.11752,41.40434],[2.11817,41.40449],[2.11838,41.40495],[2.12036,41.40589],[2.12203,41.40703],[2.12339,41.40832],[2.12497,41.40934],[2.12556,41.41001],[2.12814,41.41142],[2.13011,41.41292],[2.13101,41.41386],[2.13258,41.41429],[2.13474,41.41459],[2.13615,41.41504],[2.13719,41.41434],[2.13777,41.41431],[2.13817,41.41449],[2.13835,41.41503],[2.13771,41.4158],[2.13868,41.41682],[2.14184,41.42359],[2.14258,41.42456],[2.1461,41.4242],[2.14712,41.42429],[2.14813,41.4247],[2.14934,41.42551],[2.15016,41.42576],[2.15057,41.42612],[2.1517,41.42636],[2.15479,41.42805],[2.15592,41.42808],[2.15668,41.42746],[2.15811,41.42767],[2.16064,41.42875],[2.16235,41.42907],[2.16366,41.42816],[2.16711,41.43015],[2.16723,41.43053],[2.16579,41.43057],[2.16434,41.43103],[2.1635,41.43178],[2.16318,41.43255],[2.16432,41.43629],[2.16629,41.43914],[2.1735,41.43847],[2.17481,41.43814],[2.17497,41.43837],[2.17482,41.43862],[2.17823,41.44246],[2.17982,41.44626],[2.18093,41.44773],[2.18198,41.44857],[2.18509,41.44766],[2.18659,41.4503],[2.18757,41.4515]]}},{"type":"Feature","properties":{"id":"tmb-bus:H4","code":"H4","operator":"tmb","mode":"bus","color":"#003888","destination":"Zona Universitària"},"geometry":{"type":"LineString","coordinates":[[2.20708,41.43649],[2.20113,41.43588],[2.20049,41.43896],[2.20026,41.43908],[2.19629,41.43707],[2.19582,41.43558],[2.19446,41.43535],[2.19224,41.43413],[2.19128,41.43634],[2.19066,41.44507],[2.19039,41.44528],[2.1885,41.44457],[2.18827,41.4414],[2.18705,41.43945],[2.18613,41.43983],[2.17501,41.43847],[2.17468,41.43863],[2.17426,41.4385],[2.16364,41.43957],[2.16315,41.44057],[2.1623,41.44085],[2.16074,41.44012],[2.15565,41.43912],[2.15028,41.43744],[2.14796,41.43591],[2.1467,41.43451],[2.13849,41.41753],[2.13791,41.41677],[2.13609,41.41576],[2.13623,41.4151],[2.13984,41.41237],[2.1383,41.41125],[2.13773,41.41051],[2.13604,41.41008],[2.13543,41.40975],[2.13433,41.40871],[2.13425,41.40768],[2.13352,41.40666],[2.12177,41.40009],[2.12052,41.39968],[2.11763,41.39797],[2.1161,41.39753],[2.11234,41.3943],[2.11201,41.39386],[2.11142,41.39153],[2.10849,41.38956],[2.10797,41.38938],[2.10607,41.38725],[2.11043,41.38503],[2.11116,41.38568]]}},{"type":"Feature","properties":{"id":"tmb-bus:H4","code":"H4","operator":"tmb","mode":"bus","color":"#003888","destination":"Bon Pastor"},"geometry":{"type":"LineString","coordinates":[[2.11116,41.38568],[2.11198,41.38673],[2.10964,41.38792],[2.10805,41.38629],[2.10633,41.38719],[2.10811,41.3892],[2.11147,41.39154],[2.11232,41.39414],[2.11305,41.39454],[2.11341,41.39515],[2.11611,41.39746],[2.11793,41.39806],[2.12043,41.39958],[2.12179,41.40005],[2.13301,41.40635],[2.13358,41.40648],[2.13439,41.40766],[2.13443,41.40867],[2.1353,41.40952],[2.13582,41.4099],[2.13748,41.41032],[2.13811,41.41077],[2.13828,41.41153],[2.13768,41.41392],[2.13837,41.41495],[2.13771,41.4158],[2.1388,41.41704],[2.14184,41.42359],[2.14258,41.42456],[2.14708,41.43423],[2.14837,41.4357],[2.15017,41.43686],[2.15248,41.43778],[2.15554,41.43869],[2.16121,41.43955],[2.17246,41.43859],[2.1742,41.43836],[2.17469,41.4381],[2.17507,41.43838],[2.18617,41.43975],[2.18756,41.44197],[2.19066,41.44211],[2.19115,41.43647],[2.19229,41.43401],[2.19466,41.4353],[2.19471,41.43636],[2.19558,41.43868],[2.20352,41.43958],[2.20378,41.43913],[2.20404,41.43906],[2.20627,41.43956],[2.20789,41.43971],[2.20862,41.43674],[2.20708,41.43649]]}},{"type":"Feature","properties":{"id":"tmb-bus:H6","code":"H6","operator":"tmb","mode":"bus","color":"#003888","destination":"Zona Universitària"},"geometry":{"type":"LineString","coordinates":[[2.19486,41.42818],[2.19537,41.42834],[2.19573,41.42945],[2.19538,41.43],[2.19324,41.43014],[2.17439,41.43028],[2.17445,41.4286],[2.17559,41.42711],[2.17621,41.42524],[2.17747,41.42372],[2.17682,41.42031],[2.17612,41.41838],[2.17413,41.41649],[2.174,41.41606],[2.17326,41.41549],[2.17289,41.41557],[2.17055,41.41382],[2.16856,41.41277],[2.16714,41.41277],[2.16651,41.41225],[2.16576,41.41199],[2.16421,41.4119],[2.16194,41.41256],[2.15939,41.41231],[2.15517,41.40969],[2.15077,41.408],[2.1492,41.4064],[2.14763,41.40589],[2.14499,41.40566],[2.14259,41.40516],[2.13972,41.40403],[2.13777,41.40278],[2.13422,41.39953],[2.13281,41.39793],[2.13274,41.39705],[2.13378,41.39589],[2.1339,41.39544],[2.13266,41.39402],[2.1303,41.39274],[2.12562,41.39145],[2.1269,41.3883],[2.11267,41.38468],[2.11214,41.38487],[2.11093,41.38456]]}},{"type":"Feature","properties":{"id":"tmb-bus:H6","code":"H6","operator":"tmb","mode":"bus","color":"#003888","destination":"Onze de Setembre"},"geometry":{"type":"LineString","coordinates":[[2.11093,41.38456],[2.11082,41.38427],[2.11115,41.38414],[2.12814,41.38846],[2.12795,41.38908],[2.12817,41.3898],[2.12942,41.39199],[2.13266,41.39389],[2.13435,41.3954],[2.13415,41.39588],[2.13307,41.39703],[2.13298,41.39789],[2.13456,41.39966],[2.1379,41.40271],[2.13983,41.40395],[2.14184,41.40475],[2.14364,41.40523],[2.14857,41.40597],[2.15124,41.40805],[2.15494,41.40941],[2.15938,41.41217],[2.16181,41.41246],[2.16402,41.41177],[2.16535,41.41175],[2.16805,41.41244],[2.17098,41.41376],[2.17391,41.41594],[2.17611,41.4181],[2.17692,41.42027],[2.17755,41.42368],[2.17723,41.42755],[2.17739,41.42865],[2.18742,41.42861],[2.18899,41.42801],[2.19058,41.42771],[2.19486,41.42818]]}},{"type":"Feature","properties":{"id":"tmb-bus:H6","code":"H6","operator":"tmb","mode":"bus","color":"#003888","destination":"Fabra i Puig"},"geometry":{"type":"LineString","coordinates":[[2.11093,41.38456],[2.11082,41.38427],[2.11115,41.38414],[2.12814,41.38846],[2.12795,41.38908],[2.12817,41.3898],[2.12942,41.39199],[2.13266,41.39389],[2.13435,41.3954],[2.13415,41.39588],[2.13307,41.39703],[2.13298,41.39789],[2.13456,41.39966],[2.1379,41.40271],[2.13983,41.40395],[2.14184,41.40475],[2.14364,41.40523],[2.14857,41.40597],[2.15124,41.40805],[2.15494,41.40941],[2.15938,41.41217],[2.16181,41.41246],[2.16402,41.41177],[2.16535,41.41175],[2.16805,41.41244],[2.17098,41.41376],[2.17391,41.41594],[2.17611,41.4181],[2.17692,41.42027],[2.17755,41.42368],[2.17726,41.42676],[2.17735,41.42862],[2.18404,41.42864],[2.18417,41.42884],[2.18357,41.42978]]}},{"type":"Feature","properties":{"id":"tmb-bus:H8","code":"H8","operator":"tmb","mode":"bus","color":"#003888","destination":"Ernest Lluch"},"geometry":{"type":"LineString","coordinates":[[2.20397,41.43892],[2.20417,41.43835],[2.20424,41.43614],[2.20108,41.43591],[2.20049,41.43896],[2.20026,41.43908],[2.19629,41.43707],[2.19582,41.43558],[2.19453,41.43537],[2.19318,41.43462],[2.19518,41.43218],[2.1959,41.43006],[2.18975,41.4301],[2.19086,41.42755],[2.19109,41.42258],[2.18689,41.42286],[2.18663,41.42033],[2.16409,41.40349],[2.16408,41.40329],[2.16608,41.40167],[2.16079,41.39766],[2.16121,41.39703],[2.14512,41.39294],[2.14427,41.39307],[2.14404,41.39285],[2.14405,41.39229],[2.14342,41.3906],[2.1413,41.39076],[2.14103,41.39029],[2.13342,41.38594],[2.12109,41.37777],[2.11791,41.37587],[2.11258,41.37591],[2.11147,41.37733],[2.11098,41.37732],[2.11098,41.37701],[2.11162,41.377],[2.11191,41.37663]]}},{"type":"Feature","properties":{"id":"tmb-bus:H8","code":"H8","operator":"tmb","mode":"bus","color":"#003888","destination":"Bon Pastor"},"geometry":{"type":"LineString","coordinates":[[2.11191,41.37663],[2.11259,41.37585],[2.11393,41.37582],[2.11385,41.37645],[2.11449,41.37708],[2.11751,41.37859],[2.11936,41.37921],[2.1216,41.37803],[2.13288,41.38545],[2.13506,41.3867],[2.13543,41.3866],[2.13885,41.38333],[2.13928,41.38329],[2.14092,41.38425],[2.1428,41.38571],[2.14406,41.39113],[2.14454,41.39226],[2.14515,41.39283],[2.15958,41.39641],[2.16282,41.39743],[2.16759,41.40101],[2.16558,41.40268],[2.16559,41.40286],[2.18113,41.41477],[2.18437,41.41706],[2.18674,41.41536],[2.18699,41.4154],[2.18706,41.42281],[2.19126,41.42238],[2.19165,41.42255],[2.19163,41.42769],[2.19372,41.42816],[2.19512,41.42819],[2.1954,41.42839],[2.19569,41.42965],[2.19237,41.43392],[2.19466,41.4353],[2.19471,41.43636],[2.19549,41.43865],[2.20352,41.43958],[2.20397,41.43892]]}},{"type":"Feature","properties":{"id":"tmb-bus:H10","code":"H10","operator":"tmb","mode":"bus","color":"#003888","destination":"Olímpic de Badalona"},"geometry":{"type":"LineString","coordinates":[[2.13559,41.37553],[2.13563,41.37537],[2.13611,41.37539],[2.13611,41.3759],[2.13743,41.37702],[2.14037,41.37814],[2.14152,41.37888],[2.14306,41.3803],[2.14583,41.38147],[2.14698,41.38063],[2.14738,41.38066],[2.19236,41.41447],[2.1935,41.41367],[2.19376,41.41367],[2.21056,41.42635],[2.2132,41.42942],[2.21351,41.43026],[2.21641,41.43308],[2.22085,41.43539],[2.22491,41.43516],[2.22566,41.43701],[2.22672,41.43846],[2.23368,41.44225],[2.23492,41.44151],[2.23414,41.44085]]}},{"type":"Feature","properties":{"id":"tmb-bus:H10","code":"H10","operator":"tmb","mode":"bus","color":"#003888","destination":"Pl. Sants"},"geometry":{"type":"LineString","coordinates":[[2.23414,41.44085],[2.23345,41.44066],[2.23213,41.4414],[2.23185,41.44138],[2.22736,41.43898],[2.22609,41.43851],[2.22465,41.43528],[2.22163,41.4354],[2.22115,41.43569],[2.2162,41.43305],[2.21332,41.4303],[2.21256,41.42981],[2.21159,41.42801],[2.20953,41.42589],[2.19472,41.41476],[2.19446,41.41476],[2.19164,41.41673],[2.19141,41.41673],[2.19086,41.41514],[2.1479,41.38269],[2.14285,41.38043],[2.14125,41.37874],[2.14022,41.37812],[2.13765,41.37726],[2.13559,41.37553]]}},{"type":"Feature","properties":{"id":"tmb-bus:H12","code":"H12","operator":"tmb","mode":"bus","color":"#003888","destination":"Besòs Verneda"},"geometry":{"type":"LineString","coordinates":[[2.11968,41.3531],[2.11898,41.35253],[2.11932,41.35224],[2.12436,41.35594],[2.1255,41.3564],[2.12585,41.35707],[2.12776,41.35838],[2.1351,41.3642],[2.13577,41.36441],[2.136,41.36495],[2.13895,41.3673],[2.14867,41.37444],[2.15015,41.37491],[2.15589,41.37492],[2.15635,41.37517],[2.15305,41.37792],[2.16679,41.38826],[2.16739,41.38853],[2.17445,41.39402],[2.17602,41.39451],[2.17638,41.39536],[2.17684,41.39581],[2.18108,41.39899],[2.1815,41.3991],[2.18473,41.40155],[2.18547,41.4011],[2.18876,41.40359],[2.1871,41.40505],[2.18713,41.40866],[2.19136,41.41178],[2.19493,41.40925],[2.20883,41.41965],[2.20638,41.42147],[2.20735,41.42218],[2.20924,41.42255],[2.2104,41.42232]]}},{"type":"Feature","properties":{"id":"tmb-bus:H12","code":"H12","operator":"tmb","mode":"bus","color":"#003888","destination":"Gornal"},"geometry":{"type":"LineString","coordinates":[[2.2104,41.42232],[2.21145,41.42227],[2.21163,41.42213],[2.19472,41.40942],[2.1982,41.40676],[2.19818,41.40658],[2.19751,41.40612],[2.18858,41.40387],[2.18861,41.40353],[2.18657,41.402],[2.18555,41.40261],[2.17636,41.39562],[2.175,41.39522],[2.17458,41.39429],[2.15001,41.37594],[2.14938,41.37549],[2.14869,41.37534],[2.14845,41.37472],[2.14688,41.37342],[2.13885,41.36732],[2.1358,41.36521],[2.13506,41.36498],[2.13477,41.36441],[2.12612,41.35798],[2.12485,41.35751],[2.12455,41.3568],[2.11968,41.3531]]}},{"type":"Feature","properties":{"id":"tmb-bus:H12","code":"H12","operator":"tmb","mode":"bus","color":"#003888","destination":"Pl. de les Glòries"},"geometry":{"type":"LineString","coordinates":[[2.13458,41.36296],[2.13406,41.3634],[2.13518,41.36426],[2.13577,41.36441],[2.136,41.36495],[2.13895,41.3673],[2.14867,41.37444],[2.15015,41.37491],[2.15589,41.37492],[2.15636,41.37518],[2.15303,41.3779],[2.16679,41.38826],[2.16739,41.38853],[2.17445,41.39402],[2.17602,41.39451],[2.17638,41.39536],[2.17684,41.39581],[2.18108,41.39899],[2.1815,41.3991],[2.18473,41.40155],[2.18547,41.4011],[2.18875,41.40358],[2.18583,41.40597],[2.18656,41.40666],[2.18668,41.40518],[2.18864,41.40363],[2.18802,41.40309]]}},{"type":"Feature","properties":{"id":"tmb-bus:H12","code":"H12","operator":"tmb","mode":"bus","color":"#003888","destination":"Ciutat de la Justícia"},"geometry":{"type":"LineString","coordinates":[[2.18802,41.40309],[2.18654,41.402],[2.18555,41.40261],[2.17636,41.39562],[2.175,41.39522],[2.17458,41.39429],[2.15001,41.37594],[2.14938,41.37549],[2.14869,41.37534],[2.14845,41.37472],[2.14688,41.37342],[2.13885,41.36732],[2.1358,41.36521],[2.13506,41.36498],[2.13486,41.36449],[2.13367,41.36355],[2.13404,41.36339],[2.13518,41.36426],[2.13562,41.36431],[2.13632,41.3636],[2.13541,41.36235],[2.13458,41.36296]]}},{"type":"Feature","properties":{"id":"tmb-bus:H14","code":"H14","operator":"tmb","mode":"bus","color":"#003888","destination":"Sant Adrià"},"geometry":{"type":"LineString","coordinates":[[2.16718,41.37566],[2.16546,41.37692],[2.16325,41.3753],[2.16319,41.37501],[2.16339,41.37489],[2.16999,41.37487],[2.17516,41.37455],[2.17552,41.37434],[2.17546,41.37381],[2.17568,41.37346],[2.17629,41.37327],[2.17675,41.37348],[2.17696,41.37385],[2.1768,41.37447],[2.17754,41.37542],[2.17799,41.37567],[2.17814,41.37623],[2.18026,41.37886],[2.18587,41.38546],[2.18584,41.38568],[2.18261,41.38816],[2.18687,41.39141],[2.18705,41.39324],[2.19959,41.40234],[2.21539,41.41439],[2.21332,41.41618],[2.21714,41.41883],[2.22222,41.42275],[2.22276,41.4229],[2.22286,41.42328],[2.22601,41.4269],[2.2306,41.42476],[2.23065,41.42488],[2.22953,41.42544]]}},{"type":"Feature","properties":{"id":"tmb-bus:H14","code":"H14","operator":"tmb","mode":"bus","color":"#003888","destination":"Paral·lel"},"geometry":{"type":"LineString","coordinates":[[2.22953,41.42544],[2.22599,41.42712],[2.22264,41.42332],[2.22228,41.42321],[2.22204,41.42281],[2.212,41.41528],[2.21068,41.41597],[2.20523,41.4119],[2.20463,41.41211],[2.20314,41.41014],[2.20272,41.41002],[2.18682,41.39808],[2.18679,41.39158],[2.18237,41.3881],[2.18563,41.38552],[2.18318,41.38273],[2.18317,41.38247],[2.17812,41.37626],[2.17744,41.37599],[2.17731,41.37543],[2.17658,41.37453],[2.17578,41.37445],[2.17466,41.37474],[2.16808,41.37503],[2.16718,41.37566]]}},{"type":"Feature","properties":{"id":"tmb-bus:H16","code":"H16","operator":"tmb","mode":"bus","color":"#003888","destination":"Pg. Zona Franca"},"geometry":{"type":"LineString","coordinates":[[2.22024,41.41243],[2.2196,41.41173],[2.21896,41.41154],[2.21899,41.41099],[2.21498,41.40663],[2.2141,41.40596],[2.21317,41.40555],[2.20898,41.40214],[2.21031,41.40095],[2.20832,41.39935],[2.20631,41.39732],[2.20535,41.39652],[2.20501,41.39651],[2.20193,41.39384],[2.20091,41.3945],[2.20061,41.39448],[2.19456,41.38925],[2.18689,41.39496],[2.1867,41.39475],[2.18676,41.39152],[2.18386,41.38929],[2.18077,41.39154],[2.17964,41.39158],[2.16481,41.38601],[2.16395,41.38535],[2.16375,41.38417],[2.161,41.38206],[2.16319,41.38029],[2.16301,41.37855],[2.15871,41.37529],[2.15864,41.37507],[2.15215,41.37508],[2.14988,41.37517],[2.14916,41.37547],[2.14869,41.37534],[2.14845,41.37472],[2.14685,41.37339],[2.13885,41.36732],[2.1358,41.36521],[2.13518,41.36504],[2.13491,41.36479],[2.13507,41.36441],[2.13568,41.36431],[2.13611,41.36396],[2.14315,41.35421],[2.14209,41.35347],[2.14166,41.35358],[2.14116,41.35323]]}},{"type":"Feature","properties":{"id":"tmb-bus:H16","code":"H16","operator":"tmb","mode":"bus","color":"#003888","destination":"Fòrum Campus Besòs"},"geometry":{"type":"LineString","coordinates":[[2.14116,41.35323],[2.14118,41.35299],[2.14163,41.35306],[2.14332,41.35413],[2.14337,41.35437],[2.13598,41.36455],[2.13594,41.36488],[2.14492,41.37178],[2.14867,41.37444],[2.14993,41.37488],[2.15612,41.37501],[2.15639,41.37526],[2.15546,41.37597],[2.15547,41.37618],[2.16358,41.38232],[2.16414,41.38542],[2.16494,41.38593],[2.16984,41.38566],[2.17047,41.38604],[2.17268,41.38835],[2.17348,41.38893],[2.17586,41.38895],[2.17754,41.39013],[2.17984,41.39098],[2.18316,41.38864],[2.18803,41.3922],[2.19332,41.38824],[2.19362,41.38821],[2.20117,41.39466],[2.20232,41.39404],[2.20529,41.39631],[2.20837,41.39929],[2.20714,41.40033],[2.21377,41.40532],[2.22136,41.41335],[2.22247,41.4129],[2.22282,41.41246],[2.22322,41.41252],[2.22331,41.41276],[2.22132,41.41355],[2.22024,41.41243]]}},{"type":"Feature","properties":{"id":"tmb-bus:V1","code":"V1","operator":"tmb","mode":"bus","color":"#6AB023","destination":"Av. Esplugues"},"geometry":{"type":"LineString","coordinates":[[2.12207,41.34605],[2.12159,41.34667],[2.12174,41.34697],[2.13049,41.35152],[2.12686,41.35445],[2.12679,41.35513],[2.1262,41.35543],[2.1256,41.35648],[2.12587,41.35767],[2.12491,41.35767],[2.121,41.36447],[2.12279,41.36515],[2.12361,41.36526],[2.1266,41.36451],[2.12763,41.36447],[2.13053,41.36499],[2.13089,41.36485],[2.13286,41.36564],[2.13047,41.36971],[2.12932,41.37066],[2.1273,41.37165],[2.12431,41.37356],[2.12333,41.37482],[2.12182,41.37558],[2.12178,41.37725],[2.12154,41.37794],[2.1207,41.37874],[2.11948,41.37945],[2.11898,41.38088],[2.11502,41.38132],[2.11372,41.38212],[2.11288,41.38295],[2.11232,41.38409],[2.11257,41.38442],[2.11248,41.38472],[2.11177,41.38486],[2.11074,41.38462],[2.11045,41.38507],[2.10612,41.38722],[2.1043,41.38509],[2.10533,41.38605]]}},{"type":"Feature","properties":{"id":"tmb-bus:V1","code":"V1","operator":"tmb","mode":"bus","color":"#6AB023","destination":"Districte Gran Via l'Hospitalet"},"geometry":{"type":"LineString","coordinates":[[2.10533,41.38605],[2.1063,41.38707],[2.11043,41.38502],[2.11105,41.38403],[2.11206,41.38415],[2.11308,41.38242],[2.1149,41.38118],[2.11866,41.38056],[2.11945,41.37918],[2.12046,41.37863],[2.12129,41.37786],[2.12174,41.37559],[2.12323,41.3748],[2.12425,41.3735],[2.12729,41.37159],[2.12937,41.37055],[2.13051,41.36959],[2.13163,41.36788],[2.13194,41.36678],[2.1306,41.36486],[2.12696,41.3626],[2.12512,41.36178],[2.12268,41.36098],[2.12477,41.35756],[2.12449,41.35623],[2.12555,41.3563],[2.12609,41.35539],[2.12606,41.35476],[2.12655,41.35457],[2.12996,41.35165],[2.13006,41.35138],[2.13198,41.34977],[2.13205,41.34952],[2.12291,41.34552],[2.12255,41.34552],[2.12207,41.34605]]}},{"type":"Feature","properties":{"id":"tmb-bus:V3","code":"V3","operator":"tmb","mode":"bus","color":"#6AB023","destination":"Can Caralleu"},"geometry":{"type":"LineString","coordinates":[[2.14275,41.34547],[2.14177,41.34583],[2.14164,41.34632],[2.1435,41.34725],[2.14551,41.34781],[2.14777,41.34714],[2.14815,41.34715],[2.14826,41.34738],[2.14784,41.3482],[2.13415,41.3672],[2.13208,41.37134],[2.12922,41.37935],[2.12738,41.38604],[2.12754,41.38788],[2.12826,41.38815],[2.12795,41.38908],[2.12817,41.3898],[2.12937,41.39193],[2.13015,41.39231],[2.13022,41.39258],[2.12983,41.39269],[2.12937,41.39242],[2.12713,41.39186],[2.12554,41.39501],[2.12135,41.39279],[2.12106,41.39408],[2.12005,41.39565],[2.12033,41.39697],[2.11878,41.39849],[2.11826,41.39887],[2.11697,41.39936],[2.11583,41.40029],[2.11466,41.40073],[2.1142,41.40144],[2.11385,41.40138],[2.11323,41.4005],[2.11247,41.40048],[2.111,41.40184],[2.11113,41.40206],[2.11164,41.40199]]}},{"type":"Feature","properties":{"id":"tmb-bus:V3","code":"V3","operator":"tmb","mode":"bus","color":"#6AB023","destination":"Zona Franca"},"geometry":{"type":"LineString","coordinates":[[2.11164,41.40199],[2.11571,41.40027],[2.11701,41.39925],[2.11834,41.39873],[2.12018,41.39705],[2.12029,41.39676],[2.11998,41.39616],[2.11999,41.39556],[2.12102,41.39404],[2.12133,41.39276],[2.12451,41.39427],[2.125,41.39259],[2.12706,41.38804],[2.12702,41.38523],[2.12883,41.37944],[2.12858,41.37937],[2.12831,41.37961],[2.12852,41.37985],[2.12887,41.37971],[2.13283,41.36865],[2.13503,41.36534],[2.13488,41.36452],[2.13365,41.36357],[2.13404,41.36339],[2.13527,41.36429],[2.13568,41.36431],[2.13611,41.36396],[2.14701,41.34882],[2.14684,41.34646],[2.14587,41.34484],[2.14505,41.34466],[2.14275,41.34547]]}},{"type":"Feature","properties":{"id":"tmb-bus:V5","code":"V5","operator":"tmb","mode":"bus","color":"#6AB023","destination":"Pedralbes"},"geometry":{"type":"LineString","coordinates":[[2.14274,41.35529],[2.14202,41.35633],[2.14298,41.35697],[2.14473,41.35918],[2.14419,41.35965],[2.14152,41.36109],[2.14015,41.36272],[2.13943,41.364],[2.13912,41.36519],[2.13974,41.36572],[2.14012,41.36722],[2.13926,41.36788],[2.13747,41.36984],[2.1378,41.37008],[2.13659,41.37296],[2.13609,41.37586],[2.13755,41.3771],[2.13927,41.37783],[2.13938,41.37801],[2.13843,41.37887],[2.13465,41.38455],[2.13445,41.38463],[2.13224,41.38403],[2.13186,41.38465],[2.13156,41.3847],[2.12833,41.3827],[2.12759,41.38482],[2.12737,41.38623],[2.12754,41.38787],[2.12823,41.38816],[2.12807,41.38851],[2.12342,41.38741],[2.12293,41.3877],[2.12202,41.38778],[2.11335,41.39443],[2.11278,41.3945],[2.11151,41.39383],[2.11035,41.39375]]}},{"type":"Feature","properties":{"id":"tmb-bus:V5","code":"V5","operator":"tmb","mode":"bus","color":"#6AB023","destination":"Mare de Déu de Port"},"geometry":{"type":"LineString","coordinates":[[2.11035,41.39375],[2.10982,41.394],[2.10957,41.39385],[2.10971,41.39367],[2.11028,41.39367],[2.1118,41.3927],[2.11232,41.39414],[2.1129,41.39439],[2.11347,41.39428],[2.12202,41.38768],[2.122,41.38706],[2.1222,41.38684],[2.12703,41.38794],[2.12699,41.38539],[2.12786,41.3824],[2.12819,41.38233],[2.13089,41.38403],[2.13424,41.37651],[2.13507,41.3754],[2.13611,41.37539],[2.13611,41.3759],[2.13743,41.37702],[2.14037,41.37814],[2.14152,41.37888],[2.14282,41.38013],[2.14688,41.37714],[2.14322,41.37531],[2.14255,41.37522],[2.14234,41.36998],[2.13755,41.36645],[2.13867,41.36556],[2.13892,41.36513],[2.13992,41.36093],[2.14291,41.35891],[2.14356,41.35803],[2.14402,41.35686],[2.14612,41.35538],[2.1453,41.35486],[2.14353,41.35433],[2.14274,41.35529]]}},{"type":"Feature","properties":{"id":"tmb-bus:V7","code":"V7","operator":"tmb","mode":"bus","color":"#6AB023","destination":"Sarrià"},"geometry":{"type":"LineString","coordinates":[[2.15025,41.37816],[2.15155,41.37711],[2.14931,41.37554],[2.14295,41.38015],[2.14428,41.38079],[2.14432,41.381],[2.14026,41.38403],[2.13636,41.38743],[2.13635,41.38768],[2.13182,41.39229],[2.12979,41.39273],[2.12569,41.39578],[2.1261,41.39638],[2.12764,41.3974],[2.12762,41.39773],[2.12623,41.39817],[2.12249,41.40128],[2.11979,41.40279],[2.1186,41.40398],[2.11809,41.40489],[2.11756,41.40484],[2.1174,41.40444],[2.11656,41.40366],[2.11458,41.40389]]}},{"type":"Feature","properties":{"id":"tmb-bus:V7","code":"V7","operator":"tmb","mode":"bus","color":"#6AB023","destination":"Pl. Espanya"},"geometry":{"type":"LineString","coordinates":[[2.11458,41.40389],[2.11422,41.40381],[2.11668,41.40364],[2.11752,41.40434],[2.11779,41.40434],[2.11995,41.40241],[2.12221,41.40102],[2.1238,41.39959],[2.12613,41.39805],[2.12762,41.39767],[2.12755,41.39741],[2.12595,41.39631],[2.12564,41.39574],[2.12958,41.39282],[2.12961,41.39234],[2.13015,41.39216],[2.13514,41.38687],[2.13885,41.38334],[2.1418,41.38089],[2.14308,41.38025],[2.14491,41.3789],[2.14722,41.38042],[2.15025,41.37816]]}},{"type":"Feature","properties":{"id":"tmb-bus:V9","code":"V9","operator":"tmb","mode":"bus","color":"#6AB023","destination":"Poble-sec"},"geometry":{"type":"LineString","coordinates":[[2.12069,41.40547],[2.12826,41.39775],[2.13265,41.3977],[2.13284,41.39688],[2.13378,41.39589],[2.13398,41.39533],[2.13451,41.39514],[2.13576,41.39221],[2.13737,41.39068],[2.14398,41.39226],[2.14303,41.38873],[2.14341,41.38873],[2.14364,41.38967],[2.14388,41.38975],[2.16278,41.37552]]}},{"type":"Feature","properties":{"id":"tmb-bus:V9","code":"V9","operator":"tmb","mode":"bus","color":"#6AB023","destination":"Sarrià"},"geometry":{"type":"LineString","coordinates":[[2.16278,41.37552],[2.16314,41.37505],[2.15645,41.37509],[2.14228,41.38592],[2.13691,41.39099],[2.1358,41.39236],[2.13452,41.39535],[2.13643,41.39633],[2.1354,41.39775],[2.13186,41.39792],[2.12233,41.40755],[2.1201,41.40601],[2.12069,41.40547]]}},{"type":"Feature","properties":{"id":"tmb-bus:V11","code":"V11","operator":"tmb","mode":"bus","color":"#6AB023","destination":"Bonanova"},"geometry":{"type":"LineString","coordinates":[[2.17977,41.37243],[2.17994,41.37229],[2.17966,41.37206],[2.17685,41.37323],[2.17693,41.37405],[2.17641,41.37447],[2.17466,41.37474],[2.16796,41.37507],[2.15402,41.3856],[2.15612,41.38742],[2.15413,41.38892],[2.15295,41.39013],[2.15151,41.39092],[2.14698,41.39435],[2.14701,41.39473],[2.14239,41.39836],[2.13955,41.39786],[2.13532,41.39789],[2.13007,41.40469],[2.13137,41.40541],[2.13271,41.4042]]}},{"type":"Feature","properties":{"id":"tmb-bus:V11","code":"V11","operator":"tmb","mode":"bus","color":"#6AB023","destination":"Estació Marítima (WTC)"},"geometry":{"type":"LineString","coordinates":[[2.13271,41.4042],[2.13576,41.40138],[2.13602,41.40086],[2.13609,41.39931],[2.13867,41.39925],[2.13877,41.39779],[2.13991,41.39777],[2.14243,41.39547],[2.14552,41.39305],[2.14644,41.39295],[2.16312,41.38038],[2.16298,41.37852],[2.16103,41.37693],[2.16314,41.37525],[2.16323,41.37494],[2.16999,41.37487],[2.17522,41.37454],[2.1755,41.37438],[2.17547,41.37374],[2.17582,41.37337],[2.17638,41.37329],[2.17719,41.3737],[2.17977,41.37243]]}},{"type":"Feature","properties":{"id":"tmb-bus:V13","code":"V13","operator":"tmb","mode":"bus","color":"#6AB023","destination":"Pl. Catalunya"},"geometry":{"type":"LineString","coordinates":[[2.13439,41.41373],[2.1368,41.4104],[2.13564,41.40991],[2.13436,41.40875],[2.13423,41.40763],[2.13334,41.40631],[2.13503,41.40533],[2.13776,41.40288],[2.14513,41.39739],[2.1435,41.39608],[2.1461,41.39404],[2.14818,41.39508],[2.16184,41.38477],[2.16221,41.38481],[2.1653,41.38711],[2.16744,41.38577],[2.16984,41.38566],[2.17002,41.38593],[2.1695,41.38654]]}},{"type":"Feature","properties":{"id":"tmb-bus:V13","code":"V13","operator":"tmb","mode":"bus","color":"#6AB023","destination":"Av. Tibidabo"},"geometry":{"type":"LineString","coordinates":[[2.1695,41.38654],[2.16859,41.38746],[2.1649,41.38609],[2.16357,41.38526],[2.14955,41.39579],[2.1449,41.39987],[2.14225,41.39849],[2.13908,41.40108],[2.13849,41.40136],[2.13651,41.40136],[2.13582,41.40151],[2.13148,41.40547],[2.13375,41.40663],[2.13439,41.40766],[2.13443,41.40867],[2.13553,41.40973],[2.13711,41.41019],[2.13351,41.41504],[2.13294,41.41515],[2.13162,41.41434],[2.1318,41.41411],[2.13381,41.41443],[2.13439,41.41373]]}},{"type":"Feature","properties":{"id":"tmb-bus:V13","code":"V13","operator":"tmb","mode":"bus","color":"#6AB023","destination":"Pl. Kennedy"},"geometry":{"type":"LineString","coordinates":[[2.1695,41.38654],[2.16859,41.38746],[2.1649,41.38609],[2.16357,41.38526],[2.14955,41.39579],[2.1449,41.39987],[2.14225,41.39849],[2.13908,41.40108],[2.13849,41.40136],[2.13586,41.40148],[2.13148,41.40547],[2.13373,41.40661],[2.13439,41.40766],[2.13443,41.40867],[2.1356,41.40978],[2.13622,41.40999]]}},{"type":"Feature","properties":{"id":"tmb-bus:V15","code":"V15","operator":"tmb","mode":"bus","color":"#6AB023","destination":"Av. Tibidabo"},"geometry":{"type":"LineString","coordinates":[[2.1879,41.36915],[2.18802,41.36979],[2.18767,41.37031],[2.18767,41.37074],[2.18812,41.37353],[2.18888,41.37501],[2.18897,41.37581],[2.18646,41.38201],[2.1836,41.38313],[2.18225,41.38151],[2.18205,41.3815],[2.17249,41.38877],[2.17015,41.38811],[2.15957,41.39659],[2.15584,41.39568],[2.15497,41.39687],[2.15097,41.40067],[2.14947,41.40119],[2.14757,41.40126],[2.14505,41.40267],[2.14321,41.40327],[2.13987,41.40498],[2.13932,41.40555],[2.13729,41.40952],[2.13723,41.41018],[2.13801,41.41066],[2.13829,41.41118],[2.13768,41.41391],[2.13831,41.41466],[2.13831,41.4151],[2.13743,41.41594],[2.13688,41.41614],[2.13445,41.4152]]}},{"type":"Feature","properties":{"id":"tmb-bus:V15","code":"V15","operator":"tmb","mode":"bus","color":"#6AB023","destination":"Barceloneta"},"geometry":{"type":"LineString","coordinates":[[2.13445,41.4152],[2.13363,41.41477],[2.13679,41.41046],[2.13671,41.40992],[2.1372,41.40947],[2.13951,41.40513],[2.1431,41.40321],[2.14499,41.40258],[2.1502,41.39937],[2.15248,41.397],[2.16706,41.3859],[2.16938,41.38559],[2.16998,41.38571],[2.17155,41.38701],[2.17279,41.38838],[2.18262,41.38097],[2.18329,41.38083],[2.18533,41.38153],[2.18681,41.38082],[2.18885,41.37567],[2.18812,41.37379],[2.18761,41.37068],[2.18776,41.37006],[2.18732,41.36771],[2.18745,41.36758],[2.18763,41.36767],[2.1879,41.36915]]}},{"type":"Feature","properties":{"id":"tmb-bus:V17","code":"V17","operator":"tmb","mode":"bus","color":"#6AB023","destination":"Port Vell"},"geometry":{"type":"LineString","coordinates":[[2.14176,41.42343],[2.14264,41.42459],[2.1461,41.4242],[2.14722,41.4244],[2.14838,41.42542],[2.14855,41.42668],[2.14817,41.42684],[2.14611,41.42676],[2.14425,41.42732],[2.14329,41.42743],[2.13829,41.41718],[2.13781,41.4167],[2.13623,41.41593],[2.13604,41.41555],[2.13615,41.41519],[2.14079,41.41175],[2.14465,41.41133],[2.14549,41.41088],[2.14755,41.40807],[2.14999,41.40602],[2.14992,41.40538],[2.1503,41.40429],[2.14994,41.40378],[2.14987,41.40313],[2.15111,41.40142],[2.151,41.40051],[2.15481,41.39675],[2.15563,41.39562],[2.15597,41.39558],[2.16144,41.39695],[2.17267,41.38852],[2.17348,41.38893],[2.17586,41.38895],[2.17754,41.39013],[2.17984,41.39098],[2.18289,41.38873],[2.18239,41.38803],[2.18563,41.38554],[2.18328,41.38266],[2.18338,41.38247],[2.18483,41.38177],[2.18416,41.38115],[2.18316,41.3808],[2.1836,41.37951],[2.18303,41.37861],[2.1835,41.37732],[2.18176,41.37492],[2.18235,41.37574]]}},{"type":"Feature","properties":{"id":"tmb-bus:V17","code":"V17","operator":"tmb","mode":"bus","color":"#6AB023","destination":"Vall d'Hebron"},"geometry":{"type":"LineString","coordinates":[[2.18235,41.37574],[2.18356,41.3773],[2.18309,41.37864],[2.18367,41.37953],[2.18323,41.38078],[2.18547,41.38159],[2.1863,41.38207],[2.1854,41.38231],[2.18391,41.38308],[2.1859,41.38553],[2.18262,41.3881],[2.18383,41.38925],[2.18056,41.3916],[2.17948,41.39154],[2.17369,41.38947],[2.16314,41.39747],[2.15582,41.39569],[2.15504,41.3968],[2.15129,41.40061],[2.1512,41.40152],[2.14998,41.40318],[2.15043,41.40431],[2.15003,41.40539],[2.15008,41.40608],[2.14959,41.40657],[2.15001,41.40729],[2.14875,41.40876],[2.14809,41.40893],[2.14483,41.41134],[2.14099,41.41174],[2.13997,41.41239],[2.13849,41.41139],[2.13831,41.41143],[2.13768,41.41391],[2.13837,41.41495],[2.1377,41.41577],[2.13873,41.4169],[2.14176,41.42343]]}},{"type":"Feature","properties":{"id":"tmb-bus:V19","code":"V19","operator":"tmb","mode":"bus","color":"#6AB023","destination":"Barceloneta"},"geometry":{"type":"LineString","coordinates":[[2.13525,41.41555],[2.13364,41.41484],[2.13386,41.41448],[2.1363,41.41503],[2.14079,41.41175],[2.14319,41.41147],[2.14425,41.41295],[2.14486,41.41337],[2.14485,41.41461],[2.14683,41.41573],[2.14784,41.4182],[2.14831,41.41863],[2.14923,41.4203],[2.15182,41.42013],[2.15268,41.42099],[2.1534,41.42111],[2.1539,41.42091],[2.15521,41.41975],[2.15656,41.41959],[2.15745,41.41806],[2.15913,41.41663],[2.15883,41.41658],[2.15742,41.41778],[2.15662,41.41769],[2.15634,41.41737],[2.15647,41.41664],[2.15605,41.41602],[2.15521,41.41566],[2.15524,41.41521],[2.15589,41.41512],[2.15719,41.41596],[2.15772,41.41598],[2.15873,41.41479],[2.15954,41.4142],[2.16035,41.41388],[2.1613,41.41397],[2.16129,41.41347],[2.16231,41.41234],[2.16458,41.41162],[2.16307,41.40612],[2.16275,41.40566],[2.16336,41.40489],[2.16275,41.40431],[2.17476,41.3954],[2.17502,41.39452],[2.17624,41.39428],[2.17975,41.39163],[2.18004,41.39088],[2.1829,41.38871],[2.18238,41.38804],[2.18563,41.38557],[2.18327,41.38263],[2.18693,41.3807],[2.1888,41.37604],[2.18879,41.37517],[2.18812,41.37379],[2.18738,41.36796]]}},{"type":"Feature","properties":{"id":"tmb-bus:V19","code":"V19","operator":"tmb","mode":"bus","color":"#6AB023","destination":"Pl. Alfonso Comín"},"geometry":{"type":"LineString","coordinates":[[2.18738,41.36796],[2.18732,41.36768],[2.18753,41.36758],[2.18802,41.36976],[2.18765,41.37044],[2.18812,41.37353],[2.18888,41.37501],[2.18897,41.37581],[2.18665,41.38182],[2.18391,41.38308],[2.18589,41.38561],[2.18262,41.3881],[2.18383,41.38925],[2.18077,41.39154],[2.17996,41.39163],[2.17635,41.39436],[2.17603,41.39527],[2.17481,41.39551],[2.16319,41.4045],[2.16356,41.40496],[2.16308,41.40557],[2.16469,41.41157],[2.16293,41.41432],[2.16157,41.41383],[2.16117,41.41409],[2.16053,41.4139],[2.16012,41.41398],[2.15894,41.41465],[2.15761,41.41606],[2.15717,41.416],[2.15592,41.41517],[2.15532,41.4152],[2.15523,41.41563],[2.1561,41.41601],[2.15659,41.41663],[2.15639,41.41736],[2.15663,41.41765],[2.15736,41.41775],[2.15884,41.4165],[2.1591,41.41649],[2.15919,41.41669],[2.15751,41.41806],[2.15661,41.41962],[2.15619,41.41979],[2.15528,41.41978],[2.15388,41.421],[2.1532,41.42117],[2.15266,41.42105],[2.15166,41.42019],[2.14919,41.42034],[2.14827,41.41865],[2.1478,41.41821],[2.1468,41.4158],[2.14484,41.41466],[2.14479,41.41349],[2.14417,41.41295],[2.14315,41.41151],[2.14099,41.41174],[2.13997,41.41239],[2.13838,41.41137],[2.13768,41.41391],[2.13834,41.41472],[2.13822,41.41524],[2.13697,41.41613],[2.13525,41.41555]]}},{"type":"Feature","properties":{"id":"tmb-bus:V19","code":"V19","operator":"tmb","mode":"bus","color":"#6AB023","destination":"Verdaguer"},"geometry":{"type":"LineString","coordinates":[[2.18738,41.36796],[2.18732,41.36768],[2.18753,41.36758],[2.18802,41.36976],[2.18765,41.37044],[2.18812,41.37353],[2.18888,41.37501],[2.18895,41.37593],[2.18665,41.38182],[2.18391,41.38308],[2.1859,41.38553],[2.18262,41.3881],[2.18386,41.3892],[2.18077,41.39154],[2.17996,41.39163],[2.17635,41.39436],[2.17603,41.39527],[2.17481,41.39551],[2.16821,41.40069]]}},{"type":"Feature","properties":{"id":"tmb-bus:V19","code":"V19","operator":"tmb","mode":"bus","color":"#6AB023","destination":"Vallcarca"},"geometry":{"type":"LineString","coordinates":[[2.16561,41.41196],[2.16444,41.412],[2.16291,41.41433],[2.16157,41.41383],[2.16117,41.41409],[2.16053,41.4139],[2.16012,41.41398],[2.1588,41.41476],[2.15771,41.41603],[2.15717,41.416],[2.15585,41.41515],[2.15532,41.4152],[2.15523,41.41563],[2.1561,41.41601],[2.15659,41.41663],[2.15639,41.41736],[2.15663,41.41765],[2.15736,41.41775],[2.15884,41.4165],[2.1591,41.41649],[2.15919,41.41669],[2.15751,41.41806],[2.15661,41.41962],[2.15619,41.41979],[2.15528,41.41978],[2.15388,41.421],[2.15313,41.42117],[2.15266,41.42105],[2.15166,41.42019],[2.14919,41.42034],[2.14827,41.41865],[2.1478,41.41821],[2.14676,41.41574],[2.14478,41.41457],[2.14479,41.41349],[2.14417,41.41295],[2.14325,41.41158],[2.14398,41.41139]]}},{"type":"Feature","properties":{"id":"tmb-bus:V21","code":"V21","operator":"tmb","mode":"bus","color":"#6AB023","destination":"Pg. Marítim"},"geometry":{"type":"LineString","coordinates":[[2.14148,41.43304],[2.14161,41.43318],[2.14152,41.43264],[2.14522,41.43165],[2.1433,41.42748],[2.14368,41.42728],[2.14611,41.4321],[2.14676,41.43216],[2.15083,41.43112],[2.15155,41.43256],[2.15241,41.43316],[2.15291,41.43309],[2.15395,41.43144],[2.15646,41.42957],[2.15703,41.42884],[2.15848,41.42248],[2.15937,41.42062],[2.16089,41.41882],[2.16378,41.41662],[2.16502,41.41542],[2.16685,41.41311],[2.16672,41.41196],[2.18103,41.40111],[2.18107,41.4009],[2.17997,41.39998],[2.18657,41.39496],[2.18675,41.39465],[2.19429,41.38911],[2.19351,41.38812],[2.19675,41.38562],[2.19591,41.38491]]}},{"type":"Feature","properties":{"id":"tmb-bus:V21","code":"V21","operator":"tmb","mode":"bus","color":"#6AB023","destination":"Montbau"},"geometry":{"type":"LineString","coordinates":[[2.19591,41.38491],[2.19565,41.38484],[2.19435,41.38589],[2.19655,41.38757],[2.19657,41.38796],[2.19585,41.38813],[2.18734,41.39455],[2.18707,41.39495],[2.1866,41.39511],[2.17893,41.40092],[2.17692,41.40262],[2.17692,41.40288],[2.17872,41.4043],[2.17873,41.40455],[2.16873,41.41217],[2.16755,41.41285],[2.16629,41.41411],[2.16474,41.41645],[2.15998,41.42083],[2.15904,41.42219],[2.15842,41.42366],[2.15851,41.42475],[2.15777,41.42835],[2.15672,41.42949],[2.15641,41.43043],[2.15553,41.43055],[2.15411,41.43149],[2.15298,41.43333],[2.15294,41.43375],[2.15258,41.43388],[2.15224,41.43374],[2.15207,41.43313],[2.15118,41.43224],[2.15076,41.43117],[2.14726,41.43209],[2.14768,41.43359],[2.14714,41.43363],[2.14662,41.43294],[2.14554,41.43325],[2.14537,41.43345],[2.14551,41.43369],[2.14595,41.43373],[2.14611,41.43351],[2.14446,41.43002],[2.14211,41.42911],[2.13943,41.42981],[2.14025,41.43052],[2.14148,41.43304]]}},{"type":"Feature","properties":{"id":"tmb-bus:V23","code":"V23","operator":"tmb","mode":"bus","color":"#6AB023","destination":"Nova Icària"},"geometry":{"type":"LineString","coordinates":[[2.14818,41.43512],[2.14801,41.43534],[2.14837,41.4357],[2.15017,41.43686],[2.15129,41.43729],[2.15216,41.43723],[2.15281,41.4367],[2.1535,41.43564],[2.15219,41.43343],[2.15291,41.43309],[2.1539,41.4315],[2.15546,41.43041],[2.15645,41.42928],[2.15653,41.42891],[2.15921,41.42963],[2.16199,41.42953],[2.16358,41.42805],[2.16354,41.42786],[2.15918,41.42607],[2.15784,41.42528],[2.15776,41.42481],[2.15818,41.42303],[2.16176,41.42386],[2.16732,41.42465],[2.16901,41.42407],[2.16942,41.42499],[2.16842,41.42594],[2.16867,41.42629],[2.17139,41.42545],[2.17172,41.4245],[2.172,41.42211],[2.17267,41.4218],[2.1729,41.42145],[2.17304,41.42013],[2.17102,41.41714],[2.1694,41.41563],[2.16928,41.41522],[2.1695,41.41481],[2.17098,41.41377],[2.17431,41.41627],[2.17747,41.41392],[2.17754,41.41365],[2.1756,41.41217],[2.17556,41.41195],[2.18097,41.40777],[2.17901,41.40621],[2.179,41.40594],[2.20009,41.39017],[2.20122,41.39099],[2.20382,41.39218],[2.20119,41.39429]]}},{"type":"Feature","properties":{"id":"tmb-bus:V23","code":"V23","operator":"tmb","mode":"bus","color":"#6AB023","destination":"Can Marcet"},"geometry":{"type":"LineString","coordinates":[[2.20119,41.39429],[2.17681,41.41282],[2.17649,41.41285],[2.17424,41.41131],[2.17134,41.41348],[2.17237,41.41436],[2.17194,41.41474],[2.1707,41.414],[2.1696,41.41481],[2.16937,41.41516],[2.16943,41.41556],[2.17107,41.4171],[2.1718,41.41826],[2.17111,41.4186],[2.17152,41.4193],[2.17082,41.4197],[2.17049,41.42022],[2.17057,41.4211],[2.16907,41.42129],[2.16965,41.42278],[2.1692,41.42344],[2.16767,41.42408],[2.1625,41.42336],[2.16225,41.42246],[2.15964,41.42198],[2.15912,41.42139],[2.15853,41.42169],[2.15819,41.42299],[2.15901,41.42328],[2.15858,41.42424],[2.1578,41.4283],[2.15672,41.42949],[2.15648,41.43036],[2.15613,41.43057],[2.15553,41.43055],[2.15417,41.43143],[2.15287,41.4338],[2.15219,41.43386],[2.15133,41.43435],[2.14926,41.43457],[2.14818,41.43512]]}},{"type":"Feature","properties":{"id":"tmb-bus:V25","code":"V25","operator":"tmb","mode":"bus","color":"#6AB023","destination":"Nova Icària"},"geometry":{"type":"LineString","coordinates":[[2.1545,41.43987],[2.15317,41.4365],[2.1535,41.43559],[2.15306,41.4349],[2.1544,41.43203],[2.15502,41.43147],[2.15586,41.4312],[2.15642,41.4308],[2.15644,41.4305],[2.15583,41.43055],[2.15559,41.43025],[2.15645,41.42928],[2.15653,41.42891],[2.15921,41.42963],[2.16199,41.42953],[2.16394,41.42791],[2.16978,41.42716],[2.17605,41.4254],[2.18057,41.42051],[2.18084,41.41972],[2.18677,41.4153],[2.1867,41.40516],[2.18875,41.40364],[2.1923,41.40441],[2.20231,41.39681],[2.20092,41.39545],[2.20097,41.39499],[2.2016,41.39444]]}},{"type":"Feature","properties":{"id":"tmb-bus:V25","code":"V25","operator":"tmb","mode":"bus","color":"#6AB023","destination":"Horta"},"geometry":{"type":"LineString","coordinates":[[2.2016,41.39444],[2.20236,41.39406],[2.20533,41.39648],[2.20376,41.39721],[2.20338,41.39777],[2.19375,41.40506],[2.18862,41.40389],[2.18716,41.40496],[2.18697,41.41383],[2.18617,41.41413],[2.18065,41.41828],[2.18094,41.41995],[2.1808,41.42041],[2.17616,41.42541],[2.17,41.42722],[2.16397,41.42799],[2.16198,41.42961],[2.15936,41.42972],[2.15777,41.42934],[2.15693,41.42977],[2.1563,41.4305],[2.15553,41.43055],[2.15417,41.43143],[2.15298,41.43333],[2.15283,41.43397],[2.15389,41.43566],[2.15338,41.43691],[2.15481,41.44058],[2.15509,41.44078],[2.15492,41.441],[2.15462,41.44087],[2.15477,41.44058],[2.1545,41.43987]]}},{"type":"Feature","properties":{"id":"tmb-bus:V27","code":"V27","operator":"tmb","mode":"bus","color":"#6AB023","destination":"Canyelles"},"geometry":{"type":"LineString","coordinates":[[2.19632,41.38521],[2.19569,41.38482],[2.19436,41.38583],[2.19665,41.38774],[2.19653,41.38799],[2.19585,41.38813],[2.19472,41.38909],[2.20117,41.39466],[2.20232,41.39404],[2.20529,41.39631],[2.20837,41.39929],[2.20714,41.40033],[2.21031,41.40279],[2.17735,41.42774],[2.17731,41.43028],[2.16589,41.43056],[2.16437,41.43102],[2.16374,41.43147],[2.16328,41.43211],[2.16317,41.43267],[2.16389,41.43531],[2.16448,41.43658],[2.16632,41.43923],[2.16347,41.43967],[2.16321,41.44051],[2.16256,41.44089],[2.16238,41.44134],[2.16153,41.44184],[2.16227,41.44275],[2.1622,41.44349],[2.16344,41.44367],[2.16718,41.44495],[2.16896,41.44457],[2.1696,41.44409],[2.17022,41.44424]]}},{"type":"Feature","properties":{"id":"tmb-bus:V27","code":"V27","operator":"tmb","mode":"bus","color":"#6AB023","destination":"Pg. Marítim"},"geometry":{"type":"LineString","coordinates":[[2.17022,41.44424],[2.1711,41.44447],[2.17142,41.44364],[2.16378,41.44078],[2.16221,41.44084],[2.16161,41.44053],[2.16153,41.43987],[2.1621,41.43946],[2.163,41.43951],[2.16614,41.43915],[2.16447,41.43675],[2.16356,41.43469],[2.16301,41.4327],[2.1637,41.43144],[2.1651,41.43068],[2.16634,41.4304],[2.17428,41.43027],[2.17435,41.42887],[2.17485,41.42798],[2.17658,41.42822],[2.18438,41.42226],[2.18558,41.42297],[2.18677,41.42284],[2.18677,41.42054],[2.18582,41.41975],[2.18581,41.41948],[2.21031,41.40098],[2.20832,41.39935],[2.20615,41.39719],[2.20535,41.39652],[2.20501,41.39651],[2.20193,41.39384],[2.20091,41.3945],[2.2006,41.39448],[2.19356,41.3883],[2.19356,41.38804],[2.19673,41.38564],[2.19632,41.38521]]}},{"type":"Feature","properties":{"id":"tmb-bus:V29","code":"V29","operator":"tmb","mode":"bus","color":"#6AB023","destination":"Diagonal Mar"},"geometry":{"type":"LineString","coordinates":[[2.17625,41.44848],[2.17649,41.44866],[2.17747,41.4487],[2.17812,41.44947],[2.17925,41.44952],[2.1801,41.45008],[2.18054,41.44991],[2.18117,41.45002],[2.18176,41.44988],[2.18275,41.45021],[2.1834,41.45],[2.18094,41.44787],[2.17951,41.4463],[2.17723,41.44575],[2.17398,41.44457],[2.17533,41.44273],[2.17703,41.44127],[2.17469,41.43864],[2.17431,41.4385],[2.17409,41.43777],[2.17204,41.43537],[2.17463,41.43063],[2.17435,41.43024],[2.17432,41.42907],[2.17481,41.42801],[2.17646,41.42824],[2.17649,41.42865],[2.18404,41.42861],[2.18435,41.42819],[2.18389,41.42274],[2.18445,41.42223],[2.18558,41.42297],[2.19131,41.42239],[2.19175,41.42267],[2.19182,41.4239],[2.19368,41.42396],[2.19566,41.42357],[2.19572,41.4227],[2.19602,41.4223],[2.19858,41.42166],[2.20124,41.41971],[2.19803,41.41712],[2.19837,41.41709],[2.19938,41.41649],[2.19995,41.41604],[2.20015,41.41545],[2.2148,41.40444],[2.21596,41.40375],[2.21921,41.40626],[2.21533,41.40927]]}},{"type":"Feature","properties":{"id":"tmb-bus:V29","code":"V29","operator":"tmb","mode":"bus","color":"#6AB023","destination":"Roquetes"},"geometry":{"type":"LineString","coordinates":[[2.21533,41.40927],[2.19859,41.42206],[2.19792,41.42198],[2.19608,41.42236],[2.19579,41.42272],[2.19585,41.42333],[2.19562,41.42365],[2.19366,41.42403],[2.19112,41.42391],[2.191,41.42253],[2.18705,41.42295],[2.18666,41.42504],[2.18333,41.43022],[2.17476,41.43039],[2.17213,41.43534],[2.17444,41.43807],[2.17493,41.43824],[2.17482,41.43862],[2.17512,41.43901],[2.17311,41.44087],[2.17273,41.44202],[2.17152,41.44371],[2.17129,41.44438],[2.17243,41.44557],[2.17281,41.44662],[2.17625,41.44848]]}},{"type":"Feature","properties":{"id":"tmb-bus:V31","code":"V31","operator":"tmb","mode":"bus","color":"#6AB023","destination":"Trinitat Vella"},"geometry":{"type":"LineString","coordinates":[[2.21857,41.41215],[2.20981,41.41872],[2.20907,41.41955],[2.2029,41.424],[2.20369,41.4248],[2.20127,41.42665],[2.19999,41.42582],[2.20019,41.42539],[2.19851,41.42339],[2.19833,41.42219],[2.19806,41.42199],[2.19612,41.42233],[2.19578,41.42276],[2.19582,41.42344],[2.19553,41.42369],[2.19366,41.42402],[2.19175,41.42404],[2.19163,41.42769],[2.19364,41.42815],[2.19522,41.42822],[2.19574,41.42949],[2.19397,41.43206],[2.19283,41.43313],[2.19128,41.43634],[2.19041,41.44861],[2.18973,41.44881],[2.18968,41.44983],[2.18919,41.45081],[2.18916,41.45255],[2.18931,41.45331],[2.19042,41.45413],[2.19037,41.4547],[2.19089,41.45499],[2.19159,41.455],[2.19197,41.45485],[2.19206,41.45444],[2.19254,41.45458],[2.19397,41.45383],[2.19422,41.45352],[2.19371,41.45217],[2.19311,41.45168],[2.19217,41.45031],[2.19235,41.44995],[2.19293,41.44961],[2.19318,41.4487],[2.18978,41.44872],[2.18968,41.44811]]}},{"type":"Feature","properties":{"id":"tmb-bus:V31","code":"V31","operator":"tmb","mode":"bus","color":"#6AB023","destination":"Fòrum"},"geometry":{"type":"LineString","coordinates":[[2.18968,41.44811],[2.18971,41.44719],[2.18854,41.44475],[2.18883,41.44461],[2.19034,41.44514],[2.19056,41.44504],[2.19117,41.4364],[2.19218,41.43407],[2.19245,41.43403],[2.19329,41.43447],[2.19486,41.43266],[2.19543,41.43166],[2.1959,41.43006],[2.18975,41.4301],[2.19086,41.42755],[2.19115,41.42244],[2.19174,41.42264],[2.19177,41.42388],[2.1936,41.42396],[2.19566,41.42357],[2.19573,41.42266],[2.19606,41.42235],[2.1982,41.42395],[2.19893,41.42368],[2.20033,41.42537],[2.2069,41.42041],[2.20832,41.41911],[2.20975,41.41825],[2.21898,41.41122],[2.21938,41.41118],[2.2195,41.4115],[2.21857,41.41215]]}},{"type":"Feature","properties":{"id":"tmb-bus:V33","code":"V33","operator":"tmb","mode":"bus","color":"#6AB023","destination":"Fòrum Campus Besòs"},"geometry":{"type":"LineString","coordinates":[[2.21494,41.44765],[2.2137,41.45059],[2.21305,41.45052],[2.20904,41.45116],[2.20666,41.45094],[2.19765,41.44782],[2.19752,41.44763],[2.1993,41.44471],[2.20031,41.43927],[2.20358,41.43956],[2.20407,41.43881],[2.20433,41.43623],[2.20593,41.43404],[2.20607,41.43299],[2.20631,41.43277],[2.20592,41.43211],[2.21207,41.42896],[2.21153,41.42794],[2.20899,41.42534],[2.20955,41.42432],[2.21091,41.42344],[2.21145,41.42232],[2.21287,41.42119],[2.21063,41.41931],[2.21411,41.41667],[2.21702,41.41878],[2.22049,41.41401],[2.22246,41.4129],[2.22276,41.41249],[2.22327,41.41256],[2.22316,41.41291],[2.22251,41.41298],[2.22094,41.41382]]}},{"type":"Feature","properties":{"id":"tmb-bus:V33","code":"V33","operator":"tmb","mode":"bus","color":"#6AB023","destination":"Santa Coloma"},"geometry":{"type":"LineString","coordinates":[[2.22094,41.41382],[2.21711,41.41904],[2.21399,41.41679],[2.21411,41.41667],[2.21424,41.41684],[2.21076,41.4194],[2.21298,41.42122],[2.21153,41.42234],[2.21096,41.42352],[2.20959,41.42443],[2.20938,41.42518],[2.21127,41.42711],[2.2124,41.4287],[2.21217,41.42878],[2.21179,41.42849],[2.21095,41.42892],[2.21116,41.42967],[2.20614,41.43216],[2.20741,41.43388],[2.20693,41.43636],[2.20868,41.43668],[2.20802,41.43971],[2.20624,41.4396],[2.20408,41.43912],[2.20382,41.43922],[2.20207,41.4461],[2.20036,41.44859],[2.2067,41.45079],[2.20924,41.44534],[2.21028,41.44438],[2.21201,41.4456],[2.21529,41.44673],[2.21494,41.44765]]}},{"type":"Feature","properties":{"id":"tmb-bus:X1","code":"X1","operator":"tmb","mode":"bus","color":"#010101","destination":"Glòries"},"geometry":{"type":"LineString","coordinates":[[2.1436,41.39238],[2.14393,41.39245],[2.14442,41.39224],[2.14409,41.39135],[2.14483,41.39085],[2.147,41.39234],[2.14726,41.39235],[2.15979,41.38303],[2.16679,41.38826],[2.16739,41.38853],[2.17445,41.39402],[2.17602,41.39451],[2.17638,41.39536],[2.17684,41.39581],[2.18469,41.40154],[2.18547,41.4011],[2.18904,41.40367],[2.19217,41.40445],[2.19299,41.40389]]}},{"type":"Feature","properties":{"id":"tmb-bus:X1","code":"X1","operator":"tmb","mode":"bus","color":"#010101","destination":"Francesc Macià"},"geometry":{"type":"LineString","coordinates":[[2.19299,41.40389],[2.19367,41.40319],[2.19144,41.40168],[2.18472,41.40678],[2.18433,41.40681],[2.15743,41.38661],[2.15712,41.38667],[2.15413,41.38892],[2.15295,41.39013],[2.15185,41.39076],[2.14942,41.38916],[2.14829,41.38986],[2.13953,41.39123],[2.13969,41.39139],[2.1436,41.39238]]}},{"type":"Feature","properties":{"id":"tmb-bus:X2","code":"X2","operator":"tmb","mode":"bus","color":"#010101","destination":"X2-Prat Xpres (Av. Remolar)"},"geometry":{"type":"LineString","coordinates":[[2.15284,41.37485],[2.15331,41.37485],[2.15337,41.37504],[2.14995,41.37516],[2.14916,41.37547],[2.14875,41.37538],[2.14845,41.37472],[2.14492,41.37192],[2.12133,41.35408],[2.11113,41.34678],[2.09806,41.33692],[2.09604,41.33577],[2.09543,41.33596],[2.09551,41.33644],[2.09619,41.33659],[2.09706,41.33638],[2.09987,41.33551],[2.10147,41.33476],[2.10144,41.33439],[2.09935,41.33344],[2.10266,41.33132],[2.10433,41.32978],[2.10288,41.32896],[2.09397,41.32549],[2.09255,41.32479],[2.08813,41.32375],[2.08986,41.32064]]}},{"type":"Feature","properties":{"id":"tmb-bus:X2","code":"X2","operator":"tmb","mode":"bus","color":"#010101","destination":"X2-Prat Xpres (Pl. Espanya)"},"geometry":{"type":"LineString","coordinates":[[2.08986,41.32064],[2.09061,41.3193],[2.09088,41.31922],[2.09096,41.31941],[2.08966,41.32124],[2.08838,41.3236],[2.09258,41.32466],[2.10328,41.32893],[2.10471,41.32965],[2.10262,41.33144],[2.09941,41.33345],[2.10166,41.33442],[2.10175,41.33473],[2.09799,41.33625],[2.09794,41.33653],[2.09988,41.33787],[2.10308,41.33859],[2.10424,41.33911],[2.10484,41.33986],[2.10558,41.34194],[2.10635,41.34282],[2.11646,41.35043],[2.11845,41.35169],[2.14612,41.37267],[2.14867,41.37444],[2.14993,41.37488],[2.15284,41.37485]]}},{"type":"Feature","properties":{"id":"tmb-bus:X3","code":"X3","operator":"tmb","mode":"bus","color":"#010101","destination":"L'Hospitalet (Av. Carrilet)"},"geometry":{"type":"LineString","coordinates":[[2.16657,41.37612],[2.16546,41.37692],[2.16309,41.37503],[2.15443,41.37507],[2.1543,41.37527],[2.15404,41.37526],[2.15399,41.37497],[2.155,41.37304],[2.14972,41.37105],[2.14922,41.3699],[2.14883,41.36957],[2.14684,41.36952],[2.1457,41.36908],[2.14455,41.36695],[2.14491,41.36616],[2.1459,41.36512],[2.14611,41.36315],[2.14751,41.36247],[2.14874,41.36151],[2.14929,41.36054],[2.1492,41.35994],[2.14867,41.35973],[2.14706,41.36005],[2.14595,41.35986],[2.14433,41.35893],[2.14306,41.35715],[2.14242,41.35663],[2.13007,41.35164],[2.13003,41.35141],[2.13198,41.34977],[2.13205,41.34952],[2.12872,41.34802],[2.12834,41.34811],[2.1268,41.34981],[2.1186,41.34549],[2.11786,41.34515],[2.11727,41.34517],[2.11413,41.34711],[2.11409,41.34763],[2.11465,41.34859],[2.11477,41.35029],[2.11455,41.35026],[2.11447,41.3496],[2.11422,41.34931],[2.113,41.34888],[2.11229,41.34906],[2.11107,41.35118],[2.11034,41.35197],[2.10944,41.35249],[2.10763,41.35295],[2.10733,41.3533],[2.10674,41.35339],[2.10574,41.35412],[2.10328,41.3577]]}},{"type":"Feature","properties":{"id":"tmb-bus:X3","code":"X3","operator":"tmb","mode":"bus","color":"#010101","destination":"Paral·lel"},"geometry":{"type":"LineString","coordinates":[[2.10328,41.3577],[2.10305,41.35811],[2.1027,41.35808],[2.10511,41.35431],[2.10652,41.35317],[2.10669,41.35283],[2.10923,41.35228],[2.11041,41.35146],[2.11195,41.34873],[2.11227,41.34754],[2.11309,41.34736],[2.11431,41.34822],[2.11396,41.34743],[2.11415,41.34692],[2.11726,41.34478],[2.11799,41.34478],[2.1187,41.34542],[2.12666,41.34954],[2.12699,41.34945],[2.12843,41.34789],[2.12869,41.34785],[2.1321,41.34931],[2.1329,41.34945],[2.13086,41.35133],[2.13092,41.35176],[2.14243,41.35657],[2.14307,41.35707],[2.14439,41.35885],[2.146,41.35982],[2.14693,41.35999],[2.14885,41.35966],[2.14972,41.35979],[2.1487,41.36165],[2.14762,41.36248],[2.14617,41.36319],[2.14602,41.36505],[2.14617,41.36548],[2.14519,41.36597],[2.14489,41.36659],[2.14517,41.36701],[2.145,41.36757],[2.14572,41.36898],[2.14682,41.36942],[2.1488,41.36947],[2.14932,41.36986],[2.14969,41.37089],[2.15136,41.3716],[2.1496,41.37447],[2.14992,41.37481],[2.15049,41.37494],[2.16795,41.37493],[2.16657,41.37612]]}},{"type":"Feature","properties":{"id":"tmb-bus:6","code":"6","operator":"tmb","mode":"bus","color":"#DA291C","destination":"Pg. Manuel Girona"},"geometry":{"type":"LineString","coordinates":[[2.20212,41.39872],[2.19957,41.40064],[2.19932,41.40065],[2.18923,41.39323],[2.18114,41.3992],[2.17636,41.39562],[2.17558,41.39541],[2.17481,41.39551],[2.16992,41.39923],[2.14512,41.39294],[2.14432,41.39309],[2.14377,41.39256],[2.13873,41.3913],[2.13001,41.39271],[2.12591,41.39155]]}},{"type":"Feature","properties":{"id":"tmb-bus:6","code":"6","operator":"tmb","mode":"bus","color":"#DA291C","destination":"Poblenou"},"geometry":{"type":"LineString","coordinates":[[2.12591,41.39155],[2.12558,41.39134],[2.12719,41.38803],[2.14384,41.39231],[2.14469,41.39239],[2.14519,41.39285],[2.16472,41.39778],[2.16515,41.39775],[2.16991,41.39894],[2.17476,41.3954],[2.17494,41.3946],[2.17546,41.39437],[2.17607,41.39455],[2.17633,41.39528],[2.17684,41.39581],[2.18124,41.39903],[2.18675,41.39465],[2.18797,41.39402],[2.19711,41.4006],[2.20166,41.39734],[2.20282,41.3981],[2.20212,41.39872]]}},{"type":"Feature","properties":{"id":"tmb-bus:7","code":"7","operator":"tmb","mode":"bus","color":"#DA291C","destination":"Zona Universitària"},"geometry":{"type":"LineString","coordinates":[[2.21549,41.41057],[2.18861,41.40388],[2.18861,41.40353],[2.18657,41.402],[2.18555,41.40261],[2.17636,41.39562],[2.175,41.39522],[2.17462,41.39432],[2.16832,41.38973],[2.16796,41.38977],[2.15945,41.39662],[2.14512,41.39294],[2.14432,41.39309],[2.14372,41.39255],[2.11267,41.38468],[2.11218,41.38487],[2.11146,41.3847]]}},{"type":"Feature","properties":{"id":"tmb-bus:7","code":"7","operator":"tmb","mode":"bus","color":"#DA291C","destination":"Fòrum"},"geometry":{"type":"LineString","coordinates":[[2.11146,41.3847],[2.11077,41.38451],[2.11091,41.38418],[2.11294,41.38459],[2.11372,41.38459],[2.14282,41.39205],[2.14469,41.39239],[2.14519,41.39285],[2.15467,41.39525],[2.16389,41.3883],[2.16522,41.38743],[2.16558,41.38739],[2.16739,41.38853],[2.17445,41.39402],[2.17602,41.39451],[2.17638,41.39536],[2.17684,41.39581],[2.18468,41.40153],[2.18547,41.4011],[2.18876,41.40356],[2.21603,41.41046],[2.21934,41.41116],[2.21953,41.41145],[2.21912,41.41162],[2.21857,41.41134],[2.21549,41.41057]]}},{"type":"Feature","properties":{"id":"tmb-bus:13","code":"13","operator":"tmb","mode":"bus","color":"#DA291C","destination":"Mercat Sant Antoni"},"geometry":{"type":"LineString","coordinates":[[2.15802,41.36648],[2.15859,41.36637],[2.15906,41.36654],[2.1593,41.36695],[2.15912,41.36736],[2.15641,41.36626],[2.15735,41.36547],[2.1576,41.3648],[2.15738,41.3639],[2.1567,41.36308],[2.15578,41.36249],[2.15315,41.36163],[2.15156,41.36038],[2.15045,41.35992],[2.14997,41.3599],[2.14963,41.36009],[2.14893,41.3614],[2.14785,41.3623],[2.14761,41.36216],[2.1479,41.3611],[2.14676,41.36042],[2.14604,41.36026],[2.14474,41.35927],[2.14183,41.36085],[2.14119,41.36146],[2.14195,41.36191],[2.14207,41.36235],[2.14151,41.36323],[2.1403,41.36417],[2.14014,41.36466],[2.14038,41.36515],[2.14107,41.36546],[2.14156,41.36537],[2.14403,41.36397],[2.14479,41.36495],[2.14493,41.36547],[2.14346,41.36689],[2.14348,41.36746],[2.14526,41.36827],[2.14559,41.36886],[2.14615,41.36925],[2.147,41.36945],[2.14888,41.36951],[2.14932,41.36986],[2.14969,41.37089],[2.15136,41.3716],[2.1496,41.37447],[2.14992,41.37481],[2.15049,41.37494],[2.15602,41.37496],[2.15639,41.37526],[2.15544,41.37615],[2.15867,41.37855],[2.16077,41.37701],[2.1601,41.37634]]}},{"type":"Feature","properties":{"id":"tmb-bus:13","code":"13","operator":"tmb","mode":"bus","color":"#DA291C","destination":"Parc de Montjuïc"},"geometry":{"type":"LineString","coordinates":[[2.1601,41.37634],[2.15963,41.37625],[2.15641,41.37859],[2.15171,41.37515],[2.14988,41.37517],[2.14916,41.37547],[2.14868,41.37533],[2.14862,41.37473],[2.14944,41.37438],[2.15127,41.3717],[2.14962,41.37097],[2.14926,41.36997],[2.14891,41.36962],[2.14836,41.36946],[2.14698,41.36954],[2.14612,41.36932],[2.14498,41.36838],[2.1434,41.36752],[2.14336,41.36687],[2.14484,41.36549],[2.14473,41.36503],[2.14403,41.36412],[2.14376,41.36411],[2.14152,41.36543],[2.14105,41.36551],[2.14032,41.36517],[2.14007,41.36473],[2.14017,41.36427],[2.14061,41.36375],[2.14142,41.36326],[2.14181,41.36267],[2.14164,41.36246],[2.14101,41.36235],[2.14018,41.36268],[2.13974,41.36332],[2.13944,41.36328],[2.13983,41.36107],[2.14016,41.36071],[2.14225,41.35949],[2.14361,41.35807],[2.14553,41.35989],[2.14792,41.36107],[2.14772,41.36226],[2.14898,41.3612],[2.1493,41.36049],[2.14928,41.35973],[2.15046,41.35987],[2.15157,41.36032],[2.15331,41.36163],[2.15708,41.36295],[2.1577,41.36484],[2.15752,41.36539],[2.15681,41.36623],[2.15773,41.36665],[2.15801,41.36649]]}},{"type":"Feature","properties":{"id":"tmb-bus:19","code":"19","operator":"tmb","mode":"bus","color":"#DA291C","destination":"Pl. Catalunya"},"geometry":{"type":"LineString","coordinates":[[2.13818,41.42942],[2.13705,41.42775],[2.13637,41.42736],[2.13708,41.42701],[2.13913,41.42649],[2.13969,41.42546],[2.14198,41.42479],[2.14012,41.42042],[2.14192,41.42374],[2.14261,41.42457],[2.1461,41.4242],[2.14712,41.42429],[2.14813,41.4247],[2.14934,41.42551],[2.15016,41.42576],[2.15057,41.42612],[2.1517,41.42636],[2.15479,41.42805],[2.15592,41.42808],[2.15668,41.42746],[2.15811,41.42767],[2.16064,41.42875],[2.16235,41.42907],[2.16394,41.42791],[2.16978,41.42716],[2.17593,41.42547],[2.18057,41.42051],[2.18075,41.41983],[2.18037,41.41798],[2.18033,41.41573],[2.17114,41.40869],[2.17653,41.40438],[2.17017,41.39961],[2.16979,41.39913],[2.17476,41.3954],[2.17502,41.39452],[2.17624,41.39428],[2.17965,41.39165],[2.17016,41.38805],[2.16917,41.38878]]}},{"type":"Feature","properties":{"id":"tmb-bus:19","code":"19","operator":"tmb","mode":"bus","color":"#DA291C","destination":"Sant Genís"},"geometry":{"type":"LineString","coordinates":[[2.16917,41.38878],[2.16863,41.38941],[2.17002,41.39047],[2.17283,41.38851],[2.17348,41.38893],[2.17593,41.38897],[2.17754,41.39013],[2.17981,41.39098],[2.18026,41.3914],[2.17635,41.39436],[2.17603,41.39527],[2.17481,41.39551],[2.17101,41.39844],[2.17877,41.40437],[2.17341,41.40871],[2.18084,41.41453],[2.18046,41.4174],[2.18094,41.41995],[2.18074,41.42049],[2.17604,41.42549],[2.17,41.42722],[2.16386,41.42801],[2.15836,41.42568],[2.1578,41.4283],[2.15672,41.42949],[2.15648,41.43036],[2.15601,41.43058],[2.15568,41.43047],[2.15559,41.43021],[2.15645,41.42928],[2.15644,41.42887],[2.15502,41.42833],[2.15155,41.42639],[2.15061,41.42623],[2.15001,41.42646],[2.1496,41.42616],[2.15,41.42571],[2.15058,41.42604],[2.15245,41.42602],[2.15396,41.42576],[2.15367,41.4255],[2.15274,41.42517],[2.15063,41.42515],[2.1481,41.4235],[2.14338,41.42209],[2.1412,41.42189],[2.14108,41.42202],[2.14184,41.42359],[2.1426,41.42473],[2.13983,41.42549],[2.13918,41.42654],[2.13652,41.42735],[2.13712,41.42773],[2.1385,41.42986],[2.13818,41.42942]]}},{"type":"Feature","properties":{"id":"tmb-bus:21","code":"21","operator":"tmb","mode":"bus","color":"#DA291C","destination":"El Prat"},"geometry":{"type":"LineString","coordinates":[[2.16745,41.37546],[2.16546,41.37692],[2.16324,41.37529],[2.16319,41.37501],[2.16339,41.37489],[2.16999,41.37487],[2.17516,41.37455],[2.17552,41.37434],[2.1756,41.3733],[2.17377,41.37102],[2.17332,41.36861],[2.17231,41.3673],[2.17108,41.365],[2.16883,41.36207],[2.163,41.35796],[2.15853,41.35404],[2.15645,41.35287],[2.15561,41.35317],[2.15453,41.35287],[2.15466,41.35274],[2.15519,41.35309],[2.15559,41.35313],[2.15629,41.3528],[2.15558,41.35248],[2.15006,41.35091],[2.14568,41.34918],[2.14538,41.34844],[2.14595,41.34771],[2.14849,41.34685],[2.14875,41.34704],[2.14777,41.34827],[2.14731,41.34828],[2.14678,41.34626],[2.14581,41.3448],[2.14496,41.34468],[2.14189,41.34577],[2.14162,41.34604],[2.14171,41.34642],[2.1435,41.34725],[2.14559,41.34781],[2.14643,41.34726],[2.14671,41.34647],[2.14625,41.34538],[2.13897,41.33354],[2.1382,41.33315],[2.13822,41.33232],[2.13597,41.32883],[2.13541,41.32882],[2.13,41.33071],[2.12946,41.33109],[2.12891,41.33111],[2.11479,41.33607],[2.11409,41.33658],[2.11412,41.33702],[2.11731,41.33826],[2.11743,41.33862],[2.11706,41.33884],[2.11666,41.33871],[2.1166,41.33821],[2.1163,41.33796],[2.11288,41.33664],[2.11222,41.33604],[2.11185,41.33539],[2.11109,41.33091],[2.11159,41.3294],[2.11278,41.32797],[2.11274,41.3275],[2.10842,41.32487],[2.10675,41.32446],[2.10573,41.32328],[2.10407,41.32229],[2.10387,41.32232],[2.10164,41.32484],[2.0997,41.32773],[2.09252,41.32478],[2.08825,41.32376],[2.08726,41.32552],[2.08628,41.32817],[2.0893,41.32927],[2.08968,41.33017],[2.09112,41.3312],[2.09111,41.3314],[2.0907,41.33137],[2.09058,41.33102]]}},{"type":"Feature","properties":{"id":"tmb-bus:21","code":"21","operator":"tmb","mode":"bus","color":"#DA291C","destination":"Paral·lel"},"geometry":{"type":"LineString","coordinates":[[2.09058,41.33102],[2.08961,41.33017],[2.08924,41.3293],[2.08645,41.32832],[2.0861,41.32853],[2.08579,41.3284],[2.08618,41.32804],[2.08707,41.32584],[2.087,41.32561],[2.08815,41.32355],[2.09255,41.32465],[2.09963,41.32749],[2.10172,41.32465],[2.10393,41.3222],[2.10588,41.32331],[2.10759,41.32371],[2.10857,41.32484],[2.11317,41.32769],[2.11167,41.32947],[2.11117,41.33121],[2.11195,41.33536],[2.11233,41.33601],[2.11285,41.33634],[2.11392,41.3362],[2.12676,41.33156],[2.13557,41.32861],[2.13591,41.32823],[2.1362,41.32828],[2.13858,41.33225],[2.13936,41.33271],[2.13931,41.33343],[2.14587,41.34423],[2.14183,41.3458],[2.1416,41.34609],[2.14171,41.34642],[2.14308,41.3471],[2.14551,41.34781],[2.14859,41.34686],[2.14875,41.34709],[2.14828,41.34918],[2.14857,41.34965],[2.1491,41.34998],[2.15253,41.35126],[2.15678,41.35215],[2.15876,41.35186],[2.15878,41.35207],[2.15747,41.35206],[2.15726,41.35227],[2.16292,41.35775],[2.16919,41.36226],[2.17356,41.36833],[2.17354,41.36921],[2.17401,41.37113],[2.17571,41.37324],[2.17655,41.37335],[2.17694,41.37378],[2.17664,41.37438],[2.17573,41.37446],[2.17525,41.37469],[2.16811,41.37502],[2.16745,41.37546]]}},{"type":"Feature","properties":{"id":"tmb-bus:22","code":"22","operator":"tmb","mode":"bus","color":"#DA291C","destination":"Pl. Catalunya"},"geometry":{"type":"LineString","coordinates":[[2.16492,41.42011],[2.16307,41.42037],[2.16173,41.4208],[2.15732,41.41876],[2.15655,41.41966],[2.15522,41.41981],[2.15352,41.42114],[2.15274,41.42109],[2.15165,41.42018],[2.14922,41.42036],[2.14827,41.41865],[2.1478,41.41821],[2.1468,41.4158],[2.14484,41.41466],[2.14479,41.41349],[2.14417,41.41295],[2.14325,41.41151],[2.14481,41.41129],[2.1453,41.41104],[2.14755,41.40807],[2.14996,41.40606],[2.14992,41.40538],[2.1503,41.40429],[2.14994,41.40378],[2.14987,41.40313],[2.15111,41.40142],[2.151,41.40051],[2.15481,41.39675],[2.15559,41.39565],[2.15597,41.39558],[2.15922,41.3964],[2.15956,41.39635],[2.16932,41.3885],[2.16961,41.38853],[2.17118,41.38962],[2.17204,41.38883],[2.17088,41.38832]]}},{"type":"Feature","properties":{"id":"tmb-bus:22","code":"22","operator":"tmb","mode":"bus","color":"#DA291C","destination":"El Carmel"},"geometry":{"type":"LineString","coordinates":[[2.17088,41.38832],[2.17015,41.38811],[2.15957,41.39659],[2.15591,41.39567],[2.15573,41.39576],[2.15504,41.3968],[2.15148,41.40033],[2.1512,41.40152],[2.15001,41.40307],[2.15008,41.40375],[2.15043,41.40437],[2.15003,41.40539],[2.15008,41.40608],[2.14959,41.40657],[2.15002,41.40725],[2.14945,41.40804],[2.14875,41.40876],[2.14809,41.40893],[2.14515,41.41122],[2.14337,41.41159],[2.14422,41.41291],[2.14486,41.41337],[2.14485,41.41461],[2.14683,41.41573],[2.14784,41.4182],[2.14831,41.41863],[2.14925,41.42032],[2.15182,41.42013],[2.15274,41.42103],[2.15349,41.42109],[2.15521,41.41975],[2.15651,41.41962],[2.15729,41.41871],[2.16172,41.42069],[2.16468,41.42007],[2.16551,41.42022],[2.16492,41.42011]]}},{"type":"Feature","properties":{"id":"tmb-bus:23","code":"23","operator":"tmb","mode":"bus","color":"#DA291C","destination":"Parc Logístic"},"geometry":{"type":"LineString","coordinates":[[2.15009,41.37374],[2.1496,41.37447],[2.15007,41.37488],[2.15394,41.37492],[2.15502,41.37307],[2.14972,41.37105],[2.14922,41.3699],[2.14883,41.36957],[2.14684,41.36952],[2.1459,41.36921],[2.14533,41.36868],[2.14453,41.36703],[2.14491,41.36616],[2.1459,41.36512],[2.14611,41.36315],[2.14751,41.36247],[2.14863,41.36161],[2.14922,41.36076],[2.14926,41.36004],[2.14875,41.35974],[2.14693,41.36005],[2.14584,41.35981],[2.14433,41.35893],[2.14298,41.35706],[2.14174,41.35629],[2.14661,41.34951],[2.14707,41.3486],[2.1467,41.34607],[2.14416,41.34197],[2.14369,41.34188],[2.13902,41.34363],[2.13581,41.3446],[2.13515,41.34449],[2.12564,41.34111],[2.12228,41.33964],[2.12146,41.33978],[2.12131,41.33951],[2.12169,41.3394],[2.1247,41.34064]]}},{"type":"Feature","properties":{"id":"tmb-bus:23","code":"23","operator":"tmb","mode":"bus","color":"#DA291C","destination":"Pl. Espanya"},"geometry":{"type":"LineString","coordinates":[[2.1247,41.34064],[2.12709,41.34152],[2.12785,41.34147],[2.12793,41.34181],[2.13468,41.34414],[2.13532,41.34415],[2.13581,41.34454],[2.14055,41.34297],[2.14208,41.34534],[2.1416,41.34621],[2.1422,41.34673],[2.14551,41.34781],[2.14699,41.3473],[2.14823,41.3472],[2.14784,41.3482],[2.14201,41.35629],[2.14307,41.35707],[2.14439,41.35885],[2.146,41.35982],[2.14705,41.35999],[2.14907,41.35965],[2.14974,41.35983],[2.1487,41.36165],[2.14762,41.36248],[2.14617,41.36319],[2.14602,41.36505],[2.14617,41.36548],[2.14519,41.36597],[2.14489,41.36659],[2.14517,41.36701],[2.145,41.36757],[2.14572,41.36898],[2.14682,41.36942],[2.1488,41.36947],[2.14932,41.36986],[2.14969,41.37089],[2.15136,41.3716],[2.15009,41.37374]]}},{"type":"Feature","properties":{"id":"tmb-bus:24","code":"24","operator":"tmb","mode":"bus","color":"#DA291C","destination":"El Carmel"},"geometry":{"type":"LineString","coordinates":[[2.16884,41.38756],[2.16847,41.38745],[2.16725,41.38837],[2.16853,41.38953],[2.16796,41.38977],[2.15957,41.39659],[2.15591,41.39567],[2.15573,41.39576],[2.15504,41.3968],[2.15148,41.40033],[2.1512,41.40152],[2.14998,41.40318],[2.15043,41.40437],[2.15003,41.40539],[2.15008,41.40608],[2.14959,41.4066],[2.15088,41.40781],[2.15494,41.40941],[2.15753,41.41111],[2.15824,41.4106],[2.16043,41.4118],[2.1598,41.4126],[2.16142,41.41366],[2.16133,41.41402],[2.16105,41.41409],[2.1604,41.4139],[2.15955,41.41423],[2.15868,41.41488],[2.15765,41.41605],[2.15717,41.416],[2.15578,41.41513],[2.15532,41.4152],[2.15517,41.4155],[2.15623,41.41613],[2.15661,41.41672],[2.15642,41.41746],[2.15698,41.41777],[2.15742,41.41772],[2.1588,41.41652],[2.15913,41.41652],[2.15915,41.41675],[2.15751,41.41806],[2.15733,41.41868],[2.1606,41.42078],[2.16072,41.42148],[2.16291,41.42094],[2.16361,41.42113],[2.16387,41.42102],[2.16369,41.42118],[2.16307,41.42097],[2.16269,41.42104]]}},{"type":"Feature","properties":{"id":"tmb-bus:24","code":"24","operator":"tmb","mode":"bus","color":"#DA291C","destination":"Pl. Catalunya"},"geometry":{"type":"LineString","coordinates":[[2.16269,41.42104],[2.16137,41.42147],[2.16064,41.42148],[2.16059,41.42081],[2.15968,41.42037],[2.15923,41.41991],[2.15725,41.41864],[2.15745,41.41806],[2.15909,41.41658],[2.15883,41.41658],[2.15748,41.41774],[2.15698,41.41782],[2.15637,41.41747],[2.1565,41.41676],[2.15614,41.4161],[2.15512,41.4155],[2.15531,41.41516],[2.15582,41.4151],[2.15719,41.41596],[2.15766,41.416],[2.15931,41.41434],[2.16035,41.41388],[2.16121,41.41402],[2.16133,41.41368],[2.15517,41.40969],[2.15115,41.40818],[2.15001,41.40739],[2.14943,41.40656],[2.15,41.40599],[2.14992,41.40538],[2.1503,41.40435],[2.14994,41.40378],[2.14987,41.40313],[2.15111,41.40142],[2.15103,41.40046],[2.15481,41.39675],[2.15559,41.39565],[2.15597,41.39558],[2.15923,41.39641],[2.15965,41.3963],[2.1699,41.38804],[2.16884,41.38756]]}},{"type":"Feature","properties":{"id":"tmb-bus:27","code":"27","operator":"tmb","mode":"bus","color":"#DA291C","destination":"Roquetes"},"geometry":{"type":"LineString","coordinates":[[2.13901,41.37837],[2.13853,41.37861],[2.13815,41.37796],[2.13829,41.37762],[2.13866,41.37759],[2.14031,41.3781],[2.14152,41.37888],[2.14292,41.38022],[2.14434,41.38087],[2.1428,41.38214],[2.14264,41.38247],[2.14306,41.38714],[2.14408,41.39115],[2.14499,41.39088],[2.14826,41.39326],[2.14698,41.39442],[2.15324,41.39852],[2.15132,41.40055],[2.1512,41.40152],[2.14999,41.40312],[2.15043,41.40431],[2.15003,41.40539],[2.15008,41.40608],[2.14959,41.40655],[2.14999,41.407],[2.14995,41.40738],[2.14875,41.40876],[2.14656,41.41071],[2.14512,41.41173],[2.14344,41.41235],[2.14306,41.41267],[2.14301,41.41445],[2.14108,41.41782],[2.14063,41.4208],[2.14108,41.42202],[2.14192,41.42374],[2.14258,41.42456],[2.14687,41.43388],[2.14855,41.43585],[2.15106,41.43727],[2.15554,41.43869],[2.16046,41.43949],[2.16291,41.43952],[2.1633,41.4399],[2.16329,41.44039],[2.16256,41.44089],[2.16238,41.44134],[2.16152,41.44188],[2.16227,41.44275],[2.16226,41.44356],[2.16344,41.44367],[2.16709,41.44494],[2.16896,41.44457],[2.16965,41.44408],[2.17128,41.4445],[2.17224,41.44533],[2.17275,41.4463],[2.17269,41.44668],[2.17161,41.44663]]}},{"type":"Feature","properties":{"id":"tmb-bus:27","code":"27","operator":"tmb","mode":"bus","color":"#DA291C","destination":"Estació de Sants"},"geometry":{"type":"LineString","coordinates":[[2.17161,41.44663],[2.17132,41.44652],[2.17101,41.44524],[2.1714,41.44362],[2.16368,41.44075],[2.16209,41.44081],[2.16074,41.44012],[2.15732,41.43954],[2.15091,41.4377],[2.14949,41.437],[2.14779,41.43576],[2.14682,41.43468],[2.1461,41.43348],[2.13829,41.41718],[2.13781,41.4167],[2.13609,41.41576],[2.13617,41.41517],[2.13738,41.41431],[2.13811,41.41443],[2.13873,41.41524],[2.13942,41.41521],[2.14081,41.41343],[2.14171,41.41293],[2.14504,41.41169],[2.14826,41.4091],[2.14747,41.40818],[2.14996,41.40606],[2.14992,41.40538],[2.1503,41.40429],[2.14985,41.40339],[2.14729,41.4016],[2.14721,41.40138],[2.15042,41.3992],[2.15176,41.39761],[2.14607,41.39397],[2.1454,41.39341],[2.14548,41.39304],[2.14502,41.39294],[2.14448,41.39311],[2.14406,41.3929],[2.14244,41.38572],[2.14209,41.38075],[2.14276,41.38018],[2.14141,41.37886],[2.14028,41.37815],[2.13953,41.37801],[2.13901,41.37837]]}},{"type":"Feature","properties":{"id":"tmb-bus:33","code":"33","operator":"tmb","mode":"bus","color":"#DA291C","destination":"Verneda"},"geometry":{"type":"LineString","coordinates":[[2.11472,41.3877],[2.11549,41.38788],[2.11707,41.38545],[2.14282,41.39205],[2.14469,41.39239],[2.14519,41.39285],[2.16472,41.39778],[2.16515,41.39775],[2.16838,41.39855],[2.16959,41.39765],[2.16989,41.39764],[2.18984,41.41256],[2.1903,41.41267],[2.19147,41.41196],[2.20517,41.42222],[2.20289,41.42402],[2.20367,41.42483],[2.20134,41.4266],[2.20286,41.42857],[2.20232,41.42868],[2.19776,41.42851],[2.19729,41.4277],[2.20081,41.42501]]}},{"type":"Feature","properties":{"id":"tmb-bus:33","code":"33","operator":"tmb","mode":"bus","color":"#DA291C","destination":"Zona Universitària"},"geometry":{"type":"LineString","coordinates":[[2.20081,41.42501],[2.20453,41.42211],[2.19468,41.41474],[2.19333,41.41545],[2.19164,41.41673],[2.19141,41.41673],[2.19086,41.41514],[2.16938,41.39905],[2.14512,41.39294],[2.14432,41.39309],[2.14372,41.39255],[2.11267,41.38468],[2.11177,41.38486],[2.11073,41.38463],[2.11058,41.38502],[2.11238,41.38707],[2.11472,41.3877]]}},{"type":"Feature","properties":{"id":"tmb-bus:34","code":"34","operator":"tmb","mode":"bus","color":"#DA291C","destination":"Pl. Virrei Amat"},"geometry":{"type":"LineString","coordinates":[[2.12528,41.39198],[2.12723,41.38804],[2.14384,41.39231],[2.14469,41.39239],[2.14519,41.39285],[2.16472,41.39778],[2.16515,41.39775],[2.16838,41.39855],[2.16959,41.39765],[2.16994,41.39766],[2.19009,41.41281],[2.19145,41.41659],[2.19122,41.42224],[2.19177,41.42281],[2.19162,41.42766],[2.19364,41.42815],[2.19522,41.42822],[2.19573,41.42952],[2.1954,41.43],[2.19324,41.43014],[2.17442,41.43029],[2.17433,41.42897],[2.1747,41.42815],[2.17502,41.42794],[2.17609,41.42815]]}},{"type":"Feature","properties":{"id":"tmb-bus:34","code":"34","operator":"tmb","mode":"bus","color":"#DA291C","destination":"Pg. Manuel Girona"},"geometry":{"type":"LineString","coordinates":[[2.17609,41.42815],[2.17651,41.42828],[2.17635,41.42855],[2.17649,41.42865],[2.1873,41.42862],[2.18911,41.42797],[2.19082,41.42769],[2.19139,41.41735],[2.19126,41.41616],[2.19086,41.41514],[2.16954,41.39914],[2.14512,41.39294],[2.14432,41.39309],[2.14377,41.39256],[2.13873,41.3913],[2.13001,41.39271],[2.12713,41.39186],[2.12572,41.39492],[2.12549,41.39501],[2.12451,41.39432],[2.12528,41.39198]]}},{"type":"Feature","properties":{"id":"tmb-bus:39","code":"39","operator":"tmb","mode":"bus","color":"#DA291C","destination":"Pl. Catalana"},"geometry":{"type":"LineString","coordinates":[[2.17287,41.38932],[2.17238,41.38882],[2.17277,41.38851],[2.17355,41.38921],[2.17331,41.38978],[2.16322,41.39743],[2.16322,41.39773],[2.16761,41.40111],[2.16321,41.40447],[2.16355,41.40498],[2.15827,41.41058],[2.16722,41.41537],[2.16802,41.41569],[2.16909,41.4156],[2.16959,41.41577],[2.17107,41.4171],[2.17302,41.41997],[2.17295,41.42146],[2.17313,41.42183]]}},{"type":"Feature","properties":{"id":"tmb-bus:39","code":"39","operator":"tmb","mode":"bus","color":"#DA291C","destination":"Pl. Urquinaona"},"geometry":{"type":"LineString","coordinates":[[2.17313,41.42184],[2.17286,41.42189],[2.17267,41.42172],[2.17291,41.42142],[2.17301,41.42007],[2.17102,41.41714],[2.16953,41.41583],[2.1691,41.41569],[2.1679,41.41577],[2.16587,41.41492],[2.16332,41.41447],[2.1613,41.41365],[2.1638,41.41045],[2.15821,41.40749],[2.15424,41.40482],[2.15696,41.40227],[2.15874,41.40093],[2.16148,41.39825],[2.16079,41.39766],[2.1608,41.39747],[2.17277,41.38851],[2.17358,41.38935],[2.17328,41.38955],[2.17287,41.38932]]}},{"type":"Feature","properties":{"id":"tmb-bus:46","code":"46","operator":"tmb","mode":"bus","color":"#DA291C","destination":"Aeroport BCN"},"geometry":{"type":"LineString","coordinates":[[2.15256,41.37485],[2.15331,41.37485],[2.15337,41.37504],[2.14995,41.37516],[2.14916,41.37547],[2.14875,41.37538],[2.14845,41.37472],[2.14492,41.37192],[2.13885,41.36732],[2.1358,41.36521],[2.13506,41.36498],[2.13477,41.36441],[2.12612,41.35798],[2.12485,41.35751],[2.12455,41.3568],[2.12157,41.3546],[2.12135,41.35419],[2.11848,41.352],[2.11447,41.34933],[2.1122,41.34815],[2.11083,41.3466],[2.10841,41.34475],[2.10602,41.34318],[2.10525,41.34308],[2.10489,41.34343],[2.10454,41.34347],[2.1042,41.34277],[2.10303,41.34245],[2.10219,41.34196],[2.10165,41.34118],[2.10126,41.33938],[2.09806,41.33692],[2.09568,41.3355],[2.0864,41.33225],[2.08297,41.33059],[2.08038,41.32865],[2.07692,41.32477],[2.07441,41.32274],[2.0743,41.32197],[2.07694,41.31858],[2.0782,41.31645],[2.07853,41.31471],[2.07829,41.3129],[2.07705,41.30973],[2.07446,41.30571],[2.07479,41.30407],[2.07047,41.30283],[2.06972,41.30285],[2.06841,41.30239],[2.06794,41.30203],[2.06833,41.30146],[2.06899,41.30145],[2.06948,41.30114],[2.07009,41.30111],[2.08222,41.30523],[2.0825,41.30585],[2.08234,41.30629],[2.08194,41.30654],[2.08081,41.30675],[2.07948,41.30873],[2.07912,41.30892],[2.07866,41.30889],[2.06228,41.30328],[2.06168,41.30331],[2.0601,41.3028],[2.05957,41.30237],[2.05862,41.30082],[2.05782,41.3006],[2.05589,41.30055],[2.05417,41.29938],[2.05355,41.29916],[2.05352,41.29858],[2.05239,41.29704],[2.05203,41.29576],[2.0521,41.29469],[2.05251,41.29363],[2.05328,41.29265],[2.05463,41.29152],[2.05463,41.29113],[2.05493,41.29092],[2.05561,41.29107],[2.05708,41.29094],[2.05817,41.29146],[2.05878,41.29143],[2.07019,41.286],[2.07099,41.28602],[2.07335,41.28682],[2.07346,41.28707],[2.0732,41.28754]]}},{"type":"Feature","properties":{"id":"tmb-bus:46","code":"46","operator":"tmb","mode":"bus","color":"#DA291C","destination":"Pl. Espanya"},"geometry":{"type":"LineString","coordinates":[[2.0732,41.28754],[2.07199,41.28953],[2.07174,41.28965],[2.0673,41.28832],[2.06637,41.28827],[2.06511,41.28857],[2.05484,41.29375],[2.05315,41.29502],[2.05245,41.29637],[2.05288,41.29739],[2.05385,41.29852],[2.05417,41.2985],[2.05476,41.29787],[2.06279,41.30061],[2.06319,41.3006],[2.0636,41.30089],[2.06776,41.30208],[2.06833,41.30146],[2.06899,41.30145],[2.06948,41.30114],[2.07009,41.30111],[2.08222,41.30523],[2.08249,41.30576],[2.08242,41.30619],[2.08194,41.30654],[2.08071,41.30682],[2.0785,41.31054],[2.07827,41.31186],[2.07869,41.31464],[2.07843,41.31618],[2.07792,41.31739],[2.07633,41.3196],[2.07538,41.32146],[2.07538,41.322],[2.07578,41.32282],[2.07967,41.32769],[2.08196,41.32972],[2.08504,41.33153],[2.09564,41.33524],[2.09719,41.33606],[2.09988,41.33787],[2.10308,41.33859],[2.10414,41.33903],[2.10478,41.33974],[2.10563,41.3419],[2.10659,41.34282],[2.11123,41.3463],[2.11334,41.34748],[2.1149,41.34906],[2.12213,41.35416],[2.12436,41.35594],[2.1255,41.3564],[2.12585,41.35707],[2.12776,41.35838],[2.1351,41.3642],[2.13577,41.36441],[2.136,41.36495],[2.14492,41.37178],[2.14871,41.37445],[2.15015,41.37491],[2.15256,41.37485]]}},{"type":"Feature","properties":{"id":"tmb-bus:47","code":"47","operator":"tmb","mode":"bus","color":"#DA291C","destination":"Canyelles"},"geometry":{"type":"LineString","coordinates":[[2.19648,41.38583],[2.19675,41.38554],[2.19557,41.38466],[2.19206,41.37897],[2.1882,41.37808],[2.18646,41.38201],[2.1836,41.38313],[2.18225,41.38151],[2.18205,41.3815],[2.1729,41.38843],[2.17358,41.38931],[2.17323,41.38985],[2.16319,41.3975],[2.16322,41.39773],[2.16759,41.40101],[2.16558,41.40268],[2.16559,41.40286],[2.1764,41.41102],[2.18087,41.41462],[2.1805,41.41606],[2.18046,41.4174],[2.18091,41.42017],[2.17739,41.42415],[2.17723,41.42755],[2.17738,41.4302],[2.17476,41.43039],[2.17214,41.43528],[2.17444,41.43807],[2.17489,41.4382],[2.17493,41.4385],[2.16364,41.43957],[2.16339,41.43977],[2.16321,41.44051],[2.16256,41.44089],[2.16238,41.44134],[2.16153,41.44184],[2.16227,41.44275],[2.1623,41.44358],[2.16344,41.44367],[2.16625,41.44474],[2.16753,41.44493],[2.16905,41.44454],[2.16965,41.44408],[2.17049,41.44432]]}},{"type":"Feature","properties":{"id":"tmb-bus:47","code":"47","operator":"tmb","mode":"bus","color":"#DA291C","destination":"Pg. Marítim"},"geometry":{"type":"LineString","coordinates":[[2.17049,41.44432],[2.1711,41.44447],[2.17142,41.44364],[2.16378,41.44078],[2.162,41.44079],[2.16161,41.44053],[2.16151,41.43994],[2.16178,41.4396],[2.16227,41.43943],[2.16467,41.43935],[2.17426,41.43833],[2.17409,41.43777],[2.17278,41.4364],[2.17205,41.43527],[2.17463,41.43063],[2.17434,41.4302],[2.17435,41.42887],[2.17559,41.42711],[2.17621,41.42524],[2.18067,41.42032],[2.18032,41.41735],[2.18038,41.41586],[2.16406,41.40347],[2.16608,41.4017],[2.16302,41.39922],[2.16624,41.3967],[2.16426,41.39515],[2.1642,41.39493],[2.18262,41.38097],[2.18329,41.38083],[2.18533,41.38153],[2.18674,41.38088],[2.18814,41.37803],[2.19209,41.37889],[2.19569,41.3847],[2.19436,41.38592],[2.19535,41.38663],[2.19648,41.38583]]}},{"type":"Feature","properties":{"id":"tmb-bus:52","code":"52","operator":"tmb","mode":"bus","color":"#DA291C","destination":"Pl. Catalunya"},"geometry":{"type":"LineString","coordinates":[[2.12153,41.37605],[2.12197,41.37565],[2.14799,41.37511],[2.14902,41.37453],[2.15049,41.37494],[2.15593,41.37493],[2.15638,41.37528],[2.15305,41.37792],[2.16679,41.38826],[2.16826,41.38918],[2.16945,41.38847],[2.17115,41.38963],[2.17203,41.38895],[2.17196,41.38873],[2.17147,41.38854]]}},{"type":"Feature","properties":{"id":"tmb-bus:52","code":"52","operator":"tmb","mode":"bus","color":"#DA291C","destination":"Collblanc"},"geometry":{"type":"LineString","coordinates":[[2.17147,41.38854],[2.17011,41.38805],[2.16869,41.38916],[2.1685,41.38956],[2.16816,41.38958],[2.14943,41.37552],[2.14839,41.37522],[2.12533,41.37564],[2.12522,41.3762],[2.1232,41.37913],[2.12142,41.37793],[2.12153,41.37605]]}},{"type":"Feature","properties":{"id":"tmb-bus:54","code":"54","operator":"tmb","mode":"bus","color":"#DA291C","destination":"Cardenal Reig"},"geometry":{"type":"LineString","coordinates":[[2.18185,41.39435],[2.17908,41.39232],[2.17635,41.39436],[2.17603,41.39527],[2.1752,41.39534],[2.17487,41.39506],[2.17458,41.39429],[2.16305,41.3857],[2.15387,41.3924],[2.14952,41.38918],[2.14829,41.38986],[2.14608,41.38997],[2.14274,41.38757],[2.14242,41.38567],[2.14215,41.38543],[2.13859,41.38533],[2.1338,41.38446],[2.13537,41.38182],[2.13073,41.38031],[2.1248,41.37698],[2.12316,41.37913],[2.11785,41.37585],[2.11405,41.37595],[2.11384,41.3764],[2.11428,41.37694],[2.11714,41.37841]]}},{"type":"Feature","properties":{"id":"tmb-bus:54","code":"54","operator":"tmb","mode":"bus","color":"#DA291C","destination":"Estació del Nord"},"geometry":{"type":"LineString","coordinates":[[2.11714,41.37841],[2.11942,41.37919],[2.12046,41.37863],[2.12129,41.37786],[2.12168,41.37577],[2.12286,41.37569],[2.12753,41.37846],[2.13082,41.38017],[2.13534,41.38162],[2.13825,41.3828],[2.14031,41.38386],[2.15159,41.39233],[2.15185,41.39229],[2.16201,41.38474],[2.16826,41.38918],[2.16935,41.38848],[2.16961,41.38853],[2.18246,41.39811],[2.18458,41.39643],[2.18185,41.39435]]}},{"type":"Feature","properties":{"id":"tmb-bus:55","code":"55","operator":"tmb","mode":"bus","color":"#DA291C","destination":"Parc de Montjuïc"},"geometry":{"type":"LineString","coordinates":[[2.17256,41.38909],[2.17204,41.38876],[2.16508,41.38616],[2.16398,41.38538],[2.16375,41.38417],[2.161,41.38206],[2.16319,41.38029],[2.16301,41.37855],[2.15998,41.37625],[2.15963,41.37625],[2.15641,41.37859],[2.15314,41.37615],[2.15395,41.37537],[2.15402,41.37491],[2.1556,41.3721],[2.15992,41.37219],[2.16101,41.37196],[2.16083,41.37154],[2.15963,41.37126],[2.15874,41.37063],[2.15829,41.36964],[2.15824,41.36882],[2.15794,41.36846],[2.15749,41.36844],[2.15613,41.36913],[2.15578,41.36904],[2.15577,41.36884],[2.15717,41.36748],[2.15784,41.36729],[2.15885,41.36738],[2.15785,41.3668],[2.15649,41.36634],[2.15647,41.3661],[2.15775,41.36666],[2.15833,41.36638],[2.15899,41.36649],[2.15929,41.36688],[2.15914,41.36741],[2.16156,41.36874],[2.16256,41.3689],[2.16458,41.36888],[2.16493,41.36862],[2.16517,41.36866]]}},{"type":"Feature","properties":{"id":"tmb-bus:55","code":"55","operator":"tmb","mode":"bus","color":"#DA291C","destination":"Pl. Urquinaona"},"geometry":{"type":"LineString","coordinates":[[2.16517,41.36866],[2.16512,41.36897],[2.16214,41.36894],[2.16095,41.3686],[2.15916,41.36755],[2.15788,41.36733],[2.15711,41.36758],[2.15582,41.369],[2.15628,41.36903],[2.15761,41.36836],[2.15809,41.36851],[2.15862,41.3704],[2.15916,41.37096],[2.16013,41.37141],[2.16059,41.3727],[2.15847,41.37303],[2.15518,41.37297],[2.15472,41.37397],[2.15639,41.37525],[2.15543,41.37612],[2.16353,41.38226],[2.16414,41.38542],[2.16494,41.38593],[2.16938,41.38559],[2.16998,41.38571],[2.1716,41.38706],[2.17344,41.38903],[2.17355,41.38945],[2.17318,41.38953],[2.17256,41.38909]]}},{"type":"Feature","properties":{"id":"tmb-bus:59","code":"59","operator":"tmb","mode":"bus","color":"#DA291C","destination":"Pl. Reina Maria Cristina"},"geometry":{"type":"LineString","coordinates":[[2.20198,41.39415],[2.2021,41.39399],[2.20182,41.39383],[2.20091,41.3945],[2.20061,41.39448],[2.19353,41.38827],[2.19356,41.38804],[2.19676,41.38557],[2.19557,41.38466],[2.19203,41.37894],[2.18817,41.37809],[2.18659,41.38189],[2.18367,41.38306],[2.17797,41.37619],[2.17707,41.37676],[2.17552,41.37882],[2.17184,41.38299],[2.17,41.38597],[2.16866,41.38746],[2.16467,41.38601],[2.16399,41.38637],[2.16067,41.38405],[2.15413,41.38892],[2.15295,41.39013],[2.1519,41.39074],[2.15159,41.39072],[2.14942,41.38916],[2.14829,41.38986],[2.14137,41.39078],[2.14103,41.39029],[2.13368,41.38611],[2.12841,41.38269],[2.12746,41.38545],[2.12732,41.38785],[2.12704,41.38774],[2.12691,41.38686]]}},{"type":"Feature","properties":{"id":"tmb-bus:59","code":"59","operator":"tmb","mode":"bus","color":"#DA291C","destination":"Poblenou"},"geometry":{"type":"LineString","coordinates":[[2.12691,41.38686],[2.12716,41.38464],[2.12796,41.38233],[2.13512,41.38671],[2.13543,41.3866],[2.13885,41.38333],[2.13923,41.38327],[2.14092,41.38425],[2.1428,41.38571],[2.14408,41.39115],[2.14494,41.39086],[2.14717,41.39237],[2.15961,41.38304],[2.1599,41.38308],[2.16527,41.3871],[2.1672,41.38582],[2.1697,41.38562],[2.17047,41.38604],[2.17279,41.38838],[2.18262,41.38097],[2.18329,41.38083],[2.18533,41.38153],[2.18674,41.38088],[2.18822,41.37802],[2.19212,41.37892],[2.19569,41.3847],[2.19436,41.38592],[2.19665,41.38774],[2.19653,41.38799],[2.19585,41.38813],[2.19472,41.38909],[2.20117,41.39466],[2.20198,41.39415]]}},{"type":"Feature","properties":{"id":"tmb-bus:60","code":"60","operator":"tmb","mode":"bus","color":"#DA291C","destination":"Vall d'Hebron"},"geometry":{"type":"LineString","coordinates":[[2.21084,41.42222],[2.21149,41.42235],[2.21128,41.42281],[2.21145,41.42447],[2.20986,41.42461],[2.20974,41.42542],[2.20304,41.42856],[2.2059,41.43214],[2.20154,41.43422],[2.20134,41.43447],[2.20048,41.43915],[2.20349,41.43958],[2.20368,41.43975],[2.20207,41.4461],[2.20018,41.44868],[2.19087,41.44545],[2.19063,41.44557],[2.19051,41.44701],[2.19034,41.44709],[2.18713,41.44709],[2.18173,41.44659],[2.17838,41.44604],[2.17595,41.44534],[2.16378,41.44078],[2.16209,41.44081],[2.16074,41.44012],[2.15634,41.4393],[2.1504,41.4375],[2.14796,41.43591],[2.14659,41.43433],[2.14201,41.42488],[2.14012,41.42042],[2.14205,41.42391]]}},{"type":"Feature","properties":{"id":"tmb-bus:60","code":"60","operator":"tmb","mode":"bus","color":"#DA291C","destination":"Besòs Verneda"},"geometry":{"type":"LineString","coordinates":[[2.14205,41.42391],[2.14258,41.42456],[2.14708,41.43423],[2.14855,41.43585],[2.15083,41.43717],[2.15409,41.43829],[2.15662,41.43893],[2.16067,41.43951],[2.16275,41.43946],[2.1636,41.44013],[2.16708,41.4415],[2.17585,41.44486],[2.17834,41.44561],[2.18245,41.44635],[2.18709,41.4468],[2.18896,41.44681],[2.18934,41.44659],[2.18855,41.44493],[2.18857,41.44468],[2.18883,41.44461],[2.20021,41.44857],[2.20174,41.44634],[2.19943,41.44513],[2.19928,41.44491],[2.20029,41.4393],[2.20052,41.43918],[2.20354,41.43958],[2.20407,41.43881],[2.20421,41.43786],[2.20424,41.43614],[2.20089,41.43579],[2.20121,41.4343],[2.20571,41.43207],[2.20301,41.42856],[2.20969,41.42542],[2.20985,41.42456],[2.21143,41.4244],[2.21113,41.42313],[2.21161,41.42208],[2.20873,41.41991],[2.20636,41.42139],[2.20727,41.42215],[2.2092,41.42254],[2.21084,41.42222]]}},{"type":"Feature","properties":{"id":"tmb-bus:62","code":"62","operator":"tmb","mode":"bus","color":"#DA291C","destination":"Ciutat Meridiana"},"geometry":{"type":"LineString","coordinates":[[2.18648,41.40662],[2.18707,41.40718],[2.187,41.42389],[2.18649,41.42535],[2.18309,41.43029],[2.18282,41.43144],[2.18294,41.43199],[2.18342,41.43198],[2.18351,41.43316],[2.18528,41.43839],[2.18742,41.4415],[2.18753,41.44195],[2.19086,41.44222],[2.19041,41.44861],[2.18979,41.44874],[2.18864,41.44936],[2.18906,41.45094],[2.18915,41.45327],[2.18881,41.45614],[2.18844,41.45697],[2.18314,41.46084],[2.17839,41.46678],[2.17805,41.46649],[2.1795,41.46487],[2.17954,41.46365],[2.18001,41.46248],[2.17753,41.46105],[2.17833,41.46274],[2.17898,41.4631],[2.17866,41.46346],[2.17606,41.46182],[2.1757,41.46075],[2.17536,41.46052],[2.1742,41.46069],[2.17282,41.45995],[2.17163,41.45993],[2.16913,41.45941],[2.16784,41.45972],[2.17227,41.46057],[2.17442,41.4614],[2.17401,41.46187],[2.17415,41.46221],[2.17398,41.46239],[2.17146,41.46312],[2.17024,41.46427],[2.16891,41.4637],[2.16859,41.46324],[2.16882,41.46301],[2.17053,41.46241],[2.17071,41.46145],[2.17305,41.46255],[2.17376,41.46245],[2.17413,41.46219],[2.17467,41.46386],[2.17679,41.46349],[2.17857,41.46356],[2.17794,41.4629],[2.1771,41.46256],[2.17682,41.46216],[2.17612,41.46182],[2.17573,41.46036],[2.17449,41.45964],[2.17465,41.45949],[2.17583,41.45967],[2.17637,41.45932],[2.17677,41.45955]]}},{"type":"Feature","properties":{"id":"tmb-bus:62","code":"62","operator":"tmb","mode":"bus","color":"#DA291C","destination":"<M> Clot"},"geometry":{"type":"LineString","coordinates":[[2.17677,41.45955],[2.17963,41.46134],[2.17934,41.46186],[2.17969,41.4622],[2.18019,41.46232],[2.18207,41.46019],[2.18613,41.45731],[2.18749,41.4561],[2.18822,41.45509],[2.1886,41.45396],[2.18883,41.45164],[2.18861,41.45027],[2.18689,41.44515],[2.18647,41.44453],[2.18592,41.44178],[2.18254,41.43131],[2.18279,41.4303],[2.1862,41.42538],[2.18675,41.42391],[2.18676,41.41161],[2.18653,41.40549],[2.18581,41.40604],[2.18648,41.40662]]}},{"type":"Feature","properties":{"id":"tmb-bus:63","code":"63","operator":"tmb","mode":"bus","color":"#DA291C","destination":"Pl.Catalunya"},"geometry":{"type":"LineString","coordinates":[[2.05616,41.37605],[2.05599,41.37582],[2.05637,41.37532],[2.05661,41.37529],[2.06395,41.37972],[2.06632,41.37968],[2.0667,41.38027],[2.07089,41.38326],[2.07173,41.38262],[2.07385,41.38319],[2.07626,41.37866],[2.08874,41.37729],[2.08911,41.37696],[2.08958,41.37717],[2.09137,41.37688],[2.09157,41.37712],[2.09144,41.37746],[2.09175,41.37778],[2.09523,41.37991],[2.09677,41.38006],[2.09814,41.3807],[2.10127,41.38146],[2.10197,41.38126],[2.10176,41.38057],[2.10115,41.38045],[2.101,41.38088],[2.10807,41.38916],[2.1114,41.39146],[2.1121,41.39386],[2.11245,41.39424],[2.1129,41.39439],[2.11352,41.39424],[2.12202,41.38768],[2.122,41.38706],[2.12225,41.38683],[2.14384,41.39231],[2.14442,41.39222],[2.14409,41.39135],[2.14489,41.39085],[2.14713,41.39237],[2.15496,41.38657],[2.15527,41.38662],[2.1607,41.39062],[2.16715,41.38584],[2.1697,41.38562],[2.17003,41.38585],[2.16976,41.38624]]}},{"type":"Feature","properties":{"id":"tmb-bus:63","code":"63","operator":"tmb","mode":"bus","color":"#DA291C","destination":"Sant Joan Despí"},"geometry":{"type":"LineString","coordinates":[[2.16976,41.38624],[2.16859,41.38746],[2.1649,41.38609],[2.16357,41.38526],[2.15635,41.39067],[2.15603,41.39065],[2.15396,41.3892],[2.15295,41.39013],[2.15151,41.39092],[2.14781,41.39361],[2.14512,41.39294],[2.14432,41.39309],[2.14372,41.39255],[2.12338,41.38741],[2.12293,41.3877],[2.12192,41.38783],[2.11345,41.39437],[2.11287,41.39451],[2.11238,41.39433],[2.11204,41.39393],[2.11142,41.39153],[2.10849,41.38956],[2.10797,41.38938],[2.10283,41.38365],[2.10104,41.38304],[2.10018,41.38195],[2.09825,41.38154],[2.09578,41.38018],[2.09525,41.38028],[2.09498,41.37979],[2.09084,41.37724],[2.08891,41.37733],[2.07615,41.37876],[2.07372,41.38358],[2.07363,41.38539],[2.06634,41.38005],[2.06144,41.37996],[2.06132,41.37973],[2.06169,41.3796],[2.06172,41.37941],[2.05616,41.37605]]}},{"type":"Feature","properties":{"id":"tmb-bus:65","code":"65","operator":"tmb","mode":"bus","color":"#DA291C","destination":"El Prat"},"geometry":{"type":"LineString","coordinates":[[2.15306,41.37485],[2.15334,41.37487],[2.15334,41.37507],[2.14995,41.37516],[2.14923,41.37547],[2.14875,41.37538],[2.14845,41.37472],[2.14492,41.37192],[2.13885,41.36732],[2.1358,41.36521],[2.13506,41.36498],[2.13477,41.36441],[2.12612,41.35798],[2.12485,41.35751],[2.12455,41.3568],[2.12157,41.3546],[2.12135,41.35419],[2.11848,41.352],[2.11447,41.34933],[2.1122,41.34815],[2.11083,41.3466],[2.10841,41.34475],[2.10602,41.34318],[2.10525,41.34308],[2.10489,41.34343],[2.10454,41.34347],[2.1042,41.34277],[2.10303,41.34245],[2.10219,41.34196],[2.10165,41.34118],[2.10126,41.33938],[2.09806,41.33692],[2.09604,41.33577],[2.09544,41.33594],[2.09546,41.3364],[2.09609,41.3366],[2.09706,41.33638],[2.10014,41.33541],[2.10158,41.33463],[2.1014,41.33436],[2.09935,41.33344],[2.10243,41.33137],[2.09836,41.32951],[2.10158,41.32479],[2.09013,41.32029],[2.09249,41.31665],[2.09249,41.31639],[2.09176,41.31614],[2.08384,41.31722],[2.08247,41.31851],[2.079,41.31649],[2.0739,41.3151],[2.07357,41.31586],[2.07529,41.31636],[2.07558,41.31608]]}},{"type":"Feature","properties":{"id":"tmb-bus:65","code":"65","operator":"tmb","mode":"bus","color":"#DA291C","destination":"Pl. Espanya"},"geometry":{"type":"LineString","coordinates":[[2.07558,41.31608],[2.076,41.31554],[2.07884,41.31636],[2.08247,41.31841],[2.08358,41.31712],[2.09136,41.31613],[2.09162,41.31598],[2.09275,41.31636],[2.09035,41.32032],[2.0963,41.32252],[2.10169,41.32476],[2.09846,41.3295],[2.10258,41.33137],[2.09939,41.33348],[2.10166,41.33442],[2.1018,41.33467],[2.10019,41.33547],[2.09799,41.33625],[2.09791,41.3365],[2.09988,41.33787],[2.10308,41.33859],[2.10424,41.33911],[2.10478,41.33974],[2.10555,41.34177],[2.10659,41.34282],[2.11123,41.3463],[2.11334,41.34748],[2.1149,41.34906],[2.12213,41.35416],[2.12436,41.35594],[2.1255,41.3564],[2.12585,41.35707],[2.12776,41.35838],[2.1351,41.3642],[2.13577,41.36441],[2.136,41.36495],[2.14612,41.37267],[2.14867,41.37444],[2.14993,41.37488],[2.15306,41.37485]]}},{"type":"Feature","properties":{"id":"tmb-bus:67","code":"67","operator":"tmb","mode":"bus","color":"#DA291C","destination":"Cornellà"},"geometry":{"type":"LineString","coordinates":[[2.17066,41.38824],[2.1649,41.38609],[2.1636,41.38525],[2.15412,41.39236],[2.15377,41.39236],[2.15188,41.39093],[2.15158,41.39089],[2.14776,41.39361],[2.14512,41.39294],[2.14432,41.39309],[2.14372,41.39255],[2.10586,41.38295],[2.10141,41.38194],[2.09825,41.38154],[2.09581,41.38019],[2.09522,41.38026],[2.09498,41.37979],[2.09125,41.37742],[2.09077,41.37723],[2.08898,41.37733],[2.08881,41.37706],[2.08672,41.37572],[2.08011,41.36884],[2.07952,41.36863],[2.07954,41.36838],[2.07989,41.36821],[2.08067,41.36708],[2.08315,41.36529],[2.08342,41.36443],[2.08347,41.36323],[2.08181,41.36179],[2.08065,41.35997],[2.07789,41.36013],[2.07712,41.35952],[2.07566,41.35969],[2.074,41.35889],[2.07251,41.35923],[2.07187,41.35903],[2.07296,41.35752],[2.07304,41.3571],[2.07251,41.35647],[2.0713,41.3559],[2.06916,41.35669],[2.06888,41.3571],[2.06639,41.35616],[2.06814,41.35408],[2.06887,41.35342],[2.07036,41.35258],[2.07268,41.3524],[2.07536,41.35278],[2.08072,41.35412],[2.08159,41.35301]]}},{"type":"Feature","properties":{"id":"tmb-bus:67","code":"67","operator":"tmb","mode":"bus","color":"#DA291C","destination":"Pl. Catalunya"},"geometry":{"type":"LineString","coordinates":[[2.08159,41.35301],[2.08163,41.35272],[2.07725,41.35204],[2.07695,41.35217],[2.07664,41.35304],[2.08094,41.35411],[2.08105,41.35433],[2.0803,41.35482],[2.07965,41.35497],[2.07551,41.35503],[2.07296,41.35652],[2.07316,41.35736],[2.07192,41.35895],[2.07248,41.35918],[2.07404,41.35886],[2.07553,41.35959],[2.07711,41.35946],[2.07788,41.36007],[2.08075,41.35993],[2.08192,41.36181],[2.08364,41.36337],[2.08333,41.36514],[2.08063,41.36727],[2.08002,41.36824],[2.08029,41.36881],[2.08673,41.37546],[2.08954,41.37717],[2.09141,41.3769],[2.09157,41.37712],[2.09144,41.37746],[2.09175,41.37778],[2.09523,41.37991],[2.0967,41.38005],[2.09796,41.38053],[2.09949,41.38078],[2.10158,41.38032],[2.10209,41.38064],[2.10258,41.38171],[2.10563,41.38272],[2.11291,41.38459],[2.11372,41.38459],[2.14384,41.39231],[2.14442,41.39222],[2.14409,41.39135],[2.14473,41.39086],[2.14503,41.39091],[2.14713,41.39237],[2.1492,41.39088],[2.14951,41.39083],[2.15508,41.39496],[2.16522,41.38743],[2.1657,41.38744],[2.1683,41.3892],[2.16945,41.38847],[2.17115,41.38963],[2.17204,41.38883],[2.17066,41.38824]]}},{"type":"Feature","properties":{"id":"tmb-bus:68","code":"68","operator":"tmb","mode":"bus","color":"#DA291C","destination":"Cornellà"},"geometry":{"type":"LineString","coordinates":[[2.15457,41.38956],[2.15396,41.3892],[2.15295,41.39013],[2.15151,41.39092],[2.14698,41.39435],[2.14701,41.39473],[2.14226,41.39842],[2.1393,41.39785],[2.12712,41.39788],[2.12623,41.39817],[2.12301,41.40081],[2.1217,41.40005],[2.12052,41.39968],[2.1178,41.39806],[2.1162,41.39758],[2.11214,41.39407],[2.11135,41.39146],[2.10849,41.38956],[2.10797,41.38938],[2.10453,41.38551],[2.10267,41.38387],[2.10217,41.38364],[2.10113,41.38356],[2.10084,41.38379],[2.09787,41.3835],[2.09639,41.38286],[2.09573,41.38343],[2.09539,41.3833],[2.09719,41.38101],[2.09579,41.38019],[2.09522,41.38026],[2.09498,41.37979],[2.09125,41.37742],[2.09077,41.37723],[2.08904,41.37736],[2.08677,41.37576],[2.08011,41.36884],[2.07954,41.36864],[2.07945,41.36825],[2.07088,41.35961],[2.07029,41.35818],[2.06985,41.35768],[2.06902,41.35711],[2.06775,41.35677],[2.06639,41.35616],[2.06814,41.35408],[2.06887,41.35342],[2.07036,41.35258],[2.07268,41.3524],[2.07536,41.35278],[2.08071,41.35412],[2.08146,41.35321]]}},{"type":"Feature","properties":{"id":"tmb-bus:68","code":"68","operator":"tmb","mode":"bus","color":"#DA291C","destination":"Hospital Clínic"},"geometry":{"type":"LineString","coordinates":[[2.08146,41.35321],[2.08163,41.35272],[2.07725,41.35204],[2.07695,41.35217],[2.07664,41.35304],[2.08094,41.35411],[2.08105,41.35433],[2.0803,41.35482],[2.07965,41.35497],[2.07705,41.35507],[2.07592,41.35493],[2.07539,41.35509],[2.07296,41.35652],[2.0732,41.35705],[2.07313,41.35744],[2.07142,41.35948],[2.07143,41.35979],[2.07916,41.36773],[2.0801,41.36839],[2.0807,41.36927],[2.08673,41.37546],[2.08954,41.37717],[2.09141,41.3769],[2.09157,41.37712],[2.09144,41.37746],[2.09181,41.37783],[2.09758,41.38132],[2.09721,41.38203],[2.10006,41.38277],[2.10121,41.38356],[2.10243,41.38367],[2.10407,41.3851],[2.10447,41.38508],[2.10807,41.38916],[2.1114,41.39146],[2.11226,41.39409],[2.11305,41.39454],[2.11341,41.39515],[2.11616,41.39749],[2.11778,41.39798],[2.12043,41.39958],[2.12175,41.4],[2.12273,41.40054],[2.1238,41.39959],[2.126,41.39812],[2.12705,41.39775],[2.13985,41.39779],[2.14243,41.39547],[2.14552,41.39305],[2.14638,41.393],[2.14925,41.39086],[2.14961,41.39087],[2.15178,41.39233],[2.1549,41.39],[2.15457,41.38956]]}},{"type":"Feature","properties":{"id":"tmb-bus:70","code":"70","operator":"tmb","mode":"bus","color":"#DA291C","destination":"Rambla de Badal"},"geometry":{"type":"LineString","coordinates":[[2.13309,41.40386],[2.13565,41.40153],[2.13588,41.4011],[2.13375,41.39905],[2.13271,41.39773],[2.13274,41.39705],[2.13378,41.39589],[2.13384,41.39522],[2.13252,41.39392],[2.13035,41.39276],[2.12558,41.39136],[2.12706,41.38804],[2.12692,41.38616],[2.12727,41.38422],[2.13106,41.3735]]}},{"type":"Feature","properties":{"id":"tmb-bus:70","code":"70","operator":"tmb","mode":"bus","color":"#DA291C","destination":"Bonanova"},"geometry":{"type":"LineString","coordinates":[[2.13106,41.3735],[2.13115,41.3733],[2.13137,41.37338],[2.12759,41.38482],[2.12739,41.38701],[2.12754,41.38788],[2.12826,41.38815],[2.12797,41.38924],[2.12942,41.39199],[2.13266,41.39389],[2.134,41.39517],[2.13644,41.39636],[2.13008,41.40471],[2.13137,41.40541],[2.13309,41.40386]]}},{"type":"Feature","properties":{"id":"tmb-bus:76","code":"76","operator":"tmb","mode":"bus","color":"#DA291C","destination":"Ciutat Meridiana"},"geometry":{"type":"LineString","coordinates":[[2.13808,41.42918],[2.13705,41.42775],[2.13637,41.42736],[2.13708,41.42701],[2.13913,41.42649],[2.13969,41.42546],[2.14258,41.4247],[2.14708,41.43423],[2.14837,41.4357],[2.15038,41.43696],[2.15554,41.43869],[2.16121,41.43955],[2.17246,41.43859],[2.1742,41.43836],[2.17474,41.43811],[2.17496,41.43832],[2.17482,41.43862],[2.17823,41.44246],[2.17979,41.44591],[2.18245,41.44635],[2.18692,41.44679],[2.19049,41.44684],[2.19039,41.44866],[2.18979,41.44874],[2.18864,41.44936],[2.18906,41.45094],[2.18915,41.45327],[2.18863,41.45666],[2.18778,41.45758],[2.18367,41.46038],[2.18263,41.46178],[2.18371,41.4631],[2.1848,41.46253],[2.18498,41.46218],[2.18481,41.46182],[2.18111,41.45936],[2.18063,41.45841],[2.18036,41.45852],[2.18055,41.45931],[2.1816,41.46015],[2.18057,41.46115],[2.17967,41.46148],[2.17914,41.4619],[2.1775,41.46109],[2.17833,41.46274],[2.17896,41.46306],[2.17875,41.46346],[2.1761,41.46187],[2.17568,41.46071],[2.17536,41.46052],[2.1742,41.46069],[2.17282,41.45995],[2.17163,41.45993],[2.16913,41.45941],[2.16788,41.45965],[2.16796,41.45981],[2.17227,41.46057],[2.1744,41.46137],[2.17442,41.46158],[2.17401,41.46187],[2.17415,41.46223],[2.17392,41.46243],[2.17146,41.46312]]}},{"type":"Feature","properties":{"id":"tmb-bus:76","code":"76","operator":"tmb","mode":"bus","color":"#DA291C","destination":"Sant Genís"},"geometry":{"type":"LineString","coordinates":[[2.17146,41.46312],[2.1703,41.46427],[2.16903,41.46377],[2.16859,41.46335],[2.16882,41.46301],[2.17053,41.46241],[2.17071,41.46145],[2.17305,41.46255],[2.17376,41.46245],[2.17413,41.46219],[2.17467,41.46386],[2.17686,41.46348],[2.17854,41.46358],[2.17852,41.46335],[2.17794,41.4629],[2.1771,41.46256],[2.17682,41.46216],[2.17607,41.46177],[2.17573,41.46036],[2.17456,41.45974],[2.17453,41.45955],[2.17577,41.45968],[2.17644,41.45933],[2.17963,41.46134],[2.18016,41.46132],[2.18072,41.46096],[2.18084,41.46061],[2.18428,41.45816],[2.18491,41.45721],[2.18595,41.4569],[2.18681,41.45629],[2.18774,41.45499],[2.18761,41.45448],[2.1868,41.4538],[2.18652,41.45228],[2.18794,41.4517],[2.18783,41.45017],[2.18738,41.4487],[2.18618,41.44888],[2.18455,41.45018],[2.18333,41.44986],[2.18094,41.44787],[2.17947,41.44623],[2.17767,41.44202],[2.17469,41.43864],[2.17429,41.4385],[2.16364,41.43957],[2.16315,41.44057],[2.1623,41.44085],[2.16074,41.44012],[2.15565,41.43912],[2.15028,41.43744],[2.14796,41.43591],[2.1467,41.43451],[2.14201,41.42495],[2.13983,41.42549],[2.13918,41.42654],[2.13652,41.42735],[2.13712,41.42773],[2.1385,41.42986],[2.13808,41.42918]]}},{"type":"Feature","properties":{"id":"tmb-bus:78","code":"78","operator":"tmb","mode":"bus","color":"#DA291C","destination":"Sant Joan Despí"},"geometry":{"type":"LineString","coordinates":[[2.13932,41.37811],[2.13859,41.37865],[2.13817,41.37774],[2.13866,41.37759],[2.14031,41.3781],[2.14152,41.37888],[2.14292,41.38022],[2.14435,41.38094],[2.14026,41.38403],[2.13765,41.38629],[2.1397,41.38825],[2.13721,41.39078],[2.13689,41.39082],[2.12334,41.38742],[2.12293,41.3877],[2.12192,41.38783],[2.11345,41.39437],[2.11303,41.39452],[2.11248,41.3944],[2.11204,41.39393],[2.11135,41.39146],[2.10849,41.38956],[2.10797,41.38938],[2.10453,41.38551],[2.1027,41.3839],[2.10217,41.38364],[2.10107,41.38356],[2.10084,41.38379],[2.09787,41.3835],[2.09639,41.38286],[2.09573,41.38343],[2.09541,41.38331],[2.09719,41.38101],[2.09579,41.38019],[2.09522,41.38026],[2.09498,41.37979],[2.09125,41.37742],[2.09077,41.37723],[2.08904,41.37736],[2.08681,41.37579],[2.07997,41.36876],[2.07975,41.36878],[2.07896,41.36986],[2.07698,41.3715],[2.07688,41.37178],[2.07635,41.37186],[2.07503,41.3727],[2.07468,41.37328],[2.07407,41.37362],[2.07335,41.37492],[2.07339,41.37555],[2.07305,41.37568],[2.07286,41.37546],[2.0732,41.37473],[2.07306,41.37451],[2.07006,41.37346],[2.0674,41.37337],[2.06728,41.37206],[2.06743,41.37171],[2.0679,41.37151],[2.07022,41.37146],[2.07168,41.36894],[2.06991,41.36835],[2.0669,41.36806],[2.06542,41.36811],[2.06516,41.36795],[2.06222,41.36768],[2.06052,41.36666],[2.05819,41.36391],[2.05588,41.36584],[2.05234,41.36931],[2.05125,41.36987],[2.04826,41.37215],[2.04707,41.37329],[2.04612,41.37465],[2.0462,41.3749],[2.04861,41.3764],[2.04866,41.37658],[2.04836,41.37661],[2.04761,41.37598]]}},{"type":"Feature","properties":{"id":"tmb-bus:78","code":"78","operator":"tmb","mode":"bus","color":"#DA291C","destination":"Estació de Sants"},"geometry":{"type":"LineString","coordinates":[[2.04761,41.37598],[2.0462,41.37503],[2.04583,41.37498],[2.04579,41.37478],[2.04806,41.37229],[2.05188,41.3694],[2.05204,41.36911],[2.05253,41.36901],[2.05319,41.3685],[2.05152,41.36738],[2.0539,41.36492],[2.05398,41.36453],[2.05446,41.3644],[2.0571,41.36198],[2.05739,41.36191],[2.05859,41.36374],[2.05843,41.36398],[2.05864,41.36451],[2.0605,41.36659],[2.06135,41.36716],[2.06397,41.36788],[2.06549,41.36777],[2.06596,41.368],[2.06998,41.36832],[2.07174,41.36893],[2.07024,41.37151],[2.06793,41.37155],[2.06744,41.37176],[2.06753,41.37344],[2.07005,41.37342],[2.07326,41.37445],[2.07422,41.37295],[2.0763,41.3718],[2.07654,41.37146],[2.07704,41.37136],[2.07921,41.36947],[2.07966,41.36882],[2.07954,41.36838],[2.08002,41.36832],[2.08165,41.37029],[2.0871,41.37573],[2.08954,41.37717],[2.09141,41.3769],[2.09157,41.37712],[2.09144,41.37746],[2.09181,41.37783],[2.09758,41.38132],[2.09721,41.38203],[2.10006,41.38277],[2.10121,41.38356],[2.10243,41.38367],[2.10407,41.3851],[2.10447,41.38508],[2.10807,41.38916],[2.1114,41.39146],[2.1121,41.39386],[2.11245,41.39424],[2.11299,41.39439],[2.11352,41.39424],[2.12202,41.38768],[2.122,41.38706],[2.1222,41.38684],[2.13271,41.38934],[2.13885,41.38334],[2.14276,41.38022],[2.14125,41.37874],[2.14009,41.37807],[2.13932,41.37811]]}},{"type":"Feature","properties":{"id":"tmb-bus:91","code":"91","operator":"tmb","mode":"bus","color":"#DA291C","destination":"La Bordeta"},"geometry":{"type":"LineString","coordinates":[[2.16033,41.37651],[2.15993,41.37623],[2.15963,41.37625],[2.1566,41.37853],[2.15631,41.37857],[2.15171,41.37515],[2.14988,41.37517],[2.14894,41.37546],[2.1486,41.37524],[2.14845,41.37472],[2.14766,41.3741],[2.14252,41.37272],[2.14232,41.37006],[2.13762,41.36655],[2.137,41.36675],[2.13488,41.36621],[2.13316,41.36903],[2.13487,41.36962],[2.13774,41.36995]]}},{"type":"Feature","properties":{"id":"tmb-bus:91","code":"91","operator":"tmb","mode":"bus","color":"#DA291C","destination":"Manso"},"geometry":{"type":"LineString","coordinates":[[2.13774,41.36995],[2.13887,41.37044],[2.14236,41.37264],[2.14257,41.37209],[2.144,41.37109],[2.14863,41.37441],[2.14993,41.37488],[2.15602,41.37496],[2.15639,41.37526],[2.15544,41.37615],[2.15862,41.37854],[2.16077,41.37701],[2.16033,41.37651]]}},{"type":"Feature","properties":{"id":"tmb-bus:94","code":"94","operator":"tmb","mode":"bus","color":"#DA291C","destination":"Fontsanta"},"geometry":{"type":"LineString","coordinates":[[2.0847,41.35354],[2.0857,41.3518],[2.07839,41.34947],[2.07228,41.34978],[2.06843,41.35105],[2.06713,41.35169],[2.06338,41.35489],[2.06788,41.35665],[2.069,41.35674],[2.06911,41.35707],[2.07027,41.3581],[2.07098,41.3593],[2.07147,41.3593],[2.07296,41.35752],[2.07301,41.35703],[2.0726,41.35657],[2.07283,41.35645],[2.07318,41.35697],[2.07316,41.35736],[2.07214,41.3586]]}},{"type":"Feature","properties":{"id":"tmb-bus:94","code":"94","operator":"tmb","mode":"bus","color":"#DA291C","destination":"Barri Almeda"},"geometry":{"type":"LineString","coordinates":[[2.07214,41.3586],[2.07141,41.35951],[2.07143,41.35979],[2.07984,41.36825],[2.08067,41.36708],[2.08324,41.36519],[2.08346,41.36321],[2.08181,41.36179],[2.08059,41.35994],[2.07789,41.36013],[2.07712,41.35952],[2.07566,41.35969],[2.074,41.35889],[2.07243,41.35923],[2.0718,41.35891],[2.07302,41.35738],[2.07299,41.35697],[2.07262,41.3565],[2.07321,41.35631],[2.07542,41.35497],[2.07985,41.35486],[2.08045,41.35463],[2.08088,41.3541],[2.08374,41.35529],[2.0847,41.35354]]}},{"type":"Feature","properties":{"id":"tmb-bus:95","code":"95","operator":"tmb","mode":"bus","color":"#DA291C","destination":"Pl. Fontsanta"},"geometry":{"type":"LineString","coordinates":[[2.08769,41.35399],[2.08605,41.35637],[2.08382,41.35546],[2.08247,41.35725],[2.08144,41.35741],[2.07845,41.35674],[2.07723,41.3595],[2.07788,41.36007],[2.08072,41.35991],[2.08192,41.36181],[2.08363,41.36332],[2.08328,41.36521],[2.08074,41.36715],[2.08002,41.36824],[2.08016,41.36853],[2.07998,41.36873],[2.07954,41.36864],[2.07945,41.36825],[2.07088,41.35961],[2.07029,41.35818],[2.069,41.3571],[2.06785,41.35785],[2.06296,41.36338],[2.0618,41.36273]]}},{"type":"Feature","properties":{"id":"tmb-bus:95","code":"95","operator":"tmb","mode":"bus","color":"#DA291C","destination":"Barri Almeda"},"geometry":{"type":"LineString","coordinates":[[2.0618,41.36273],[2.05954,41.36124],[2.06094,41.35996],[2.06198,41.36043],[2.06628,41.35628],[2.0635,41.35507],[2.06282,41.35504],[2.06271,41.35467],[2.06364,41.35457],[2.06723,41.35157],[2.07194,41.34982],[2.07822,41.34929],[2.08303,41.35072],[2.08443,41.34868],[2.08473,41.3486],[2.08973,41.35101],[2.08937,41.35117],[2.08769,41.35399]]}},{"type":"Feature","properties":{"id":"tmb-bus:96","code":"96","operator":"tmb","mode":"bus","color":"#DA291C","destination":"Montcada i Reixac"},"geometry":{"type":"LineString","coordinates":[[2.1857,41.4226],[2.18583,41.42294],[2.18677,41.42286],[2.18702,41.42298],[2.18682,41.42463],[2.18309,41.43029],[2.18286,41.43173],[2.18296,41.432],[2.18342,41.43198],[2.18351,41.43316],[2.18528,41.43839],[2.18742,41.4415],[2.18753,41.44195],[2.19084,41.44219],[2.19066,41.44507],[2.19031,41.44528],[2.18764,41.44437],[2.18726,41.44472],[2.18906,41.45094],[2.18914,41.45341],[2.18863,41.45666],[2.18778,41.45758],[2.18444,41.45978],[2.18314,41.46084],[2.17866,41.46646],[2.17899,41.46678],[2.17883,41.46766],[2.17909,41.46853],[2.18043,41.46887],[2.18104,41.46948],[2.18407,41.46963],[2.18394,41.47168],[2.18367,41.47189],[2.18581,41.47411],[2.18766,41.4742],[2.18855,41.47483],[2.19046,41.48299],[2.18893,41.4823],[2.19047,41.48291],[2.19116,41.4865],[2.19082,41.48707],[2.19008,41.48747],[2.18732,41.48758],[2.18703,41.4884],[2.18718,41.48898],[2.18512,41.49165],[2.18458,41.49204],[2.18406,41.4919],[2.18228,41.49245],[2.1819,41.49301],[2.18501,41.49895],[2.18488,41.49917],[2.18162,41.50023],[2.18002,41.4973],[2.17849,41.49766],[2.17758,41.49637],[2.17738,41.49417],[2.1814,41.49392],[2.18167,41.49307],[2.17726,41.49324],[2.17792,41.49192],[2.17781,41.49157],[2.17802,41.49147],[2.1782,41.49165],[2.17745,41.49294]]}},{"type":"Feature","properties":{"id":"tmb-bus:96","code":"96","operator":"tmb","mode":"bus","color":"#DA291C","destination":"<M> La Sagrera"},"geometry":{"type":"LineString","coordinates":[[2.17745,41.49294],[2.17739,41.49431],[2.1777,41.49657],[2.17821,41.49731],[2.17955,41.49852],[2.18051,41.50014],[2.18109,41.50028],[2.18485,41.49914],[2.18496,41.49893],[2.18185,41.49304],[2.18226,41.49243],[2.18495,41.49153],[2.18708,41.489],[2.187,41.48837],[2.18732,41.48754],[2.19013,41.48742],[2.19082,41.48704],[2.19113,41.48651],[2.19051,41.48321],[2.18875,41.48222],[2.18791,41.48062],[2.18947,41.47884],[2.18842,41.47471],[2.1875,41.47419],[2.18573,41.47413],[2.18374,41.47202],[2.18087,41.46954],[2.17966,41.46945],[2.17889,41.4682],[2.17893,41.46677],[2.17828,41.46678],[2.17804,41.46659],[2.1795,41.46487],[2.17961,41.46345],[2.18086,41.46143],[2.18253,41.45981],[2.18613,41.45731],[2.18749,41.4561],[2.18836,41.45482],[2.18865,41.45368],[2.18883,41.45164],[2.18861,41.45027],[2.18689,41.44515],[2.18647,41.44453],[2.18592,41.44178],[2.18255,41.43147],[2.18279,41.4303],[2.18653,41.42474],[2.18679,41.42356],[2.18671,41.42067],[2.18571,41.42136],[2.1857,41.4226]]}},{"type":"Feature","properties":{"id":"tmb-bus:97","code":"97","operator":"tmb","mode":"bus","color":"#DA291C","destination":"Vallbona"},"geometry":{"type":"LineString","coordinates":[[2.18314,41.43167],[2.18299,41.43217],[2.18607,41.4412],[2.18906,41.45094],[2.18914,41.45341],[2.18881,41.45614],[2.18854,41.45681],[2.18778,41.45758],[2.18373,41.46032],[2.18263,41.46178],[2.18371,41.4631],[2.18469,41.4633],[2.18553,41.46414],[2.18631,41.46402],[2.1867,41.46415],[2.18676,41.46498],[2.18654,41.46535],[2.18675,41.46585],[2.18602,41.46612]]}},{"type":"Feature","properties":{"id":"tmb-bus:97","code":"97","operator":"tmb","mode":"bus","color":"#DA291C","destination":"Pg. Fabra i Puig"},"geometry":{"type":"LineString","coordinates":[[2.18602,41.46612],[2.18565,41.46585],[2.18576,41.46501],[2.18509,41.46369],[2.1843,41.46319],[2.18293,41.46318],[2.1824,41.46257],[2.18206,41.46249],[2.17942,41.46545],[2.17861,41.46669],[2.17828,41.46678],[2.17804,41.46659],[2.1795,41.46487],[2.17961,41.46345],[2.18086,41.46143],[2.18253,41.45981],[2.18613,41.45731],[2.18749,41.4561],[2.18836,41.45482],[2.1887,41.45333],[2.18883,41.45164],[2.18867,41.4505],[2.18689,41.44515],[2.18647,41.44453],[2.18618,41.44355],[2.18628,41.44309],[2.18562,41.44078],[2.18247,41.43142],[2.18266,41.43048],[2.18295,41.43055],[2.18283,41.43101],[2.18315,41.43126],[2.18314,41.43167]]}},{"type":"Feature","properties":{"id":"tmb-bus:102","code":"102","operator":"tmb","mode":"bus","color":"#DA291C","destination":"Cementiri de Collserola"},"geometry":{"type":"LineString","coordinates":[[2.1623,41.42924],[2.16357,41.42788],[2.15836,41.42568],[2.1578,41.4283],[2.15672,41.42949],[2.15652,41.43029],[2.15613,41.43057],[2.15549,41.43057],[2.15417,41.43143],[2.15298,41.43333],[2.15283,41.43393],[2.15389,41.43566],[2.15338,41.43691],[2.15481,41.44058],[2.1551,41.44082],[2.15533,41.44227],[2.15484,41.44299],[2.15484,41.44337],[2.15508,41.4435],[2.15573,41.44341],[2.15638,41.44312],[2.15711,41.44319],[2.15733,41.44343],[2.1567,41.44436],[2.15605,41.44469],[2.15588,41.44501],[2.15447,41.44557],[2.15385,41.44617],[2.15611,41.44683],[2.156,41.44715],[2.15477,41.44791],[2.15477,41.4482],[2.15574,41.44854],[2.15627,41.44904],[2.15702,41.4487],[2.15769,41.44875],[2.15886,41.44972],[2.15916,41.45032],[2.1588,41.45074],[2.15761,41.45047],[2.15711,41.45055],[2.15631,41.45183],[2.156,41.45292],[2.15504,41.45336],[2.1548,41.45385],[2.15507,41.45647],[2.15536,41.4572],[2.15493,41.45946],[2.15539,41.46021],[2.15612,41.46304],[2.15699,41.46368],[2.15681,41.46411],[2.15617,41.46458],[2.15587,41.46582],[2.15648,41.46648],[2.15645,41.46672],[2.15567,41.46716],[2.15556,41.46745],[2.15594,41.46996],[2.15632,41.47028],[2.15736,41.47037],[2.15628,41.47032],[2.15579,41.46972],[2.15551,41.46742],[2.15563,41.46715],[2.15641,41.46668],[2.15614,41.46543],[2.15658,41.4646],[2.15795,41.46475],[2.15835,41.46455],[2.15775,41.46393],[2.15812,41.46343],[2.15756,41.46129],[2.15868,41.45987],[2.15798,41.45836],[2.15772,41.45615],[2.1591,41.45512],[2.16077,41.45485],[2.15907,41.45517],[2.15793,41.45612],[2.15813,41.45647],[2.15887,41.4568],[2.15893,41.45716],[2.15845,41.45768],[2.15912,41.45871],[2.15979,41.45912],[2.16099,41.45902],[2.16289,41.45829],[2.16299,41.45796],[2.16266,41.45767],[2.16156,41.45799],[2.16029,41.45873],[2.15957,41.45851],[2.16026,41.45835],[2.16096,41.4576],[2.16257,41.45678],[2.16387,41.4576],[2.16309,41.45783],[2.16338,41.45878],[2.16323,41.45906],[2.16177,41.45986],[2.15961,41.46052],[2.15866,41.46129],[2.15955,41.4638],[2.15929,41.46337]]}},{"type":"Feature","properties":{"id":"tmb-bus:102","code":"102","operator":"tmb","mode":"bus","color":"#DA291C","destination":"Pl. Eivissa"},"geometry":{"type":"LineString","coordinates":[[2.15929,41.46337],[2.1585,41.46147],[2.15766,41.46155],[2.15816,41.46345],[2.15779,41.46393],[2.15842,41.46455],[2.158,41.4648],[2.15666,41.46462],[2.15636,41.46499],[2.15617,41.46556],[2.15647,41.46667],[2.15556,41.46732],[2.15581,41.46963],[2.1562,41.47024],[2.15736,41.47037],[2.15628,41.47032],[2.15579,41.46972],[2.15551,41.46736],[2.1562,41.4667],[2.15583,41.46585],[2.15604,41.46478],[2.15681,41.46405],[2.15695,41.46363],[2.15609,41.46305],[2.15534,41.46019],[2.15491,41.45958],[2.15484,41.45897],[2.15532,41.45719],[2.15504,41.45651],[2.15476,41.45385],[2.15498,41.45336],[2.15598,41.4529],[2.15627,41.45182],[2.1571,41.45051],[2.15758,41.45044],[2.15874,41.45071],[2.15902,41.4506],[2.15911,41.45027],[2.15889,41.44981],[2.15766,41.44877],[2.15699,41.44873],[2.15632,41.44908],[2.15572,41.44857],[2.15475,41.44825],[2.15473,41.44789],[2.15599,41.44711],[2.15606,41.44683],[2.15481,41.44642],[2.15434,41.44646],[2.1538,41.44619],[2.15443,41.44555],[2.1558,41.44503],[2.156,41.44468],[2.15664,41.44436],[2.15729,41.44348],[2.15712,41.44324],[2.15635,41.44315],[2.1551,41.44358],[2.15481,41.44342],[2.15528,41.44196],[2.15496,41.44106],[2.15462,41.44087],[2.15476,41.44055],[2.15319,41.43656],[2.1535,41.43559],[2.15306,41.4349],[2.1544,41.43203],[2.15502,41.43147],[2.15586,41.4312],[2.15642,41.4308],[2.15644,41.4305],[2.15583,41.43055],[2.15559,41.43025],[2.15645,41.42928],[2.15653,41.42891],[2.15952,41.42966],[2.16199,41.42953],[2.1623,41.42924]]}},{"type":"Feature","properties":{"id":"tmb-bus:104","code":"104","operator":"tmb","mode":"bus","color":"#DA291C","destination":"Cementiri de Collserola"},"geometry":{"type":"LineString","coordinates":[[2.18314,41.43162],[2.18299,41.43217],[2.18899,41.4506],[2.18914,41.45341],[2.18881,41.45614],[2.18844,41.45697],[2.18314,41.46084],[2.17839,41.46678],[2.1781,41.46669],[2.17807,41.46646],[2.1795,41.46487],[2.17954,41.46365],[2.18006,41.46254],[2.17753,41.46105],[2.17833,41.46274],[2.17896,41.46306],[2.17888,41.46339],[2.17848,41.46361],[2.17681,41.46352],[2.17489,41.46388],[2.17504,41.46471],[2.17485,41.46543],[2.17353,41.46534],[2.17267,41.46564],[2.1708,41.46705],[2.17031,41.46769],[2.16916,41.46838],[2.16626,41.47267],[2.16613,41.47331],[2.16648,41.47418],[2.16635,41.47431],[2.1654,41.47392],[2.16474,41.47303],[2.16249,41.4725],[2.16192,41.47254],[2.15899,41.47373],[2.15924,41.47283],[2.15865,41.47253],[2.15934,41.47187],[2.15871,41.47167],[2.15733,41.47046],[2.15609,41.47024],[2.15578,41.46967],[2.15551,41.46736],[2.15641,41.46668],[2.15645,41.46624],[2.15611,41.46557],[2.15638,41.46478],[2.15671,41.46456],[2.15795,41.46475],[2.15835,41.46455],[2.15774,41.4639],[2.15812,41.4635],[2.15755,41.46172],[2.15771,41.46092],[2.15882,41.45978],[2.16142,41.45908],[2.16289,41.45829],[2.16303,41.45806],[2.16281,41.45766],[2.163,41.45755],[2.16338,41.45872],[2.16328,41.45902],[2.16177,41.45986],[2.15961,41.46052],[2.15863,41.46133],[2.15955,41.4638],[2.15929,41.46337]]}},{"type":"Feature","properties":{"id":"tmb-bus:104","code":"104","operator":"tmb","mode":"bus","color":"#DA291C","destination":"Fabra i Puig"},"geometry":{"type":"LineString","coordinates":[[2.15929,41.46337],[2.1585,41.46147],[2.15766,41.46155],[2.15816,41.46345],[2.15779,41.46393],[2.15842,41.46455],[2.15808,41.46479],[2.1568,41.4646],[2.15643,41.4648],[2.15617,41.46556],[2.15647,41.46667],[2.15556,41.46737],[2.156,41.47006],[2.15638,41.4703],[2.1573,41.47031],[2.15767,41.47084],[2.15847,41.47129],[2.15875,41.47166],[2.15938,41.47186],[2.15869,41.47253],[2.15927,41.47281],[2.15902,41.47373],[2.16181,41.47256],[2.16247,41.47248],[2.16476,41.47302],[2.16549,41.47395],[2.16635,41.47428],[2.16605,41.47336],[2.16614,41.47271],[2.16905,41.46839],[2.17245,41.4657],[2.17373,41.46515],[2.17493,41.4649],[2.17484,41.46386],[2.17679,41.46349],[2.17859,41.46354],[2.17794,41.4629],[2.1771,41.46256],[2.17682,41.46216],[2.17612,41.46182],[2.17573,41.46036],[2.17456,41.45974],[2.17453,41.45955],[2.17577,41.45968],[2.17647,41.45934],[2.17963,41.46134],[2.17934,41.46186],[2.18016,41.46234],[2.18207,41.46019],[2.18613,41.45731],[2.18784,41.45568],[2.1886,41.45396],[2.18882,41.45192],[2.18872,41.45072],[2.18689,41.44515],[2.18647,41.44453],[2.18618,41.44355],[2.18628,41.44309],[2.18562,41.44078],[2.18247,41.43142],[2.18262,41.43049],[2.18294,41.43053],[2.18283,41.43101],[2.18315,41.43126],[2.18314,41.43162]]}},{"type":"Feature","properties":{"id":"tmb-bus:107","code":"107","operator":"tmb","mode":"bus","color":"#DA291C","destination":"Pg. del Migdia"},"geometry":{"type":"LineString","coordinates":[[2.15822,41.35206],[2.15728,41.3521],[2.1566,41.3528],[2.15564,41.35317],[2.15432,41.35283],[2.15421,41.353],[2.15669,41.35406],[2.15666,41.35439],[2.15725,41.3545],[2.15733,41.35494],[2.15799,41.35543],[2.15689,41.35493],[2.15678,41.35505],[2.15788,41.35566],[2.15785,41.35579],[2.15632,41.35517],[2.155,41.3553],[2.15248,41.35453],[2.1572,41.35634],[2.15769,41.35632],[2.15734,41.35696],[2.15696,41.35706],[2.15452,41.35616],[2.15148,41.35571],[2.15198,41.35621],[2.15381,41.35666],[2.15639,41.35768],[2.15631,41.35792],[2.15352,41.35772],[2.1549,41.35874]]}},{"type":"Feature","properties":{"id":"tmb-bus:107","code":"107","operator":"tmb","mode":"bus","color":"#DA291C","destination":"Pg. Can Tunis"},"geometry":{"type":"LineString","coordinates":[[2.1549,41.35874],[2.15735,41.35884],[2.15653,41.35849],[2.15422,41.35834],[2.152,41.35694],[2.15028,41.35639],[2.15014,41.35613],[2.15027,41.35563],[2.15071,41.35547],[2.15435,41.35611],[2.15133,41.355],[2.14988,41.35522],[2.1519,41.35435],[2.15458,41.35518],[2.15258,41.3543],[2.15271,41.35419],[2.15483,41.35493],[2.15462,41.35464],[2.15232,41.35376],[2.15221,41.35358],[2.15244,41.35344],[2.15498,41.35377],[2.15512,41.35348],[2.1536,41.35287],[2.15218,41.3528],[2.15118,41.35318],[2.15084,41.35284],[2.15403,41.35132],[2.15678,41.35215],[2.15837,41.35201],[2.15863,41.35183],[2.15884,41.352],[2.15822,41.35206]]}},{"type":"Feature","properties":{"id":"tmb-bus:109","code":"109","operator":"tmb","mode":"bus","color":"#DA291C","destination":"Hospital Clínic"},"geometry":{"type":"LineString","coordinates":[[2.11551,41.33118],[2.11763,41.33463],[2.11796,41.33475],[2.13556,41.32861],[2.13583,41.32827],[2.13616,41.32826],[2.13858,41.33225],[2.13936,41.33271],[2.13931,41.33343],[2.14587,41.34423],[2.14183,41.3458],[2.14167,41.34637],[2.14271,41.34696],[2.14551,41.34781],[2.14849,41.34685],[2.14871,41.34695],[2.13655,41.36374],[2.13594,41.36486],[2.14604,41.37261],[2.14867,41.37444],[2.14964,41.37482],[2.14967,41.37518],[2.14927,41.37556],[2.14293,41.3802],[2.14583,41.38147],[2.14693,41.38066],[2.14736,41.38065],[2.15612,41.38728],[2.15405,41.38897],[2.15305,41.38842]]}},{"type":"Feature","properties":{"id":"tmb-bus:109","code":"109","operator":"tmb","mode":"bus","color":"#DA291C","destination":"Polígon Zona Franca"},"geometry":{"type":"LineString","coordinates":[[2.15305,41.38842],[2.1529,41.38812],[2.15376,41.38744],[2.15376,41.38724],[2.1479,41.38269],[2.14277,41.38035],[2.14881,41.37568],[2.14848,41.37476],[2.13885,41.36732],[2.1358,41.36521],[2.13518,41.36504],[2.13491,41.36479],[2.13507,41.36441],[2.1357,41.36431],[2.13611,41.36396],[2.14635,41.34988],[2.14708,41.34852],[2.14695,41.34693],[2.14651,41.34571],[2.13897,41.33354],[2.1382,41.33315],[2.13822,41.33232],[2.13615,41.32901],[2.13589,41.3288],[2.13541,41.32882],[2.12921,41.33107],[2.129,41.33042],[2.12479,41.32357],[2.12407,41.32324],[2.11758,41.32513],[2.11552,41.32609],[2.11359,41.32737],[2.11351,41.32794],[2.11551,41.33118]]}},{"type":"Feature","properties":{"id":"tmb-bus:109","code":"109","operator":"tmb","mode":"bus","color":"#DA291C","destination":"Zona Franca ZAL"},"geometry":{"type":"LineString","coordinates":[[2.15305,41.38842],[2.1529,41.38812],[2.15376,41.38744],[2.15376,41.38724],[2.1479,41.38269],[2.14277,41.38035],[2.14881,41.37568],[2.14848,41.37476],[2.13885,41.36732],[2.1358,41.36521],[2.13518,41.36504],[2.13491,41.36479],[2.13507,41.36441],[2.1357,41.36431],[2.13611,41.36396],[2.14635,41.34988],[2.14708,41.34852],[2.14695,41.34693],[2.14651,41.34571],[2.13897,41.33354],[2.1382,41.33315],[2.13824,41.33237],[2.13737,41.33102]]}},{"type":"Feature","properties":{"id":"tmb-bus:111","code":"111","operator":"tmb","mode":"bus","color":"#DA291C","destination":"Vallvidrera"},"geometry":{"type":"LineString","coordinates":[[2.11904,41.42038],[2.1188,41.41969],[2.11632,41.41868],[2.11672,41.41853],[2.1166,41.41769],[2.11491,41.41611],[2.11406,41.41608],[2.11317,41.41675],[2.11274,41.41681],[2.11021,41.41595],[2.1083,41.41479],[2.10681,41.41474],[2.10596,41.41426],[2.10542,41.41452],[2.10501,41.41438],[2.10467,41.41392],[2.1048,41.41325],[2.10418,41.41288],[2.10297,41.41118],[2.10203,41.40912],[2.10136,41.40902],[2.10165,41.40893]]}},{"type":"Feature","properties":{"id":"tmb-bus:111","code":"111","operator":"tmb","mode":"bus","color":"#DA291C","destination":"Tibidabo"},"geometry":{"type":"LineString","coordinates":[[2.10165,41.40893],[2.10206,41.40899],[2.10303,41.41117],[2.10425,41.41288],[2.10477,41.41311],[2.10471,41.41396],[2.10504,41.41436],[2.10541,41.41448],[2.10596,41.41423],[2.10682,41.41472],[2.10832,41.41476],[2.11022,41.41591],[2.11275,41.41678],[2.11316,41.41671],[2.11405,41.41606],[2.11491,41.41608],[2.1165,41.4175],[2.11688,41.41837],[2.11827,41.419],[2.11917,41.41913],[2.12001,41.42039],[2.12154,41.42087],[2.12146,41.42129],[2.12046,41.42272],[2.12051,41.42402],[2.12137,41.42552],[2.12104,41.42588],[2.11957,41.42557],[2.11906,41.42337],[2.11828,41.42231],[2.11836,41.42192],[2.1192,41.42127],[2.11894,41.42114],[2.11966,41.42111],[2.11904,41.42038]]}},{"type":"Feature","properties":{"id":"tmb-bus:112","code":"112","operator":"tmb","mode":"bus","color":"#DA291C","destination":"Sant Genís"},"geometry":{"type":"LineString","coordinates":[[2.15731,41.42957],[2.1563,41.4305],[2.15577,41.43053],[2.15559,41.43021],[2.15645,41.42928],[2.15646,41.42888],[2.15502,41.42833],[2.15167,41.42644],[2.15095,41.42625],[2.15049,41.42625],[2.14909,41.42686],[2.14629,41.42674],[2.14338,41.42748],[2.14204,41.42496],[2.14098,41.42515],[2.14072,41.42487],[2.13952,41.42453],[2.13741,41.42509],[2.13595,41.42598],[2.1354,41.42715],[2.13574,41.42735],[2.13655,41.42742],[2.13713,41.42775],[2.1366,41.42805],[2.13664,41.42855],[2.13615,41.4292],[2.13545,41.42855],[2.13454,41.42889],[2.13372,41.42964],[2.13301,41.42966],[2.1312,41.4286],[2.13015,41.42877],[2.12929,41.42952],[2.1285,41.42921],[2.12908,41.42833],[2.12871,41.42786],[2.12909,41.42765],[2.13013,41.42777],[2.1312,41.42741],[2.13266,41.42761],[2.13397,41.42714],[2.13426,41.42665],[2.1346,41.42663],[2.13543,41.42692],[2.13563,41.42736],[2.13488,41.42749],[2.1327,41.4284],[2.13137,41.42807],[2.12987,41.4284],[2.1297,41.42858],[2.12965,41.42844]]}},{"type":"Feature","properties":{"id":"tmb-bus:112","code":"112","operator":"tmb","mode":"bus","color":"#DA291C","destination":"Horta"},"geometry":{"type":"LineString","coordinates":[[2.12966,41.42844],[2.13137,41.42804],[2.13264,41.42838],[2.13487,41.42746],[2.13634,41.42737],[2.13708,41.42701],[2.13913,41.42649],[2.13969,41.42546],[2.1425,41.42469],[2.14375,41.42719],[2.14404,41.42719],[2.14463,41.42699],[2.14496,41.42665],[2.14496,41.42579],[2.14461,41.42499],[2.14481,41.42457],[2.14547,41.4243],[2.14643,41.4242],[2.14781,41.42454],[2.15057,41.42612],[2.1517,41.42636],[2.15521,41.4283],[2.15773,41.42921],[2.15731,41.42957]]}},{"type":"Feature","properties":{"id":"tmb-bus:113","code":"113","operator":"tmb","mode":"bus","color":"#DA291C","destination":"Barri de la Mercè"},"geometry":{"type":"LineString","coordinates":[[2.12252,41.38774],[2.12214,41.38756],[2.12194,41.38705],[2.12156,41.38693],[2.11267,41.38468],[2.11177,41.38486],[2.11073,41.38463],[2.11057,41.385],[2.112,41.38671],[2.10968,41.38794],[2.11255,41.39016],[2.10885,41.39309],[2.10961,41.39368],[2.10998,41.39371],[2.10995,41.39397],[2.10784,41.39552],[2.10738,41.39552]]}},{"type":"Feature","properties":{"id":"tmb-bus:113","code":"113","operator":"tmb","mode":"bus","color":"#DA291C","destination":"Pl. Pius XII"},"geometry":{"type":"LineString","coordinates":[[2.10738,41.39552],[2.10558,41.3951],[2.10486,41.39458],[2.10431,41.39289],[2.10368,41.39201],[2.10396,41.39157],[2.10381,41.39087],[2.10412,41.39047],[2.10375,41.39011],[2.10342,41.38852],[2.10373,41.38848],[2.10469,41.38948],[2.10523,41.38944],[2.10495,41.38896],[2.10677,41.38809],[2.10609,41.38718],[2.11043,41.38502],[2.11105,41.38403],[2.11206,41.38415],[2.11308,41.38242],[2.1149,41.38118],[2.11879,41.38057],[2.11961,41.38117],[2.12076,41.38125],[2.12124,41.3815],[2.12242,41.38269],[2.12237,41.38425],[2.1226,41.38451],[2.12268,41.38649],[2.12333,41.38703],[2.12307,41.38763],[2.12252,41.38774]]}},{"type":"Feature","properties":{"id":"tmb-bus:114","code":"114","operator":"tmb","mode":"bus","color":"#DA291C","destination":"Can Baró"},"geometry":{"type":"LineString","coordinates":[[2.16217,41.40644],[2.16063,41.4081],[2.16169,41.40855],[2.16342,41.40687],[2.16469,41.41156],[2.16357,41.41344],[2.16642,41.41483],[2.16723,41.4154],[2.1662,41.4167],[2.16754,41.41762],[2.16768,41.41815],[2.1684,41.41873],[2.16927,41.41859],[2.16838,41.41878],[2.16762,41.41817],[2.16751,41.41765],[2.16614,41.41671],[2.16719,41.41551],[2.16676,41.41526],[2.16596,41.41503],[2.16454,41.41538],[2.16302,41.41657],[2.16394,41.41634],[2.164,41.41646],[2.16278,41.41727],[2.16115,41.41666],[2.15994,41.41589],[2.16097,41.41511],[2.16204,41.41624],[2.16229,41.41622]]}},{"type":"Feature","properties":{"id":"tmb-bus:114","code":"114","operator":"tmb","mode":"bus","color":"#DA291C","destination":"Gràcia"},"geometry":{"type":"LineString","coordinates":[[2.16229,41.41622],[2.16267,41.4163],[2.16413,41.4147],[2.1622,41.4141],[2.16128,41.4135],[2.16238,41.4123],[2.16457,41.41164],[2.1638,41.40882],[2.15556,41.40359],[2.15874,41.40093],[2.16148,41.39825],[2.16076,41.39753],[2.16186,41.39675],[2.16761,41.40107],[2.16321,41.40447],[2.16355,41.40498],[2.16217,41.40644]]}},{"type":"Feature","properties":{"id":"tmb-bus:115","code":"115","operator":"tmb","mode":"bus","color":"#DA291C","destination":"Estació de Sants"},"geometry":{"type":"LineString","coordinates":[[2.13302,41.36826],[2.13366,41.36732],[2.13393,41.36753],[2.13315,41.36903],[2.13487,41.36962],[2.13721,41.36983],[2.1378,41.37005],[2.13659,41.37296],[2.13611,41.3759],[2.13775,41.37722],[2.14037,41.37814],[2.14152,41.37888],[2.14292,41.38022],[2.14434,41.38087],[2.14243,41.38237],[2.14221,41.38226],[2.1421,41.38093],[2.14174,41.38062],[2.14072,41.38049],[2.14017,41.38156]]}},{"type":"Feature","properties":{"id":"tmb-bus:115","code":"115","operator":"tmb","mode":"bus","color":"#DA291C","destination":"La Bordeta"},"geometry":{"type":"LineString","coordinates":[[2.14017,41.38156],[2.13998,41.38195],[2.14026,41.38212],[2.14687,41.37707],[2.14322,41.37531],[2.14255,41.37522],[2.14236,41.37011],[2.13942,41.36787],[2.1374,41.3699],[2.13495,41.36969],[2.1329,41.36908],[2.13272,41.36892],[2.13302,41.36826]]}},{"type":"Feature","properties":{"id":"tmb-bus:117","code":"117","operator":"tmb","mode":"bus","color":"#DA291C","destination":"Font d'en Fargas"},"geometry":{"type":"LineString","coordinates":[[2.17697,41.41085],[2.17723,41.41081],[2.17828,41.41162],[2.17788,41.41201],[2.17794,41.41222],[2.18325,41.41633],[2.18213,41.41703],[2.18011,41.41564],[2.17802,41.41636],[2.17915,41.41833],[2.17871,41.41881],[2.17993,41.41913],[2.17979,41.41997],[2.17845,41.41989],[2.17666,41.41859],[2.17629,41.41873],[2.17592,41.41808],[2.17509,41.41736],[2.17424,41.41765],[2.17405,41.41793],[2.17113,41.41858],[2.17152,41.4193],[2.17082,41.4197],[2.17049,41.42022],[2.17057,41.4211],[2.16905,41.42132],[2.16963,41.42265],[2.1696,41.42302],[2.16911,41.42349],[2.16781,41.42406],[2.16265,41.42336],[2.1642,41.42257],[2.16416,41.42144],[2.16381,41.42219],[2.1632,41.42237],[2.16384,41.421],[2.16358,41.4217]]}},{"type":"Feature","properties":{"id":"tmb-bus:117","code":"117","operator":"tmb","mode":"bus","color":"#DA291C","destination":"Guinardó"},"geometry":{"type":"LineString","coordinates":[[2.16358,41.4217],[2.16335,41.42237],[2.16382,41.4221],[2.1643,41.42131],[2.16428,41.42256],[2.16393,41.42286],[2.16521,41.42307],[2.16548,41.42439],[2.16743,41.42465],[2.16881,41.42408],[2.1691,41.42411],[2.16942,41.42495],[2.16863,41.42575],[2.16892,41.42593],[2.16995,41.42512],[2.16992,41.42433],[2.17029,41.42364],[2.1697,41.42295],[2.16904,41.42126],[2.17049,41.42113],[2.17042,41.42024],[2.17079,41.41967],[2.17228,41.41898],[2.17307,41.42011],[2.17309,41.42188],[2.1735,41.42242],[2.17435,41.42211],[2.17218,41.41881],[2.17407,41.41848],[2.17412,41.41944],[2.17705,41.42122],[2.17767,41.42365],[2.18018,41.4209],[2.17964,41.42052],[2.17942,41.42059],[2.17667,41.4186],[2.17726,41.41823],[2.17673,41.41742],[2.18029,41.41634],[2.18038,41.41586],[2.17557,41.41214],[2.17559,41.41191],[2.17697,41.41085]]}},{"type":"Feature","properties":{"id":"tmb-bus:118","code":"118","operator":"tmb","mode":"bus","color":"#DA291C","destination":"Mas Guimbau"},"geometry":{"type":"LineString","coordinates":[[2.10442,41.41304],[2.1045,41.41292],[2.10475,41.4131],[2.10438,41.41355],[2.10442,41.4147],[2.10477,41.41494],[2.10384,41.41607],[2.10407,41.41649],[2.10385,41.41709],[2.10418,41.41725],[2.10501,41.41706],[2.10552,41.418],[2.10691,41.41768],[2.10728,41.41775],[2.10745,41.41807],[2.1069,41.41842],[2.10672,41.4188],[2.10768,41.41988],[2.10824,41.42017],[2.1084,41.42063],[2.10818,41.42067],[2.1068,41.41992],[2.10617,41.41937],[2.10534,41.41917],[2.10361,41.4191],[2.10198,41.41863],[2.09936,41.41927],[2.09812,41.41903],[2.09709,41.41949],[2.09622,41.41892],[2.0947,41.41841],[2.09398,41.41769],[2.09442,41.41787],[2.0967,41.41781],[2.09705,41.41729],[2.09667,41.41666],[2.09621,41.41643],[2.0965,41.41708],[2.096,41.41693],[2.09473,41.41542],[2.09266,41.41563],[2.09472,41.41539],[2.09601,41.4169],[2.09648,41.41703],[2.09622,41.4164],[2.09665,41.41662],[2.09707,41.41726],[2.09671,41.41784],[2.09444,41.41789],[2.094,41.4177],[2.09475,41.41841],[2.09634,41.41894],[2.09712,41.41952],[2.09325,41.42396],[2.09104,41.42808],[2.09043,41.4286],[2.08944,41.42867],[2.08943,41.42851],[2.09019,41.42808],[2.08943,41.42768],[2.08924,41.42729],[2.08861,41.42708],[2.08919,41.42666],[2.08939,41.42597],[2.08963,41.42599],[2.0899,41.42634],[2.08959,41.42577],[2.0896,41.42521],[2.09023,41.42557],[2.09074,41.425],[2.0906,41.42391],[2.09048,41.42459],[2.09026,41.42476],[2.08926,41.42438],[2.0887,41.42382],[2.08972,41.42403],[2.08984,41.42315],[2.0901,41.42284],[2.08977,41.42306],[2.08951,41.42365],[2.08868,41.42317],[2.08731,41.4234],[2.08771,41.42312],[2.08721,41.42238],[2.08781,41.42222],[2.0875,41.42219],[2.08753,41.42191],[2.0862,41.42158],[2.0853,41.42094],[2.08495,41.4201]]}},{"type":"Feature","properties":{"id":"tmb-bus:118","code":"118","operator":"tmb","mode":"bus","color":"#DA291C","destination":"Vallvidrera"},"geometry":{"type":"LineString","coordinates":[[2.08495,41.4201],[2.08538,41.42096],[2.08633,41.42162],[2.08758,41.4219],[2.08751,41.42218],[2.08785,41.42221],[2.08723,41.42239],[2.08751,41.42298],[2.08779,41.42313],[2.08736,41.4234],[2.08866,41.42314],[2.0895,41.42362],[2.08977,41.423],[2.09014,41.42283],[2.08986,41.4232],[2.08974,41.42406],[2.08874,41.42381],[2.08926,41.42433],[2.09016,41.42473],[2.09041,41.42462],[2.09061,41.4239],[2.09084,41.42435],[2.09076,41.42503],[2.09026,41.4256],[2.08964,41.42522],[2.0896,41.4257],[2.0899,41.42634],[2.08943,41.42596],[2.08921,41.42667],[2.08864,41.42708],[2.08931,41.42727],[2.09023,41.42806],[2.0895,41.42864],[2.09042,41.42857],[2.09102,41.42802],[2.09329,41.42386],[2.09707,41.41951],[2.09622,41.41892],[2.0947,41.41841],[2.09398,41.41769],[2.09442,41.41787],[2.0967,41.41781],[2.09705,41.41729],[2.09667,41.41666],[2.09621,41.41643],[2.0965,41.41708],[2.096,41.41693],[2.09473,41.41542],[2.09266,41.41563],[2.09472,41.41539],[2.09601,41.4169],[2.09648,41.41703],[2.09622,41.4164],[2.09665,41.41662],[2.09707,41.41726],[2.09671,41.41784],[2.09444,41.41789],[2.094,41.4177],[2.09475,41.41841],[2.09693,41.41929],[2.09802,41.41842],[2.09851,41.41901],[2.09919,41.41924],[2.10197,41.4186],[2.10366,41.41906],[2.10531,41.41914],[2.10619,41.41935],[2.10682,41.41989],[2.10835,41.4206],[2.10819,41.42017],[2.10767,41.41992],[2.10669,41.41883],[2.10686,41.41842],[2.10741,41.41807],[2.10726,41.4178],[2.10695,41.41772],[2.10551,41.41804],[2.10498,41.4171],[2.10419,41.41729],[2.10381,41.41709],[2.10401,41.41653],[2.10379,41.41606],[2.10469,41.415],[2.10435,41.41466],[2.10436,41.41358],[2.10458,41.41317],[2.10442,41.41304]]}},{"type":"Feature","properties":{"id":"tmb-bus:119","code":"119","operator":"tmb","mode":"bus","color":"#DA291C","destination":"Penitents"},"geometry":{"type":"LineString","coordinates":[[2.16542,41.41908],[2.16605,41.41948],[2.1662,41.41997],[2.16605,41.42017],[2.16474,41.4201],[2.16307,41.42037],[2.16176,41.4208],[2.15734,41.41877],[2.15679,41.42065],[2.15517,41.42085],[2.15361,41.42204],[2.15112,41.42163],[2.14954,41.42075],[2.1495,41.42152],[2.14923,41.42165],[2.14786,41.42161],[2.1468,41.42124],[2.14439,41.42137],[2.1432,41.42098],[2.143,41.4213],[2.14318,41.42161],[2.1427,41.42199],[2.14124,41.42189],[2.14108,41.42202],[2.14192,41.42374],[2.14258,41.42456],[2.14379,41.42727],[2.14341,41.42749],[2.14001,41.42059],[2.1386,41.42116],[2.13913,41.42217],[2.13869,41.42241],[2.13838,41.42215],[2.13779,41.42321],[2.13725,41.42349],[2.13629,41.42365],[2.13605,41.42451],[2.13502,41.42484],[2.13601,41.42452],[2.13627,41.42362],[2.13745,41.42339],[2.13808,41.42277],[2.13843,41.42177],[2.13774,41.4213],[2.13766,41.42105],[2.13884,41.42055],[2.139,41.42031],[2.1384,41.41777],[2.13886,41.41743],[2.13926,41.41801],[2.14061,41.41748]]}},{"type":"Feature","properties":{"id":"tmb-bus:119","code":"119","operator":"tmb","mode":"bus","color":"#DA291C","destination":"Carmel"},"geometry":{"type":"LineString","coordinates":[[2.14061,41.41748],[2.14118,41.41742],[2.14065,41.42098],[2.14192,41.42374],[2.14258,41.42456],[2.14256,41.42477],[2.1421,41.42489],[2.14012,41.42042],[2.1408,41.42124],[2.14177,41.42153],[2.14212,41.42149],[2.14343,41.42068],[2.14699,41.42182],[2.14862,41.42198],[2.14995,41.42261],[2.15052,41.42194],[2.15106,41.42169],[2.15173,41.42266],[2.15463,41.42436],[2.1573,41.42146],[2.15771,41.41894],[2.15725,41.41861],[2.15761,41.41814],[2.15875,41.41776],[2.15983,41.4186],[2.15859,41.41775],[2.15747,41.41823],[2.15735,41.4187],[2.16178,41.42071],[2.16468,41.42007],[2.16603,41.42014],[2.16603,41.41952],[2.16564,41.41916],[2.16493,41.41917],[2.16485,41.41943],[2.16371,41.41945],[2.16411,41.41917],[2.16542,41.41908]]}},{"type":"Feature","properties":{"id":"tmb-bus:120","code":"120","operator":"tmb","mode":"bus","color":"#DA291C","destination":"Ciutat Vella"},"geometry":{"type":"LineString","coordinates":[[2.16051,41.37665],[2.15998,41.37625],[2.15968,41.37623],[2.1577,41.37784],[2.16208,41.38111],[2.16324,41.38034],[2.16714,41.38053],[2.16802,41.37979],[2.16806,41.3795],[2.17021,41.3777],[2.17208,41.37686],[2.17628,41.37603],[2.17753,41.37549],[2.17789,41.37559],[2.17814,41.37623],[2.18321,41.38244],[2.18483,41.38177],[2.18411,41.38117],[2.18281,41.38097],[2.17704,41.3853],[2.17694,41.38569],[2.17881,41.38708],[2.17936,41.38721],[2.18013,41.38781],[2.18011,41.3883],[2.18061,41.38815],[2.18094,41.38962]]}},{"type":"Feature","properties":{"id":"tmb-bus:120","code":"120","operator":"tmb","mode":"bus","color":"#DA291C","destination":"Mercat Sant Antoni"},"geometry":{"type":"LineString","coordinates":[[2.18094,41.38962],[2.18098,41.38978],[2.18129,41.38968],[2.18141,41.38891],[2.18236,41.38815],[2.18174,41.38753],[2.18208,41.38667],[2.17874,41.38393],[2.18212,41.38124],[2.18189,41.38106],[2.18075,41.3814],[2.18035,41.38098],[2.17808,41.37755],[2.17869,41.37721],[2.17732,41.37583],[2.17233,41.37688],[2.17057,41.37771],[2.17052,41.37796],[2.16851,41.37966],[2.1681,41.37977],[2.16736,41.38041],[2.1689,41.38157],[2.1663,41.38444],[2.16516,41.3846],[2.1637,41.38413],[2.16101,41.38209],[2.16323,41.38018],[2.16298,41.37852],[2.16051,41.37665]]}},{"type":"Feature","properties":{"id":"tmb-bus:121","code":"121","operator":"tmb","mode":"bus","color":"#DA291C","destination":"Poble Sec"},"geometry":{"type":"LineString","coordinates":[[2.16141,41.37732],[2.15871,41.37529],[2.15768,41.37303],[2.15596,41.37292],[2.15603,41.37212],[2.16037,41.37221],[2.16106,41.37386],[2.16591,41.37228],[2.16562,41.37168],[2.16635,41.37151],[2.16698,41.372],[2.16805,41.37152],[2.16915,41.37169],[2.17192,41.37235],[2.17235,41.3731],[2.17292,41.37296]]}},{"type":"Feature","properties":{"id":"tmb-bus:121","code":"121","operator":"tmb","mode":"bus","color":"#DA291C","destination":"Mercat Sant Antoni"},"geometry":{"type":"LineString","coordinates":[[2.17292,41.37296],[2.1731,41.37283],[2.1728,41.37234],[2.1713,41.3723],[2.16914,41.3717],[2.16799,41.37155],[2.16701,41.37204],[2.16845,41.3734],[2.17195,41.37241],[2.17313,41.37482],[2.16799,41.37505],[2.16331,41.37855],[2.16302,41.37853],[2.16141,41.37732]]}},{"type":"Feature","properties":{"id":"tmb-bus:122","code":"122","operator":"tmb","mode":"bus","color":"#DA291C","destination":"Turó de la Peira"},"geometry":{"type":"LineString","coordinates":[[2.17028,41.43348],[2.17108,41.43309],[2.16915,41.43032],[2.16955,41.42969],[2.16847,41.42944],[2.16816,41.42882],[2.17268,41.4277],[2.17489,41.42789],[2.17557,41.42715],[2.17637,41.42547],[2.17731,41.42556],[2.17739,41.42865],[2.18415,41.42873],[2.18325,41.43024],[2.16566,41.43059],[2.16437,41.43102],[2.16381,41.43141],[2.16318,41.43255],[2.16336,41.43297],[2.1638,41.43211],[2.16459,41.43141],[2.16594,41.43109],[2.16696,41.43106],[2.1671,41.43091],[2.1684,41.43117],[2.16927,41.43192],[2.16927,41.43207],[2.16825,41.43252],[2.16755,41.432],[2.16923,41.43034],[2.17063,41.43239],[2.17022,41.43282]]}},{"type":"Feature","properties":{"id":"tmb-bus:122","code":"122","operator":"tmb","mode":"bus","color":"#DA291C","destination":"Montsant/Cadí"},"geometry":{"type":"LineString","coordinates":[[2.17022,41.43282],[2.16813,41.43392],[2.16839,41.43438],[2.16714,41.43495],[2.16571,41.43527],[2.1659,41.43586],[2.16437,41.43627],[2.16632,41.43925],[2.16364,41.43957],[2.16336,41.43988],[2.1636,41.44013],[2.17041,41.4428],[2.17026,41.44311],[2.16368,41.44075],[2.1623,41.44085],[2.16177,41.44068],[2.16149,41.44001],[2.16201,41.43949],[2.16613,41.43918],[2.16429,41.43626],[2.16982,41.4348],[2.17096,41.4348],[2.17207,41.43523],[2.17225,41.43485],[2.17132,41.43363],[2.16951,41.43468],[2.16952,41.4349],[2.16874,41.43507],[2.16842,41.43432],[2.17028,41.43348]]}},{"type":"Feature","properties":{"id":"tmb-bus:123","code":"123","operator":"tmb","mode":"bus","color":"#DA291C","destination":"Iradier"},"geometry":{"type":"LineString","coordinates":[[2.14088,41.41737],[2.1412,41.41722],[2.14294,41.41447],[2.14289,41.41272],[2.14199,41.41293],[2.14087,41.41351],[2.1395,41.41529],[2.13816,41.41536],[2.13705,41.41611],[2.13636,41.41602],[2.13604,41.41562],[2.13623,41.4151],[2.13984,41.41237],[2.1383,41.41125],[2.13773,41.41051],[2.13604,41.41008],[2.13543,41.40975],[2.13433,41.40871],[2.13425,41.40768],[2.13352,41.40666],[2.12944,41.40443],[2.12871,41.40509],[2.12642,41.40393]]}},{"type":"Feature","properties":{"id":"tmb-bus:123","code":"123","operator":"tmb","mode":"bus","color":"#DA291C","destination":"Av. Tibidabo"},"geometry":{"type":"LineString","coordinates":[[2.12642,41.40393],[2.12606,41.40381],[2.12432,41.40562],[2.12836,41.408],[2.12773,41.40854],[2.12639,41.40909],[2.12597,41.41025],[2.12833,41.41156],[2.12973,41.41172],[2.13089,41.41096],[2.12975,41.41058],[2.13005,41.40965],[2.13145,41.41063],[2.13451,41.40878],[2.13567,41.40983],[2.13711,41.41021],[2.13406,41.41443],[2.1362,41.41505],[2.1371,41.41437],[2.138,41.41438],[2.13837,41.41495],[2.13771,41.4158],[2.13868,41.41682],[2.13918,41.41799],[2.14088,41.41737]]}},{"type":"Feature","properties":{"id":"tmb-bus:124","code":"124","operator":"tmb","mode":"bus","color":"#DA291C","destination":"Collserola"},"geometry":{"type":"LineString","coordinates":[[2.14072,41.41743],[2.1412,41.41722],[2.14271,41.41485],[2.14072,41.41367],[2.1395,41.41529],[2.13822,41.41535],[2.13722,41.41606],[2.13624,41.41608],[2.13434,41.41773],[2.13373,41.41803],[2.13429,41.4185],[2.1346,41.41817],[2.13424,41.41775],[2.13515,41.41694],[2.1345,41.41648],[2.13323,41.41747],[2.13234,41.41779],[2.13102,41.41796],[2.13054,41.41824],[2.13085,41.41825]]}},{"type":"Feature","properties":{"id":"tmb-bus:124","code":"124","operator":"tmb","mode":"bus","color":"#DA291C","destination":"Vallcarca"},"geometry":{"type":"LineString","coordinates":[[2.13085,41.41825],[2.13133,41.41823],[2.13225,41.41857],[2.13256,41.41827],[2.13307,41.41821],[2.13417,41.41932],[2.13411,41.41965],[2.13362,41.41962],[2.13341,41.42032],[2.13396,41.42097],[2.13419,41.42098],[2.13532,41.41987],[2.13605,41.41876],[2.13819,41.41722],[2.13781,41.41677],[2.13623,41.41593],[2.13604,41.41547],[2.13697,41.41446],[2.13792,41.41398],[2.13983,41.41248],[2.13842,41.41137],[2.13768,41.41391],[2.13837,41.41495],[2.13771,41.4158],[2.13868,41.41682],[2.1392,41.418],[2.14072,41.41743]]}},{"type":"Feature","properties":{"id":"tmb-bus:125","code":"125","operator":"tmb","mode":"bus","color":"#DA291C","destination":"Pl. del Nou"},"geometry":{"type":"LineString","coordinates":[[2.13955,41.36219],[2.13971,41.36133],[2.14019,41.36068],[2.14206,41.35963],[2.1429,41.36019],[2.14287,41.36039],[2.14183,41.36085],[2.14119,41.36146],[2.14195,41.36191],[2.14205,41.36242],[2.14146,41.36328],[2.14042,41.364],[2.14014,41.36466],[2.14038,41.36515],[2.14107,41.36546],[2.14183,41.36526],[2.14415,41.36376],[2.14552,41.36322],[2.14612,41.36326],[2.14614,41.36532],[2.14752,41.36555],[2.14918,41.36636],[2.1499,41.36653],[2.15113,41.36654],[2.15374,41.36606],[2.15631,41.36612],[2.15712,41.36571],[2.15757,41.36502],[2.15738,41.3639],[2.15634,41.3628],[2.15333,41.36172],[2.1515,41.36034],[2.15045,41.35992],[2.14997,41.3599],[2.14963,41.36009],[2.14883,41.36151],[2.14792,41.36228],[2.14769,41.36227],[2.1479,41.3611],[2.14545,41.35987],[2.14419,41.3588],[2.14363,41.35803],[2.14402,41.35686],[2.14596,41.35558],[2.14609,41.35527],[2.14341,41.35427],[2.14208,41.35347],[2.14156,41.35339]]}},{"type":"Feature","properties":{"id":"tmb-bus:125","code":"125","operator":"tmb","mode":"bus","color":"#DA291C","destination":"La Marina"},"geometry":{"type":"LineString","coordinates":[[2.14156,41.35339],[2.14072,41.3529],[2.13676,41.35218],[2.13526,41.35151],[2.13405,41.35296],[2.13416,41.35319],[2.13651,41.35422],[2.13269,41.35957],[2.13443,41.36086],[2.13576,41.35932],[2.13875,41.36053],[2.13665,41.36364],[2.13876,41.36521],[2.13928,41.3638],[2.13955,41.36219]]}},{"type":"Feature","properties":{"id":"tmb-bus:126","code":"126","operator":"tmb","mode":"bus","color":"#DA291C","destination":"<M> La Sagrera"},"geometry":{"type":"LineString","coordinates":[[2.19069,41.45345],[2.19105,41.45349],[2.19158,41.4531],[2.18966,41.44865],[2.18972,41.44726],[2.18857,41.44502],[2.18826,41.44224],[2.18844,41.44198],[2.19075,41.44207],[2.19115,41.43647],[2.19224,41.43392],[2.19312,41.43252],[2.1937,41.43038],[2.19362,41.43013],[2.18974,41.43007],[2.19087,41.42743],[2.19133,41.41717],[2.18574,41.42132],[2.1857,41.42236]]}},{"type":"Feature","properties":{"id":"tmb-bus:126","code":"126","operator":"tmb","mode":"bus","color":"#DA291C","destination":"Trinitat Vella"},"geometry":{"type":"LineString","coordinates":[[2.1857,41.42236],[2.18571,41.42284],[2.1859,41.42295],[2.19126,41.42238],[2.19167,41.42256],[2.19163,41.42769],[2.19364,41.42815],[2.19522,41.42822],[2.19573,41.42947],[2.1954,41.43],[2.19362,41.43013],[2.1832,41.43025],[2.18285,41.43091],[2.18292,41.43197],[2.18342,41.43198],[2.18351,41.43316],[2.18528,41.43839],[2.18742,41.4415],[2.18753,41.44195],[2.19086,41.44222],[2.19041,41.44861],[2.18973,41.44881],[2.1897,41.44976],[2.18917,41.45103],[2.18918,41.45265],[2.18984,41.45317],[2.19069,41.45345]]}},{"type":"Feature","properties":{"id":"tmb-bus:127","code":"127","operator":"tmb","mode":"bus","color":"#DA291C","destination":"Via Favència"},"geometry":{"type":"LineString","coordinates":[[2.17148,41.4471],[2.17158,41.44692],[2.17102,41.44542],[2.17109,41.44454],[2.17128,41.4445],[2.17238,41.44518],[2.17365,41.44544],[2.17424,41.44425],[2.17834,41.44561],[2.18235,41.44634]]}},{"type":"Feature","properties":{"id":"tmb-bus:127","code":"127","operator":"tmb","mode":"bus","color":"#DA291C","destination":"Roquetes (per Rodrigo Caro)"},"geometry":{"type":"LineString","coordinates":[[2.18235,41.44634],[2.18728,41.44681],[2.18925,41.44674],[2.18933,41.44655],[2.18855,41.44493],[2.18826,41.44209],[2.18844,41.44198],[2.19082,41.44216],[2.19048,41.44704],[2.18493,41.44698],[2.18609,41.44943],[2.18768,41.45182],[2.18838,41.45154],[2.18938,41.45152],[2.18975,41.45042],[2.19026,41.45009],[2.18981,41.44888],[2.18968,41.44983],[2.18919,41.45081],[2.18918,41.45265],[2.18984,41.45317],[2.19092,41.4535],[2.19157,41.45313],[2.19132,41.45282],[2.19075,41.45297],[2.19008,41.45291],[2.1895,41.45221],[2.18934,41.45158],[2.18838,41.45157],[2.18657,41.45236],[2.18626,41.45149],[2.1857,41.45081],[2.18481,41.4503],[2.18339,41.44991],[2.18094,41.44787],[2.17947,41.44628],[2.17679,41.44562],[2.17657,41.44596],[2.17669,41.44668],[2.17642,41.44693],[2.17576,41.44688],[2.17474,41.44631],[2.17365,41.44605],[2.1727,41.4461],[2.17284,41.44664],[2.17632,41.44852],[2.17661,41.44887],[2.17744,41.44903],[2.17761,41.44991],[2.17818,41.45028],[2.17805,41.45054],[2.17763,41.45072],[2.17715,41.45065],[2.17693,41.44998],[2.17583,41.44947],[2.1748,41.44947],[2.17435,41.44867],[2.1735,41.44836],[2.17321,41.44772],[2.17197,41.44767],[2.1715,41.44837],[2.17111,41.44839],[2.17097,41.44785],[2.17148,41.4471]]}},{"type":"Feature","properties":{"id":"tmb-bus:127","code":"127","operator":"tmb","mode":"bus","color":"#DA291C","destination":"Roquetes (per Artesania)"},"geometry":{"type":"LineString","coordinates":[[2.18235,41.44634],[2.18728,41.44681],[2.18925,41.44674],[2.18933,41.44655],[2.18855,41.44493],[2.18826,41.44209],[2.18844,41.44198],[2.19082,41.44216],[2.19048,41.44704],[2.18493,41.44698],[2.18609,41.44943],[2.18768,41.45182],[2.18838,41.45154],[2.18938,41.45152],[2.18975,41.45042],[2.19026,41.45009],[2.18981,41.44888],[2.18968,41.44983],[2.18919,41.45081],[2.18918,41.45265],[2.18984,41.45317],[2.19092,41.4535],[2.19157,41.45313],[2.19132,41.45282],[2.19075,41.45297],[2.19008,41.45291],[2.1895,41.45221],[2.18934,41.45158],[2.18838,41.45157],[2.18657,41.45236],[2.18626,41.45149],[2.1857,41.45081],[2.18481,41.4503],[2.18339,41.44991],[2.18094,41.44787],[2.17947,41.44628],[2.17679,41.44562],[2.17657,41.44596],[2.17669,41.44668],[2.17642,41.44693],[2.17576,41.44688],[2.17474,41.44631],[2.17365,41.44605],[2.1727,41.4461],[2.17284,41.44664],[2.17632,41.44852],[2.17661,41.44887],[2.17744,41.44903],[2.17761,41.44991],[2.17818,41.45028],[2.17805,41.45054],[2.17763,41.45072],[2.17706,41.45057],[2.17684,41.44991],[2.17569,41.44942],[2.17486,41.44948],[2.17483,41.4485],[2.17403,41.44805],[2.17363,41.44752],[2.17234,41.44735]]}},{"type":"Feature","properties":{"id":"tmb-bus:128","code":"128","operator":"tmb","mode":"bus","color":"#DA291C","destination":"El Rectoret"},"geometry":{"type":"LineString","coordinates":[[2.10121,41.41675],[2.10161,41.41607],[2.10438,41.41361],[2.10442,41.4147],[2.10477,41.41494],[2.10384,41.41607],[2.10407,41.41649],[2.10385,41.41709],[2.10418,41.41725],[2.10501,41.41706],[2.10552,41.418],[2.10691,41.41768],[2.10728,41.41775],[2.10745,41.41807],[2.1069,41.41842],[2.10672,41.4188],[2.10768,41.41988],[2.10824,41.42017],[2.1084,41.42063],[2.10818,41.42067],[2.1068,41.41992],[2.10617,41.41937],[2.10534,41.41917],[2.10361,41.4191],[2.10198,41.41863],[2.09936,41.41927],[2.09812,41.41903],[2.09727,41.41942],[2.09622,41.42055],[2.09659,41.42097],[2.09571,41.42198],[2.09588,41.42266],[2.09495,41.42311],[2.09438,41.4241],[2.09566,41.42502],[2.09724,41.42547],[2.09593,41.42458],[2.09551,41.42401],[2.09586,41.42382],[2.09747,41.42452],[2.09865,41.42551],[2.09917,41.42541],[2.0997,41.4256],[2.09991,41.42617],[2.10062,41.4264],[2.10051,41.42685],[2.10144,41.42772],[2.10091,41.42813],[2.10067,41.42909],[2.10082,41.42949],[2.10051,41.42976],[2.09943,41.42948],[2.09807,41.42879],[2.09759,41.42905],[2.09718,41.42959],[2.09677,41.42947],[2.09652,41.42912],[2.09654,41.42855],[2.09704,41.42801],[2.09644,41.42792],[2.09614,41.42938],[2.09574,41.42994],[2.09589,41.43037],[2.09698,41.43104],[2.0971,41.43141],[2.09558,41.43231],[2.09576,41.43306],[2.09405,41.43365],[2.09395,41.43346],[2.09436,41.43348],[2.09567,41.43296],[2.09536,41.43225],[2.09639,41.43134],[2.0949,41.43072],[2.09497,41.42867],[2.09378,41.42838],[2.09437,41.42756],[2.09385,41.42641],[2.09425,41.42573],[2.09542,41.42609],[2.09638,41.42615],[2.09551,41.42593],[2.09444,41.42524],[2.09395,41.42515],[2.09307,41.42553],[2.0928,41.42673],[2.09287,41.42753],[2.09204,41.42825],[2.09245,41.42763],[2.09229,41.42749],[2.09227,41.42766],[2.09202,41.4277],[2.09218,41.42741]]}},{"type":"Feature","properties":{"id":"tmb-bus:128","code":"128","operator":"tmb","mode":"bus","color":"#DA291C","destination":"Vallvidrera"},"geometry":{"type":"LineString","coordinates":[[2.09218,41.42741],[2.09249,41.42763],[2.09203,41.42821],[2.09282,41.42752],[2.09305,41.42549],[2.09389,41.42512],[2.09447,41.42519],[2.09534,41.4258],[2.09644,41.42616],[2.09543,41.42612],[2.09426,41.42578],[2.09392,41.42642],[2.09442,41.42756],[2.09384,41.42837],[2.09501,41.42862],[2.09493,41.4307],[2.09643,41.43133],[2.09609,41.43159],[2.0961,41.43181],[2.09541,41.43224],[2.09574,41.43305],[2.09405,41.43365],[2.09395,41.43346],[2.09436,41.43348],[2.09577,41.43299],[2.09548,41.43254],[2.09555,41.43228],[2.09705,41.43139],[2.09694,41.43107],[2.09588,41.43042],[2.09569,41.42996],[2.09609,41.42939],[2.09642,41.42787],[2.09684,41.42781],[2.09707,41.42801],[2.09657,41.42853],[2.09672,41.42941],[2.09717,41.42957],[2.09776,41.42887],[2.09806,41.42877],[2.09945,41.42948],[2.10049,41.42973],[2.10077,41.42952],[2.10063,41.42905],[2.10084,41.42816],[2.1014,41.42771],[2.10049,41.42685],[2.1006,41.42642],[2.0999,41.42622],[2.09962,41.4256],[2.09918,41.42544],[2.09863,41.42553],[2.09744,41.42454],[2.09582,41.42384],[2.09555,41.42404],[2.09598,41.42458],[2.09677,41.42497],[2.09731,41.42549],[2.09562,41.42504],[2.09433,41.4241],[2.09493,41.42307],[2.09586,41.42263],[2.09567,41.42197],[2.09654,41.42094],[2.09616,41.42053],[2.09672,41.42],[2.09707,41.41951],[2.09693,41.41933],[2.09737,41.41886],[2.09808,41.41842],[2.09851,41.41901],[2.09928,41.41924],[2.10197,41.4186],[2.10366,41.41906],[2.10531,41.41914],[2.10619,41.41935],[2.10682,41.41989],[2.10835,41.4206],[2.10819,41.42017],[2.10767,41.41992],[2.10669,41.41883],[2.10686,41.41842],[2.10741,41.41807],[2.10726,41.4178],[2.10695,41.41772],[2.10551,41.41804],[2.10498,41.4171],[2.10419,41.41729],[2.10381,41.41709],[2.10401,41.41653],[2.10379,41.41606],[2.10469,41.415],[2.10435,41.41466],[2.10434,41.41364],[2.10164,41.41608],[2.10121,41.41675]]}},{"type":"Feature","properties":{"id":"tmb-bus:129","code":"129","operator":"tmb","mode":"bus","color":"#DA291C","destination":"Penitents"},"geometry":{"type":"LineString","coordinates":[[2.15136,41.42015],[2.15172,41.42009],[2.1517,41.41986],[2.15003,41.41762],[2.14982,41.41886],[2.14805,41.41546],[2.14492,41.41344],[2.14479,41.41451],[2.1461,41.41537],[2.14554,41.41599],[2.14482,41.41574],[2.14408,41.41666],[2.14292,41.41727],[2.14263,41.41767],[2.14258,41.41825],[2.14168,41.41824],[2.14062,41.41876],[2.14014,41.41769],[2.14119,41.41724],[2.14203,41.41589],[2.14172,41.41562],[2.14199,41.4157]]}},{"type":"Feature","properties":{"id":"tmb-bus:129","code":"129","operator":"tmb","mode":"bus","color":"#DA291C","destination":"El Coll"},"geometry":{"type":"LineString","coordinates":[[2.14199,41.4157],[2.14212,41.41577],[2.14269,41.4148],[2.14065,41.41355],[2.14171,41.41293],[2.143,41.41252],[2.14303,41.41436],[2.14224,41.41582],[2.14308,41.41578],[2.14468,41.41418],[2.14498,41.41474],[2.14683,41.41573],[2.14784,41.4182],[2.14831,41.41863],[2.14923,41.4203],[2.15136,41.42015]]}},{"type":"Feature","properties":{"id":"tmb-bus:130","code":"130","operator":"tmb","mode":"bus","color":"#DA291C","destination":"Can Caralleu"},"geometry":{"type":"LineString","coordinates":[[2.12559,41.39555],[2.12556,41.39572],[2.12302,41.39625],[2.12176,41.39746],[2.12037,41.39692],[2.11845,41.39876],[2.11713,41.39929],[2.12032,41.40105],[2.11981,41.40181],[2.11901,41.40242],[2.11679,41.40359],[2.11425,41.40387],[2.11549,41.40376],[2.11537,41.40299],[2.11506,41.40245],[2.11305,41.40042],[2.11239,41.40053],[2.11139,41.40133],[2.11092,41.402],[2.11003,41.40224],[2.10943,41.40193],[2.10747,41.40229],[2.10746,41.402],[2.10668,41.4018],[2.10648,41.40193],[2.10686,41.40265],[2.10794,41.4026],[2.10869,41.40341],[2.10852,41.40393],[2.1088,41.40414],[2.10983,41.40366],[2.10975,41.40321],[2.11087,41.40214],[2.11204,41.40185]]}},{"type":"Feature","properties":{"id":"tmb-bus:130","code":"130","operator":"tmb","mode":"bus","color":"#DA291C","destination":"Pl. d'Artós"},"geometry":{"type":"LineString","coordinates":[[2.11204,41.40185],[2.11426,41.40095],[2.11626,41.40316],[2.11752,41.40434],[2.11779,41.40434],[2.12012,41.40228],[2.12264,41.40065],[2.1217,41.40005],[2.12037,41.39958],[2.12222,41.39771],[2.12034,41.39688],[2.11996,41.39607],[2.12011,41.39526],[2.12102,41.39404],[2.1213,41.39279],[2.12445,41.39431],[2.12504,41.39261],[2.12628,41.39316],[2.12642,41.39335],[2.12559,41.39555]]}},{"type":"Feature","properties":{"id":"tmb-bus:131","code":"131","operator":"tmb","mode":"bus","color":"#DA291C","destination":"El Putxet"},"geometry":{"type":"LineString","coordinates":[[2.13923,41.41528],[2.13978,41.41492],[2.14006,41.415],[2.13991,41.41526],[2.13816,41.41536],[2.13697,41.41613],[2.13636,41.41602],[2.13604,41.41562],[2.13615,41.41519],[2.1369,41.41451],[2.13792,41.41398],[2.14095,41.41168],[2.14136,41.41097],[2.1433,41.41074],[2.1466,41.40762],[2.14744,41.40819],[2.14936,41.40658],[2.14777,41.40595],[2.14493,41.40803],[2.14417,41.40757],[2.144,41.40647],[2.14344,41.40592],[2.14373,41.4057]]}},{"type":"Feature","properties":{"id":"tmb-bus:131","code":"131","operator":"tmb","mode":"bus","color":"#DA291C","destination":"Pl. Alfons Comín"},"geometry":{"type":"LineString","coordinates":[[2.14373,41.4057],[2.14395,41.40547],[2.14062,41.40453],[2.13941,41.4054],[2.1373,41.40949],[2.13723,41.41018],[2.13801,41.41066],[2.1384,41.41127],[2.13959,41.41081],[2.14088,41.41169],[2.14134,41.41096],[2.14084,41.41057],[2.14144,41.40993],[2.14073,41.40934],[2.14025,41.41012],[2.14082,41.41059],[2.13929,41.41191],[2.13849,41.41139],[2.13829,41.41145],[2.13768,41.41397],[2.1386,41.41516],[2.13921,41.41529]]}},{"type":"Feature","properties":{"id":"tmb-bus:132","code":"132","operator":"tmb","mode":"bus","color":"#DA291C","destination":"Prosperitat"},"geometry":{"type":"LineString","coordinates":[[2.17432,41.42917],[2.17452,41.42845],[2.17498,41.42794],[2.17646,41.42824],[2.17642,41.42864],[2.17734,41.42873],[2.17745,41.4318],[2.17956,41.43423],[2.18057,41.43734],[2.18172,41.43923],[2.18015,41.43918],[2.17991,41.44058],[2.17781,41.44193],[2.17826,41.4425],[2.17974,41.44587],[2.18276,41.44639]]}},{"type":"Feature","properties":{"id":"tmb-bus:132","code":"132","operator":"tmb","mode":"bus","color":"#DA291C","destination":"Torre Llobeta"},"geometry":{"type":"LineString","coordinates":[[2.18276,41.44639],[2.18655,41.44673],[2.18671,41.44657],[2.1865,41.44586],[2.18671,41.44532],[2.18595,41.44295],[2.18186,41.43945],[2.18201,41.43925],[2.18325,41.43932],[2.18086,41.43224],[2.18023,41.43271],[2.17916,41.43277],[2.17842,41.43302],[2.17956,41.43423],[2.17963,41.4349],[2.17652,41.43605],[2.17387,41.43217],[2.17463,41.43063],[2.17435,41.43024],[2.17432,41.42917]]}},{"type":"Feature","properties":{"id":"tmb-bus:133","code":"133","operator":"tmb","mode":"bus","color":"#DA291C","destination":"Trinitat Vella"},"geometry":{"type":"LineString","coordinates":[[2.18296,41.43055],[2.18289,41.43187],[2.18298,41.43201],[2.18342,41.43198],[2.18351,41.43316],[2.18488,41.43687],[2.189,41.43608],[2.19127,41.43618],[2.19233,41.43401],[2.19496,41.43535],[2.19851,41.43535],[2.20107,41.43556],[2.20139,41.4358],[2.20868,41.43668],[2.20798,41.43975],[2.20624,41.4396],[2.20408,41.43912],[2.20382,41.43922],[2.20207,41.4461],[2.20078,41.44778],[2.19806,41.44679],[2.19929,41.44475],[2.19955,41.44288],[2.19305,41.44239],[2.19277,41.44594],[2.19256,41.44601],[2.19087,41.44545],[2.19065,41.44554],[2.19041,41.44861],[2.18973,41.44881],[2.18968,41.44983],[2.18917,41.45092],[2.18929,41.45328],[2.1904,41.4541],[2.19039,41.45472],[2.19089,41.45499],[2.19159,41.455],[2.19197,41.45485],[2.19206,41.45444],[2.19254,41.45458],[2.19397,41.45383],[2.19422,41.45352],[2.19371,41.45217],[2.19311,41.45168],[2.19217,41.45031],[2.19235,41.44995],[2.19293,41.44961],[2.19318,41.4487],[2.18978,41.44872],[2.18969,41.44796]]}},{"type":"Feature","properties":{"id":"tmb-bus:133","code":"133","operator":"tmb","mode":"bus","color":"#DA291C","destination":"Fabra i Puig"},"geometry":{"type":"LineString","coordinates":[[2.18969,41.44796],[2.18971,41.44719],[2.18855,41.44493],[2.18826,41.44224],[2.1884,41.44198],[2.19667,41.44252],[2.19804,41.44637],[2.20103,41.44737],[2.20172,41.44629],[2.19943,41.44513],[2.19928,41.44491],[2.20029,41.4393],[2.20052,41.43918],[2.20357,41.43957],[2.20407,41.43881],[2.20431,41.43624],[2.19867,41.43549],[2.19551,41.43556],[2.19419,41.43521],[2.19226,41.43395],[2.19312,41.43252],[2.19367,41.43014],[2.18324,41.43024],[2.18296,41.43055]]}},{"type":"Feature","properties":{"id":"tmb-bus:134","code":"134","operator":"tmb","mode":"bus","color":"#DA291C","destination":"Roquetes"},"geometry":{"type":"LineString","coordinates":[[2.17772,41.4303],[2.17739,41.43037],[2.17745,41.4318],[2.17956,41.43423],[2.18057,41.43734],[2.18172,41.43925],[2.17495,41.43848],[2.17482,41.43862],[2.1751,41.43904],[2.17311,41.44087],[2.17273,41.44202],[2.17152,41.44371],[2.1713,41.44445],[2.17238,41.4455],[2.17284,41.44664],[2.17647,41.44865],[2.17747,41.4487],[2.17817,41.4495],[2.17925,41.44952],[2.1801,41.45008],[2.18054,41.44991],[2.18117,41.45002],[2.18176,41.44988],[2.18251,41.4502],[2.18326,41.45009],[2.18339,41.44992],[2.18235,41.44905]]}},{"type":"Feature","properties":{"id":"tmb-bus:134","code":"134","operator":"tmb","mode":"bus","color":"#DA291C","destination":"Fabra i Puig"},"geometry":{"type":"LineString","coordinates":[[2.18235,41.44905],[2.18089,41.44781],[2.17949,41.44628],[2.17723,41.44575],[2.17398,41.44457],[2.17533,41.44273],[2.17703,41.44127],[2.17469,41.43864],[2.17431,41.4385],[2.17434,41.4382],[2.17469,41.4381],[2.17507,41.43838],[2.1832,41.43938],[2.18243,41.43684],[2.1841,41.43643],[2.18243,41.43121],[2.18254,41.43056],[2.1829,41.4305],[2.18282,41.43144],[2.18302,41.432],[2.18337,41.43167],[2.18341,41.43028],[2.17772,41.4303]]}},{"type":"Feature","properties":{"id":"tmb-bus:136","code":"136","operator":"tmb","mode":"bus","color":"#DA291C","destination":"Verneda"},"geometry":{"type":"LineString","coordinates":[[2.19523,41.38517],[2.19436,41.38592],[2.19655,41.38757],[2.19661,41.38792],[2.19585,41.38813],[2.19042,41.39238],[2.20182,41.40055],[2.2177,41.41274],[2.20981,41.41872],[2.20907,41.41955],[2.2029,41.424],[2.20369,41.4248],[2.20133,41.42663],[2.20286,41.42857],[2.20232,41.42868],[2.19776,41.42851],[2.19729,41.4277],[2.20121,41.42471]]}},{"type":"Feature","properties":{"id":"tmb-bus:136","code":"136","operator":"tmb","mode":"bus","color":"#DA291C","destination":"Pg. Marítim"},"geometry":{"type":"LineString","coordinates":[[2.20121,41.42471],[2.2069,41.42041],[2.20774,41.41955],[2.20975,41.41825],[2.21721,41.41257],[2.21421,41.4103],[2.2091,41.40896],[2.20906,41.40878],[2.20953,41.40832],[2.18921,41.39313],[2.18925,41.39292],[2.19432,41.38909],[2.19353,41.38808],[2.19676,41.38559],[2.19577,41.38482],[2.19523,41.38517]]}},{"type":"Feature","properties":{"id":"tmb-bus:137","code":"137","operator":"tmb","mode":"bus","color":"#DA291C","destination":"Montcada i Reixac"},"geometry":{"type":"LineString","coordinates":[[2.18928,41.49379],[2.18908,41.49161],[2.18865,41.49105],[2.18802,41.49064],[2.18838,41.49004],[2.18701,41.48913],[2.187,41.48837],[2.18738,41.48752],[2.18964,41.48751],[2.19044,41.4873],[2.19097,41.48687],[2.19115,41.48625],[2.19051,41.48321],[2.18875,41.48222],[2.18791,41.48062],[2.18946,41.47886],[2.18849,41.47483],[2.18761,41.47422],[2.18573,41.47413],[2.18374,41.47202],[2.18087,41.46954],[2.17963,41.46943],[2.17889,41.4682],[2.17891,41.46675],[2.17822,41.46676],[2.1765,41.46585],[2.17489,41.46549],[2.17496,41.46443],[2.17442,41.46365],[2.17413,41.46258],[2.1732,41.46262],[2.17155,41.46308],[2.17123,41.46334]]}},{"type":"Feature","properties":{"id":"tmb-bus:137","code":"137","operator":"tmb","mode":"bus","color":"#DA291C","destination":"Montcada i Reixac"},"geometry":{"type":"LineString","coordinates":[[2.17123,41.46334],[2.17024,41.46427],[2.16897,41.46373],[2.16858,41.4633],[2.16882,41.46301],[2.17053,41.46241],[2.17067,41.46146],[2.17305,41.46255],[2.17376,41.46245],[2.17413,41.46219],[2.17446,41.46357],[2.17502,41.46448],[2.17492,41.46535],[2.17473,41.46547],[2.17333,41.46538],[2.17214,41.46597],[2.1708,41.46705],[2.17031,41.46769],[2.1698,41.46785],[2.16894,41.46858],[2.16672,41.47193],[2.16621,41.47278],[2.16617,41.47353],[2.16648,41.47415],[2.1668,41.47434],[2.16675,41.47467],[2.16785,41.47668],[2.16791,41.47721],[2.16704,41.47946],[2.16461,41.48138],[2.17346,41.48283],[2.17449,41.4826],[2.17706,41.48313],[2.178,41.48359],[2.17916,41.4847],[2.18197,41.48602],[2.18148,41.48662],[2.17728,41.48695],[2.17714,41.48708],[2.17738,41.48848],[2.17764,41.48872],[2.1775,41.48903],[2.17799,41.49134],[2.1782,41.49161],[2.17741,41.493],[2.17746,41.49405],[2.1814,41.49392],[2.18167,41.49307],[2.17741,41.49325],[2.17749,41.49554],[2.17886,41.49617],[2.17973,41.49684],[2.18166,41.50003],[2.18498,41.49901],[2.18184,41.49321],[2.18217,41.49249],[2.18438,41.49163],[2.18472,41.4917],[2.18498,41.4926],[2.18489,41.49463],[2.18505,41.49475],[2.18928,41.49379]]}},{"type":"Feature","properties":{"id":"tmb-bus:138","code":"138","operator":"tmb","mode":"bus","color":"#DA291C","destination":"Montcada i Reixac"},"geometry":{"type":"LineString","coordinates":[[2.18944,41.49366],[2.18932,41.4941],[2.18467,41.49509],[2.18441,41.4949],[2.18452,41.49269],[2.18435,41.49203],[2.18406,41.4919],[2.1822,41.4925],[2.18188,41.49318],[2.18502,41.49903],[2.18155,41.50021],[2.17975,41.49693],[2.17862,41.49611],[2.1774,41.49569],[2.17742,41.49414],[2.1814,41.49392],[2.18167,41.49307],[2.17722,41.49321],[2.17787,41.49207],[2.17793,41.49139],[2.17746,41.48904],[2.17713,41.48879],[2.17734,41.48845],[2.17664,41.48547],[2.17684,41.48526],[2.17838,41.48494],[2.18036,41.48585],[2.18081,41.48662],[2.18152,41.48656],[2.18194,41.48604],[2.17911,41.48471],[2.17738,41.48328],[2.17516,41.48273],[2.17449,41.48264],[2.1739,41.48277],[2.17388,41.48203],[2.1655,41.48062],[2.16705,41.47932],[2.16784,41.47716],[2.16774,41.47667],[2.16634,41.47445],[2.16604,41.47326],[2.16626,41.47248],[2.16905,41.46839],[2.17245,41.4657],[2.17373,41.46515],[2.17496,41.46485],[2.17493,41.46434],[2.17447,41.46378],[2.17436,41.4629],[2.17406,41.46254],[2.17165,41.46304],[2.17123,41.46334]]}},{"type":"Feature","properties":{"id":"tmb-bus:138","code":"138","operator":"tmb","mode":"bus","color":"#DA291C","destination":"Montcada i Reixac"},"geometry":{"type":"LineString","coordinates":[[2.17123,41.46334],[2.17024,41.46427],[2.16897,41.46373],[2.16858,41.4633],[2.16882,41.46301],[2.17053,41.46241],[2.17067,41.46146],[2.17305,41.46255],[2.17376,41.46245],[2.17413,41.46219],[2.17506,41.46495],[2.17779,41.46638],[2.17854,41.46636],[2.17898,41.46675],[2.17883,41.46766],[2.17909,41.46853],[2.18043,41.46887],[2.18104,41.46948],[2.18407,41.46963],[2.18394,41.47168],[2.18367,41.47189],[2.18581,41.47411],[2.18766,41.4742],[2.18855,41.47483],[2.19046,41.48299],[2.18893,41.4823],[2.19047,41.48291],[2.19116,41.4865],[2.19082,41.48707],[2.19008,41.48747],[2.18732,41.48758],[2.18703,41.4884],[2.18719,41.48895],[2.1866,41.48992],[2.18823,41.49071],[2.18889,41.49125],[2.1892,41.49192],[2.18944,41.49366]]}},{"type":"Feature","properties":{"id":"tmb-bus:141","code":"141","operator":"tmb","mode":"bus","color":"#DA291C","destination":"Sant Antoni"},"geometry":{"type":"LineString","coordinates":[[2.1448,41.39037],[2.14391,41.39054],[2.1441,41.39117],[2.14494,41.39086],[2.147,41.39234],[2.14726,41.39235],[2.16308,41.38041],[2.16323,41.38018],[2.16301,41.37855],[2.16169,41.37753]]}},{"type":"Feature","properties":{"id":"tmb-bus:141","code":"141","operator":"tmb","mode":"bus","color":"#DA291C","destination":"Pl. Francesc Macià"},"geometry":{"type":"LineString","coordinates":[[2.16169,41.37753],[2.15998,41.37625],[2.15963,41.37625],[2.14508,41.38723],[2.14506,41.38745],[2.14806,41.38979],[2.1448,41.39037]]}},{"type":"Feature","properties":{"id":"tmb-bus:150","code":"150","operator":"tmb","mode":"bus","color":"#DA291C","destination":"Castell de Montjuïc"},"geometry":{"type":"LineString","coordinates":[[2.15019,41.37359],[2.1496,41.37447],[2.15007,41.37488],[2.15394,41.37492],[2.15502,41.37307],[2.14972,41.37105],[2.14922,41.3699],[2.14883,41.36957],[2.14684,41.36952],[2.1457,41.36908],[2.14453,41.36703],[2.14485,41.36624],[2.14538,41.36573],[2.14623,41.36545],[2.14714,41.36546],[2.14918,41.36636],[2.15023,41.36656],[2.15454,41.36603],[2.15607,41.36616],[2.15775,41.36666],[2.15867,41.36638],[2.15925,41.36676],[2.15914,41.36741],[2.16078,41.36841],[2.16188,41.36882],[2.16335,41.36891],[2.16528,41.36776],[2.16558,41.36719],[2.16554,41.36656],[2.16515,41.36624],[2.16457,41.36623],[2.1638,41.3671],[2.1633,41.36729],[2.16229,41.36707],[2.16126,41.3666],[2.15972,41.36513],[2.16004,41.36493],[2.16096,41.36284],[2.16142,41.36283],[2.16133,41.3638],[2.16191,41.36433],[2.16561,41.36458],[2.16701,41.36509]]}},{"type":"Feature","properties":{"id":"tmb-bus:150","code":"150","operator":"tmb","mode":"bus","color":"#DA291C","destination":"Pl. Espanya"},"geometry":{"type":"LineString","coordinates":[[2.16701,41.36509],[2.16746,41.36531],[2.16786,41.36658],[2.16873,41.36769],[2.16903,41.36862],[2.17027,41.36927],[2.17008,41.36948],[2.16882,41.36979],[2.1676,41.36988],[2.17041,41.37044],[2.17041,41.37074],[2.17015,41.3707],[2.16996,41.37041],[2.16743,41.3699],[2.16592,41.36899],[2.16263,41.36899],[2.16142,41.36878],[2.15811,41.36691],[2.15608,41.36625],[2.15388,41.36613],[2.15038,41.36665],[2.14919,41.36644],[2.14721,41.36555],[2.14645,41.3655],[2.14558,41.36572],[2.14506,41.36612],[2.14489,41.36659],[2.14517,41.36701],[2.145,41.36757],[2.14564,41.36891],[2.14682,41.36942],[2.1488,41.36947],[2.14932,41.36986],[2.14969,41.37089],[2.15139,41.37164],[2.15019,41.37359]]}},{"type":"Feature","properties":{"id":"tmb-bus:157","code":"157","operator":"tmb","mode":"bus","color":"#DA291C","destination":"Sant Joan Despí"},"geometry":{"type":"LineString","coordinates":[[2.12179,41.3768],[2.1216,41.3776],[2.12132,41.37788],[2.11771,41.37582],[2.10778,41.37602],[2.08891,41.37733],[2.07624,41.37873],[2.07372,41.38358],[2.07377,41.38519],[2.0736,41.38539],[2.07296,41.38502],[2.07205,41.38408],[2.06634,41.38005],[2.06562,41.37981],[2.06599,41.37962],[2.07136,41.37915],[2.0718,41.37877],[2.0724,41.37701],[2.07233,41.37672],[2.07258,41.3765],[2.07321,41.37466],[2.07091,41.3737],[2.07179,41.3721],[2.07026,41.37147],[2.07175,41.36896],[2.07208,41.36892],[2.07424,41.36965],[2.076,41.3706]]}},{"type":"Feature","properties":{"id":"tmb-bus:157","code":"157","operator":"tmb","mode":"bus","color":"#DA291C","destination":"Collblanc"},"geometry":{"type":"LineString","coordinates":[[2.076,41.3706],[2.07692,41.37172],[2.07633,41.37187],[2.07503,41.3727],[2.07473,41.37324],[2.07378,41.374],[2.07325,41.37524],[2.07341,41.37551],[2.07309,41.37574],[2.07289,41.37688],[2.07265,41.37706],[2.07198,41.37883],[2.07205,41.37926],[2.06639,41.3799],[2.07086,41.38326],[2.07173,41.38262],[2.07385,41.38319],[2.07626,41.37866],[2.08874,41.37729],[2.08911,41.37696],[2.08958,41.37717],[2.10697,41.37595],[2.11992,41.37569],[2.12171,41.37574],[2.12179,41.3768]]}},{"type":"Feature","properties":{"id":"tmb-bus:175","code":"175","operator":"tmb","mode":"bus","color":"#DA291C","destination":"Zona Universitària"},"geometry":{"type":"LineString","coordinates":[[2.1215,41.37732],[2.12164,41.37582],[2.12197,41.37565],[2.12279,41.37567],[2.12932,41.37942],[2.12746,41.38545],[2.12747,41.38756],[2.1276,41.38797],[2.12823,41.38816],[2.12807,41.38851],[2.11267,41.38468],[2.11177,41.38486],[2.11077,41.38462],[2.11057,41.385],[2.11197,41.38676],[2.10959,41.38793],[2.10805,41.38629],[2.10633,41.38714],[2.10819,41.3892],[2.10892,41.38852],[2.10728,41.38663],[2.10888,41.38579]]}},{"type":"Feature","properties":{"id":"tmb-bus:175","code":"175","operator":"tmb","mode":"bus","color":"#DA291C","destination":"Collblanc"},"geometry":{"type":"LineString","coordinates":[[2.10888,41.38579],[2.11045,41.38501],[2.11084,41.38424],[2.1111,41.38413],[2.11294,41.38459],[2.11372,41.38459],[2.12703,41.38794],[2.12699,41.38539],[2.12785,41.38229],[2.12157,41.37811],[2.12138,41.37779],[2.1215,41.37732]]}},{"type":"Feature","properties":{"id":"tmb-bus:180","code":"180","operator":"tmb","mode":"bus","color":"#DA291C","destination":"Torre Baró Sud"},"geometry":{"type":"LineString","coordinates":[[2.17948,41.46155],[2.18048,41.46117],[2.18084,41.46061],[2.18154,41.46016],[2.18053,41.4594],[2.1803,41.45842],[2.18097,41.4583],[2.18084,41.45887],[2.18174,41.45948],[2.18135,41.45858],[2.18196,41.4582],[2.18254,41.45732],[2.18173,41.45569],[2.18134,41.45617],[2.18125,41.45702],[2.1803,41.45626],[2.1797,41.45629],[2.17976,41.45602],[2.18069,41.4561],[2.18087,41.45597],[2.18094,41.45473],[2.18118,41.45419],[2.18199,41.45444],[2.18246,41.45513],[2.18302,41.45496],[2.1837,41.45511],[2.18491,41.45602],[2.18616,41.4559],[2.18689,41.45548],[2.18705,41.45513],[2.18656,41.45412],[2.18676,41.4533],[2.18658,41.45242],[2.18596,41.45107],[2.18499,41.45038],[2.18339,41.44991],[2.18065,41.44751]]}},{"type":"Feature","properties":{"id":"tmb-bus:180","code":"180","operator":"tmb","mode":"bus","color":"#DA291C","destination":"Torre Baró Sud"},"geometry":{"type":"LineString","coordinates":[[2.18065,41.44751],[2.18032,41.44711],[2.18344,41.44985],[2.18497,41.45023],[2.18617,41.45109],[2.18678,41.45226],[2.18661,41.45248],[2.18679,41.4533],[2.18658,41.45408],[2.18709,41.45516],[2.18691,41.4555],[2.18618,41.45591],[2.18489,41.45604],[2.18375,41.45516],[2.18304,41.45498],[2.18247,41.45516],[2.182,41.45448],[2.18119,41.45422],[2.18086,41.45604],[2.1798,41.45604],[2.17975,41.45629],[2.18034,41.45625],[2.1812,41.45697],[2.18133,41.45611],[2.18174,41.45566],[2.18256,41.45734],[2.182,41.45821],[2.18138,41.45864],[2.18176,41.45951],[2.18085,41.45894],[2.1807,41.45844],[2.18037,41.45847],[2.18057,41.45936],[2.1816,41.46015],[2.18053,41.46118],[2.17937,41.46175],[2.17946,41.46219],[2.17913,41.46191],[2.17948,41.46155]]}},{"type":"Feature","properties":{"id":"tmb-bus:182","code":"182","operator":"tmb","mode":"bus","color":"#DA291C","destination":"Torre Baró"},"geometry":{"type":"LineString","coordinates":[[2.17421,41.43036],[2.17398,41.4304],[2.17337,41.43165],[2.17141,41.43355],[2.17159,41.43377],[2.17287,41.43386],[2.17214,41.43539],[2.17444,41.43807],[2.17489,41.4382],[2.1749,41.43852],[2.16364,41.43957],[2.16339,41.43977],[2.16321,41.44051],[2.16256,41.44089],[2.16238,41.44134],[2.16152,41.44188],[2.16227,41.44275],[2.16206,41.44386],[2.1634,41.44387],[2.16368,41.44473],[2.16452,41.44471],[2.16489,41.4449],[2.16508,41.44527],[2.165,41.44586],[2.16607,41.44611],[2.16636,41.44649],[2.16646,41.44723],[2.16792,41.44755],[2.16798,41.44796],[2.1676,41.44905],[2.16774,41.44929],[2.16864,41.4495],[2.16942,41.44871],[2.17013,41.44868],[2.17152,41.44946],[2.1726,41.44927],[2.1734,41.44967],[2.17403,41.45031],[2.1748,41.4506],[2.17451,41.45087],[2.17314,41.45077],[2.17196,41.45158],[2.17199,41.45236],[2.17125,41.45272],[2.17105,41.45331],[2.17172,41.45392],[2.17139,41.45377]]}},{"type":"Feature","properties":{"id":"tmb-bus:182","code":"182","operator":"tmb","mode":"bus","color":"#DA291C","destination":"Pl. Virrei Amat"},"geometry":{"type":"LineString","coordinates":[[2.17139,41.45377],[2.171,41.45329],[2.17125,41.4527],[2.17196,41.45232],[2.17193,41.45158],[2.17312,41.45077],[2.17447,41.45085],[2.17473,41.45063],[2.17256,41.44929],[2.17152,41.44954],[2.17002,41.44869],[2.16939,41.4488],[2.16868,41.44952],[2.1677,41.44929],[2.16758,41.44903],[2.16788,41.4476],[2.16648,41.44731],[2.16602,41.44613],[2.16493,41.44589],[2.16486,41.44496],[2.16454,41.44479],[2.16364,41.44478],[2.16337,41.44389],[2.16198,41.44384],[2.16222,41.44283],[2.16146,41.44188],[2.16232,41.44131],[2.16238,41.44102],[2.16164,41.44057],[2.16147,41.44008],[2.16172,41.43965],[2.16227,41.43943],[2.163,41.43951],[2.17423,41.43835],[2.17435,41.43815],[2.17409,41.43777],[2.17204,41.43534],[2.17463,41.43063],[2.17454,41.43039],[2.17421,41.43036]]}},{"type":"Feature","properties":{"id":"tmb-bus:183","code":"183","operator":"tmb","mode":"bus","color":"#DA291C","destination":"Torre Baró-Ciutat Meridiana"},"geometry":{"type":"LineString","coordinates":[[2.17699,41.45971],[2.17979,41.46138],[2.18048,41.46117],[2.18084,41.46061],[2.18154,41.46016],[2.18053,41.4594],[2.1801,41.45806],[2.17686,41.45698],[2.17767,41.45671],[2.17658,41.45478]]}},{"type":"Feature","properties":{"id":"tmb-bus:183","code":"183","operator":"tmb","mode":"bus","color":"#DA291C","destination":"Vallbona-Ciutat Meridiana"},"geometry":{"type":"LineString","coordinates":[[2.17658,41.45478],[2.17614,41.45447],[2.1765,41.45501],[2.17638,41.45591],[2.17484,41.45533],[2.17388,41.45516],[2.17376,41.45529],[2.17437,41.45608],[2.17519,41.45651],[2.17614,41.45739],[2.17919,41.45839],[2.17918,41.45872],[2.17824,41.45865],[2.17807,41.45881],[2.17895,41.45971],[2.18039,41.4602],[2.18106,41.46066],[2.18048,41.46122],[2.17967,41.46148],[2.17914,41.4619],[2.17751,41.46107],[2.17833,41.46274],[2.17896,41.46306],[2.17882,41.46344],[2.17707,41.46258],[2.17681,41.4622],[2.1761,41.46187],[2.17568,41.46071],[2.17536,41.46052],[2.1742,41.46069],[2.17282,41.45995],[2.17163,41.45993],[2.16913,41.45941],[2.16784,41.45975],[2.17216,41.46054],[2.17436,41.46134],[2.17444,41.46155],[2.174,41.46194],[2.17467,41.46386],[2.17686,41.46348],[2.17847,41.46359],[2.1785,41.46332],[2.17607,41.46177],[2.17573,41.46036],[2.17451,41.45958],[2.17583,41.45967],[2.17644,41.45933],[2.17963,41.46134],[2.18006,41.46134],[2.18052,41.46114],[2.18084,41.46061],[2.18154,41.46016],[2.18045,41.45925],[2.18029,41.45844],[2.18073,41.45834],[2.18107,41.45928],[2.1849,41.46188],[2.18496,41.46239],[2.18426,41.46288],[2.18433,41.46316],[2.1855,41.46413],[2.18631,41.46402],[2.1867,41.46415],[2.18666,41.46596],[2.18613,41.46615],[2.18569,41.46591],[2.18576,41.46501],[2.18515,41.46376],[2.18476,41.46343],[2.1842,41.46317],[2.18297,41.46319],[2.1824,41.46257],[2.18206,41.46249],[2.17942,41.46545],[2.17861,41.46669],[2.17815,41.46672],[2.17808,41.46643],[2.17953,41.46481],[2.17954,41.46365],[2.18006,41.46254],[2.17695,41.46063],[2.17651,41.45998],[2.17593,41.45968],[2.1764,41.45932],[2.17699,41.45971]]}},{"type":"Feature","properties":{"id":"tmb-bus:185","code":"185","operator":"tmb","mode":"bus","color":"#DA291C","destination":"Vall d'Hebron"},"geometry":{"type":"LineString","coordinates":[[2.16572,41.44151],[2.16368,41.44075],[2.16218,41.44083],[2.16074,41.44012],[2.15732,41.43955],[2.15673,41.43968],[2.15477,41.441],[2.15425,41.43925],[2.15376,41.43896],[2.15229,41.43929],[2.15187,41.4399],[2.15146,41.44012],[2.15005,41.44034],[2.15169,41.44],[2.15231,41.43925],[2.15361,41.43894],[2.15411,41.43898],[2.15317,41.4365],[2.15331,41.43615],[2.15621,41.43762],[2.15749,41.43804],[2.16063,41.43623],[2.15895,41.43443],[2.16092,41.43323],[2.16153,41.43393],[2.16303,41.43289],[2.16315,41.432],[2.16369,41.43106],[2.16197,41.42967],[2.15958,41.42973],[2.15837,41.42952],[2.15532,41.42847],[2.15167,41.42644],[2.15095,41.42625],[2.15049,41.42625],[2.14909,41.42686],[2.14629,41.42674],[2.14344,41.42749],[2.14303,41.42688]]}},{"type":"Feature","properties":{"id":"tmb-bus:185","code":"185","operator":"tmb","mode":"bus","color":"#DA291C","destination":"<M> Canyelles"},"geometry":{"type":"LineString","coordinates":[[2.14303,41.42688],[2.14206,41.42481],[2.14349,41.42439],[2.14675,41.42422],[2.14781,41.42454],[2.15057,41.42612],[2.1517,41.42636],[2.15521,41.4283],[2.15702,41.42898],[2.15921,41.42963],[2.16194,41.42953],[2.16069,41.43092],[2.15942,41.43179],[2.15826,41.43225],[2.15836,41.43272],[2.15386,41.43542],[2.15373,41.43641],[2.15643,41.43772],[2.15855,41.43834],[2.16281,41.43594],[2.16316,41.43661],[2.15965,41.4387],[2.16011,41.43892],[2.16053,41.43949],[2.16275,41.43946],[2.1636,41.44013],[2.16671,41.44142],[2.16646,41.44175],[2.16572,41.44151]]}},{"type":"Feature","properties":{"id":"tmb-bus:191","code":"191","operator":"tmb","mode":"bus","color":"#DA291C","destination":"Can Baró"},"geometry":{"type":"LineString","coordinates":[[2.1815,41.42616],[2.18123,41.42628],[2.18026,41.42545],[2.18389,41.42264],[2.18387,41.42007],[2.18126,41.4181],[2.18047,41.41825],[2.18033,41.41573],[2.17439,41.41131],[2.17133,41.41351],[2.17346,41.41515]]}},{"type":"Feature","properties":{"id":"tmb-bus:191","code":"191","operator":"tmb","mode":"bus","color":"#DA291C","destination":"Pl. Congrés"},"geometry":{"type":"LineString","coordinates":[[2.17346,41.41515],[2.17292,41.41558],[2.1707,41.414],[2.16946,41.41496],[2.16933,41.41566],[2.16806,41.4158],[2.16583,41.41491],[2.16412,41.41466],[2.16231,41.41415],[2.16145,41.41375],[2.16128,41.4135],[2.1625,41.41225],[2.16454,41.41168],[2.16586,41.41183],[2.16805,41.41244],[2.17095,41.41374],[2.17431,41.41627],[2.17859,41.41307],[2.179,41.41308],[2.18086,41.41459],[2.1805,41.41606],[2.18046,41.4174],[2.1808,41.41939],[2.1845,41.42219],[2.18135,41.4247],[2.1823,41.42551],[2.1815,41.42616]]}},{"type":"Feature","properties":{"id":"tmb-bus:192","code":"192","operator":"tmb","mode":"bus","color":"#DA291C","destination":"Hospital de Sant Pau"},"geometry":{"type":"LineString","coordinates":[[2.19889,41.40033],[2.19596,41.39826],[2.18719,41.40493],[2.18699,41.4138],[2.18617,41.41413],[2.1824,41.41699],[2.182,41.41697],[2.17439,41.41131],[2.17133,41.41351],[2.17318,41.41494]]}},{"type":"Feature","properties":{"id":"tmb-bus:192","code":"192","operator":"tmb","mode":"bus","color":"#DA291C","destination":"Poblenou"},"geometry":{"type":"LineString","coordinates":[[2.17318,41.41494],[2.17469,41.416],[2.17859,41.41307],[2.17888,41.41302],[2.18313,41.41624],[2.18449,41.41704],[2.20268,41.40342],[2.20264,41.40318],[2.19889,41.40033]]}},{"type":"Feature","properties":{"id":"tmb-bus:196","code":"196","operator":"tmb","mode":"bus","color":"#DA291C","destination":"Bellesguard"},"geometry":{"type":"LineString","coordinates":[[2.13655,41.41095],[2.13347,41.41506],[2.1308,41.41539],[2.13034,41.41525],[2.12993,41.41481],[2.1295,41.41489],[2.1294,41.41521],[2.12997,41.41629],[2.13043,41.41638],[2.13139,41.41611],[2.13045,41.41646],[2.1298,41.41618],[2.12931,41.41519],[2.12947,41.41482],[2.12996,41.41476],[2.1304,41.41523],[2.13087,41.41535],[2.13265,41.41499],[2.1308,41.41386],[2.13018,41.41313],[2.12826,41.41167],[2.12602,41.41044],[2.12541,41.41052],[2.12475,41.41141],[2.12398,41.4118],[2.1237,41.41165]]}},{"type":"Feature","properties":{"id":"tmb-bus:196","code":"196","operator":"tmb","mode":"bus","color":"#DA291C","destination":"Av. Tibidabo"},"geometry":{"type":"LineString","coordinates":[[2.1237,41.41165],[2.12551,41.41026],[2.12589,41.41021],[2.12814,41.41142],[2.13011,41.41292],[2.13101,41.41386],[2.1338,41.41444],[2.13678,41.41047],[2.13661,41.41015],[2.13681,41.40973],[2.13719,41.40956],[2.13734,41.40985],[2.13655,41.41095]]}},{"type":"Feature","properties":{"id":"tmb-bus:983","code":"983","operator":"tmb","mode":"bus","color":"#937500","destination":"Paral·lel"},"geometry":{"type":"LineString","coordinates":[[2.16477,41.36897],[2.16246,41.36898],[2.16124,41.36872],[2.1579,41.36682],[2.15801,41.36649],[2.15859,41.36637],[2.15906,41.36654],[2.1593,41.36695],[2.15912,41.36736],[2.15879,41.36751],[2.15797,41.36733],[2.1573,41.36746],[2.1558,41.36893],[2.15613,41.36909],[2.15747,41.3684],[2.15793,41.3684],[2.15828,41.36876],[2.15846,41.37007],[2.15666,41.37034],[2.15472,41.37397],[2.15611,41.37492],[2.16956,41.37488]]}},{"type":"Feature","properties":{"id":"tmb-bus:983","code":"983","operator":"tmb","mode":"bus","color":"#937500","destination":"Funicular Montjuïc"},"geometry":{"type":"LineString","coordinates":[[2.16956,41.37488],[2.17528,41.37453],[2.17552,41.37434],[2.17563,41.37343],[2.17377,41.37102],[2.17314,41.36859],[2.1703,41.36473],[2.17005,41.36483],[2.17134,41.369],[2.17049,41.3707],[2.1702,41.37074],[2.16993,41.37041],[2.16743,41.3699],[2.16603,41.36901],[2.16477,41.36897]]}},{"type":"Feature","properties":{"id":"fgc:L6","code":"L6","operator":"fgc","mode":"fgc","color":"#797FBC","destination":"Sarrià"},"geometry":{"type":"LineString","coordinates":[[2.17006,41.38575],[2.16945,41.38555],[2.16729,41.38589],[2.15615,41.39429],[2.15473,41.39693],[2.15156,41.4002],[2.1501,41.40097],[2.14898,41.40119],[2.1467,41.40104],[2.14305,41.39885],[2.14124,41.39813],[2.13994,41.3979],[2.12771,41.39785],[2.12557,41.3985]]}},{"type":"Feature","properties":{"id":"fgc:L6","code":"L6","operator":"fgc","mode":"fgc","color":"#797FBC","destination":"Barcelona - Plaça Catalunya"},"geometry":{"type":"LineString","coordinates":[[2.11877,41.39893],[2.12033,41.39983],[2.12245,41.40004],[2.12453,41.39957],[2.12635,41.39814],[2.12726,41.39788],[2.13994,41.3979],[2.14124,41.39813],[2.14305,41.39885],[2.1467,41.40104],[2.14772,41.40121],[2.14955,41.40111],[2.1512,41.40047],[2.15347,41.3983],[2.15473,41.39693],[2.15615,41.39429],[2.1642,41.38816],[2.16759,41.38575],[2.16945,41.38555],[2.17006,41.38575]]}},{"type":"Feature","properties":{"id":"fgc:L7","code":"L7","operator":"fgc","mode":"fgc","color":"#B2600B","destination":"Av. Tibidabo"},"geometry":{"type":"LineString","coordinates":[[2.17006,41.38575],[2.16945,41.38555],[2.16729,41.38589],[2.15615,41.39429],[2.15473,41.39694],[2.1512,41.40047],[2.14955,41.40112],[2.14728,41.40133],[2.13945,41.40507],[2.13656,41.40994]]}},{"type":"Feature","properties":{"id":"fgc:L7","code":"L7","operator":"fgc","mode":"fgc","color":"#B2600B","destination":"Barcelona - Plaça Catalunya"},"geometry":{"type":"LineString","coordinates":[[2.13656,41.40994],[2.13945,41.40507],[2.14728,41.40133],[2.14955,41.40112],[2.1512,41.40047],[2.15473,41.39694],[2.15615,41.39429],[2.16729,41.38589],[2.16945,41.38555],[2.17006,41.38575]]}},{"type":"Feature","properties":{"id":"fgc:L8","code":"L8","operator":"fgc","mode":"fgc","color":"#E274AA","destination":"Molí Nou - Ciutat Cooperativa"},"geometry":{"type":"LineString","coordinates":[[2.14847,41.37452],[2.12587,41.35742],[2.11926,41.35346],[2.11846,41.35347],[2.11781,41.35376],[2.11283,41.36106],[2.11203,41.36127],[2.10268,41.35787],[2.08786,41.35357],[2.07281,41.35136],[2.06459,41.35233],[2.06251,41.35222],[2.05195,41.35082],[2.04584,41.34827],[2.04374,41.34821],[2.03896,41.35043],[2.03719,41.35196],[2.03652,41.35315],[2.03608,41.3563],[2.0334,41.3606],[2.03227,41.36342],[2.02975,41.36608],[2.02454,41.36971],[2.02339,41.37078],[2.021,41.37573],[2.01782,41.37976],[2.01323,41.38719],[2.0092,41.39184],[2.00849,41.3947],[2.00474,41.39974],[2.00173,41.4063]]}},{"type":"Feature","properties":{"id":"fgc:L8","code":"L8","operator":"fgc","mode":"fgc","color":"#E274AA","destination":"Barcelona - Plaça Espanya"},"geometry":{"type":"LineString","coordinates":[[2.00173,41.4063],[2.00474,41.39974],[2.00849,41.3947],[2.0092,41.39184],[2.01323,41.38719],[2.01782,41.37976],[2.021,41.37573],[2.02339,41.37078],[2.02454,41.36971],[2.02975,41.36608],[2.03227,41.36342],[2.0334,41.3606],[2.03608,41.3563],[2.03652,41.35315],[2.03719,41.35196],[2.03896,41.35043],[2.04374,41.34821],[2.04584,41.34827],[2.05195,41.35082],[2.06251,41.35222],[2.06459,41.35233],[2.07281,41.35136],[2.08786,41.35357],[2.10268,41.35787],[2.11203,41.36127],[2.11283,41.36106],[2.11781,41.35376],[2.11846,41.35347],[2.11926,41.35346],[2.12587,41.35742],[2.14847,41.37452]]}},{"type":"Feature","properties":{"id":"fgc:R5","code":"R5","operator":"fgc","mode":"fgc","color":"#3DBFC3","destination":"Manresa-Baixador"},"geometry":{"type":"LineString","coordinates":[[2.14847,41.37452],[2.12587,41.35742],[2.11926,41.35346],[2.11846,41.35347],[2.11781,41.35376],[2.11283,41.36106],[2.11203,41.36127],[2.10268,41.35787],[2.08786,41.35357],[2.07281,41.35136],[2.0641,41.35235],[2.05781,41.35164],[2.05195,41.35082],[2.04536,41.34816],[2.04374,41.34821],[2.04072,41.34955],[2.03896,41.35043],[2.03672,41.35261],[2.03608,41.3563],[2.0334,41.3606],[2.03227,41.36342],[2.02975,41.36608],[2.02454,41.36971],[2.02339,41.37078],[2.021,41.37573],[2.01782,41.37976],[2.01323,41.38719],[2.0092,41.39184],[2.00849,41.3947],[2.00474,41.39974],[2.00087,41.40835],[2.00061,41.41086],[1.99945,41.41311],[1.99812,41.41485],[1.99593,41.41974],[1.99533,41.4218],[1.9946,41.42824],[1.99246,41.43557],[1.9889,41.43873],[1.9816,41.44226],[1.97911,41.44403],[1.97538,41.44555],[1.96602,41.45278],[1.95847,41.45905],[1.95495,41.46089],[1.95388,41.46246],[1.95345,41.46391],[1.95083,41.46681],[1.94834,41.46819],[1.94388,41.46957],[1.93924,41.4743],[1.93873,41.47542],[1.94001,41.47873],[1.93959,41.48018],[1.93856,41.48082],[1.93684,41.48092],[1.93263,41.47996],[1.92449,41.47915],[1.9223,41.47983],[1.92108,41.48099],[1.92024,41.48263],[1.91758,41.48482],[1.91155,41.49883],[1.90996,41.50132],[1.90963,41.50242],[1.90989,41.50521],[1.91066,41.50736],[1.91058,41.50859],[1.90682,41.51764],[1.90677,41.5275],[1.90528,41.53065],[1.90408,41.53211],[1.89834,41.53675],[1.89698,41.53747],[1.89179,41.53917],[1.88872,41.54094],[1.88383,41.5448],[1.88273,41.54605],[1.87958,41.55518],[1.87981,41.5565],[1.88127,41.5584],[1.88168,41.56134],[1.88234,41.56279],[1.88224,41.56443],[1.88114,41.56598],[1.88127,41.56791],[1.88063,41.56982],[1.87995,41.57045],[1.87609,41.5725],[1.8712,41.57321],[1.86654,41.57357],[1.86521,41.57439],[1.86352,41.57573],[1.86197,41.57773],[1.86189,41.58052],[1.86152,41.58136],[1.86024,41.5824],[1.8588,41.5843],[1.85625,41.58637],[1.85336,41.59108],[1.85389,41.59239],[1.85593,41.59361],[1.85709,41.59575],[1.85672,41.59951],[1.85443,41.60312],[1.85341,41.60576],[1.84916,41.6105],[1.84881,41.61172],[1.84901,41.61221],[1.8548,41.61798],[1.85539,41.62006],[1.85502,41.62102],[1.85276,41.62329],[1.85006,41.63239],[1.8508,41.63383],[1.85159,41.63753],[1.85215,41.63825],[1.85502,41.64067],[1.85683,41.64144],[1.85791,41.64228],[1.85743,41.64583],[1.8584,41.64887],[1.85729,41.65204],[1.85733,41.65286],[1.85926,41.66092],[1.8611,41.66371],[1.86125,41.66434],[1.85968,41.66745],[1.85898,41.67254],[1.85835,41.67334],[1.85567,41.6753],[1.85514,41.67637],[1.8561,41.68012],[1.85525,41.68352],[1.85626,41.68742],[1.85626,41.68849],[1.85557,41.68936],[1.84676,41.69615],[1.84636,41.69672],[1.84625,41.6976],[1.84675,41.69919],[1.84671,41.7005],[1.84575,41.70345],[1.84459,41.70536],[1.84422,41.70679],[1.84357,41.70745],[1.84203,41.70807],[1.83662,41.71156],[1.83367,41.71732],[1.83371,41.71927],[1.83446,41.72055],[1.83398,41.72441],[1.83436,41.72569],[1.83641,41.72732],[1.83712,41.72831],[1.83771,41.73127],[1.8375,41.7319],[1.83666,41.73275],[1.83572,41.73315],[1.83457,41.73291],[1.83076,41.73132],[1.82797,41.73144]]}},{"type":"Feature","properties":{"id":"fgc:R5","code":"R5","operator":"fgc","mode":"fgc","color":"#3DBFC3","destination":"Barcelona - Plaça Espanya"},"geometry":{"type":"LineString","coordinates":[[1.82797,41.73144],[1.83076,41.73132],[1.83457,41.73291],[1.83572,41.73315],[1.83666,41.73275],[1.8375,41.7319],[1.83771,41.73127],[1.83712,41.72831],[1.83641,41.72732],[1.83436,41.72569],[1.83398,41.72441],[1.83446,41.72055],[1.83371,41.71927],[1.83367,41.71732],[1.83662,41.71156],[1.84203,41.70807],[1.84357,41.70745],[1.84422,41.70679],[1.84459,41.70536],[1.84575,41.70345],[1.84671,41.7005],[1.84675,41.69919],[1.84625,41.6976],[1.84636,41.69672],[1.84676,41.69615],[1.85557,41.68936],[1.85626,41.68849],[1.85626,41.68742],[1.85525,41.68352],[1.8561,41.68012],[1.85514,41.67637],[1.85567,41.6753],[1.85835,41.67334],[1.85898,41.67254],[1.85968,41.66745],[1.86125,41.66434],[1.8611,41.66371],[1.85926,41.66092],[1.85733,41.65286],[1.85729,41.65204],[1.8584,41.64887],[1.85743,41.64583],[1.85791,41.64228],[1.85683,41.64144],[1.85502,41.64067],[1.85215,41.63825],[1.85159,41.63753],[1.8508,41.63383],[1.85006,41.63239],[1.85276,41.62329],[1.85502,41.62102],[1.85539,41.62006],[1.8548,41.61798],[1.84901,41.61221],[1.84881,41.61172],[1.84916,41.6105],[1.85341,41.60576],[1.85443,41.60312],[1.85672,41.59951],[1.85709,41.59575],[1.85593,41.59361],[1.85389,41.59239],[1.85336,41.59108],[1.85625,41.58637],[1.8588,41.5843],[1.86024,41.5824],[1.86152,41.58136],[1.86189,41.58052],[1.86197,41.57773],[1.86352,41.57573],[1.86521,41.57439],[1.86654,41.57357],[1.8712,41.57321],[1.87609,41.5725],[1.87995,41.57045],[1.88063,41.56982],[1.88127,41.56791],[1.88114,41.56598],[1.88224,41.56443],[1.88234,41.56279],[1.88168,41.56134],[1.88127,41.5584],[1.87981,41.5565],[1.87958,41.55518],[1.88273,41.54605],[1.88383,41.5448],[1.88872,41.54094],[1.89179,41.53917],[1.89698,41.53747],[1.89834,41.53675],[1.90408,41.53211],[1.90528,41.53065],[1.90677,41.5275],[1.90682,41.51764],[1.91058,41.50859],[1.91066,41.50736],[1.90989,41.50521],[1.90963,41.50242],[1.90996,41.50132],[1.91155,41.49883],[1.91758,41.48482],[1.92024,41.48263],[1.92108,41.48099],[1.9223,41.47983],[1.92449,41.47915],[1.93263,41.47996],[1.93684,41.48092],[1.93856,41.48082],[1.93959,41.48018],[1.94001,41.47873],[1.93873,41.47542],[1.93924,41.4743],[1.94388,41.46957],[1.94834,41.46819],[1.95083,41.46681],[1.95345,41.46391],[1.95388,41.46246],[1.95495,41.46089],[1.95847,41.45905],[1.96602,41.45278],[1.97538,41.44555],[1.97911,41.44403],[1.9816,41.44226],[1.9889,41.43873],[1.99246,41.43557],[1.9946,41.42824],[1.99533,41.4218],[1.99593,41.41974],[1.99812,41.41485],[1.99945,41.41311],[2.00061,41.41086],[2.00087,41.40835],[2.00474,41.39974],[2.00849,41.3947],[2.0092,41.39184],[2.01323,41.38719],[2.01782,41.37976],[2.021,41.37573],[2.02339,41.37078],[2.02454,41.36971],[2.02975,41.36608],[2.03227,41.36342],[2.0334,41.3606],[2.03608,41.3563],[2.03672,41.35261],[2.03896,41.35043],[2.04072,41.34955],[2.04374,41.34821],[2.04536,41.34816],[2.05195,41.35082],[2.05781,41.35164],[2.0641,41.35235],[2.07281,41.35136],[2.08786,41.35357],[2.10268,41.35787],[2.11203,41.36127],[2.11283,41.36106],[2.11781,41.35376],[2.11846,41.35347],[2.11926,41.35346],[2.12587,41.35742],[2.14847,41.37452]]}},{"type":"Feature","properties":{"id":"fgc:R5","code":"R5","operator":"fgc","mode":"fgc","color":"#3DBFC3","destination":"Martorell Enllaç"},"geometry":{"type":"LineString","coordinates":[[1.82797,41.73144],[1.83076,41.73132],[1.83457,41.73291],[1.83572,41.73315],[1.83666,41.73275],[1.8375,41.7319],[1.83771,41.73127],[1.83712,41.72831],[1.83641,41.72732],[1.83436,41.72569],[1.83398,41.72441],[1.83446,41.72055],[1.83371,41.71927],[1.83367,41.71732],[1.83662,41.71156],[1.84203,41.70807],[1.84357,41.70745],[1.84422,41.70679],[1.84459,41.70536],[1.84575,41.70345],[1.84671,41.7005],[1.84675,41.69919],[1.84625,41.6976],[1.84636,41.69672],[1.84676,41.69615],[1.85557,41.68936],[1.85626,41.68849],[1.85626,41.68742],[1.85525,41.68352],[1.8561,41.68012],[1.85514,41.67637],[1.85567,41.6753],[1.85835,41.67334],[1.85898,41.67254],[1.85968,41.66745],[1.86125,41.66434],[1.8611,41.66371],[1.85926,41.66092],[1.85733,41.65286],[1.85729,41.65204],[1.8584,41.64887],[1.85743,41.64583],[1.85791,41.64228],[1.85683,41.64144],[1.85502,41.64067],[1.85215,41.63825],[1.85159,41.63753],[1.8508,41.63383],[1.85006,41.63239],[1.85276,41.62329],[1.85502,41.62102],[1.85539,41.62006],[1.8548,41.61798],[1.84901,41.61221],[1.84881,41.61172],[1.84916,41.6105],[1.85341,41.60576],[1.85443,41.60312],[1.85672,41.59951],[1.85709,41.59575],[1.85593,41.59361],[1.85389,41.59239],[1.85336,41.59108],[1.85625,41.58637],[1.8588,41.5843],[1.86024,41.5824],[1.86152,41.58136],[1.86189,41.58052],[1.86197,41.57773],[1.86352,41.57573],[1.86521,41.57439],[1.86654,41.57357],[1.8712,41.57321],[1.87609,41.5725],[1.87995,41.57045],[1.88063,41.56982],[1.88127,41.56791],[1.88114,41.56598],[1.88224,41.56443],[1.88234,41.56279],[1.88168,41.56134],[1.88127,41.5584],[1.87981,41.5565],[1.87958,41.55518],[1.88273,41.54605],[1.88383,41.5448],[1.88872,41.54094],[1.89179,41.53917],[1.89698,41.53747],[1.89834,41.53675],[1.90408,41.53211],[1.90528,41.53065],[1.90677,41.5275],[1.90682,41.51764],[1.91058,41.50859],[1.91066,41.50736],[1.90989,41.50521],[1.90963,41.50242],[1.90996,41.50132],[1.91155,41.49883],[1.91758,41.48482],[1.92024,41.48263],[1.92108,41.48099],[1.9223,41.47983],[1.92449,41.47915],[1.93263,41.47996],[1.93684,41.48092],[1.93856,41.48082],[1.93959,41.48018],[1.94001,41.47873],[1.93873,41.47542],[1.93924,41.4743],[1.94388,41.46957],[1.94834,41.46819],[1.95083,41.46681],[1.95345,41.46391],[1.95388,41.46246],[1.95495,41.46089],[1.95847,41.45905],[1.96602,41.45278],[1.97538,41.44555],[1.97911,41.44403],[1.9816,41.44226],[1.9889,41.43873],[1.99246,41.43557],[1.9946,41.42824],[1.99533,41.4218],[1.99593,41.41974],[1.99812,41.41485],[1.99945,41.41311],[2.00061,41.41086],[2.00087,41.40835],[2.00474,41.39974],[2.00849,41.3947],[2.0092,41.39184],[2.01323,41.38719],[2.01782,41.37976],[2.021,41.37573],[2.02339,41.37078],[2.02454,41.36971],[2.02975,41.36608],[2.03227,41.36342],[2.0334,41.3606],[2.03608,41.3563],[2.03672,41.35261],[2.03896,41.35043],[2.04072,41.34955],[2.04374,41.34821],[2.04536,41.34816],[2.05195,41.35082],[2.05781,41.35164],[2.0641,41.35235],[2.07281,41.35136],[2.08786,41.35357],[2.10268,41.35787],[2.11203,41.36127],[2.11283,41.36106],[2.11781,41.35376],[2.11846,41.35347],[2.11926,41.35346],[2.12587,41.35742],[2.14847,41.37452]]}},{"type":"Feature","properties":{"id":"fgc:R6","code":"R6","operator":"fgc","mode":"fgc","color":"#B3B3B3","destination":"Igualada"},"geometry":{"type":"LineString","coordinates":[[2.14882,41.37477],[2.12142,41.35414],[2.11894,41.35366],[2.11685,41.35466],[2.11667,41.35593],[2.11332,41.36063],[2.11276,41.36106],[2.11154,41.36124],[2.09751,41.35572],[2.08497,41.35306],[2.07259,41.35134],[2.06214,41.35229],[2.0551,41.35137],[2.05167,41.35067],[2.04547,41.34817],[2.04334,41.34835],[2.03888,41.35042],[2.03682,41.35224],[2.03573,41.35594],[2.03287,41.36074],[2.03234,41.36262],[2.02963,41.36587],[2.02318,41.37093],[2.02147,41.37488],[2.01747,41.38026],[2.01328,41.38703],[2.00906,41.39204],[2.00861,41.39444],[2.00454,41.39983],[2.00086,41.40826],[2.00027,41.4119],[1.99782,41.41553],[1.99584,41.42007],[1.9953,41.42205],[1.99562,41.42419],[1.9933,41.4331],[1.99203,41.43626],[1.98914,41.43858],[1.98392,41.44139],[1.98083,41.44268],[1.97874,41.44427],[1.97546,41.44567],[1.97115,41.4485],[1.95884,41.45909],[1.95469,41.4612],[1.95342,41.46448],[1.94959,41.46788],[1.94813,41.46849],[1.94473,41.46921],[1.93917,41.47428],[1.93928,41.47687],[1.93996,41.47837],[1.93997,41.47945],[1.93874,41.48076],[1.93751,41.48103],[1.9317,41.47989],[1.92783,41.47977],[1.92388,41.47906],[1.92291,41.47934],[1.92147,41.48019],[1.92098,41.48066],[1.9204,41.48249],[1.91959,41.48341],[1.91567,41.48646],[1.91411,41.48724],[1.90081,41.48717],[1.89546,41.48798],[1.89346,41.48875],[1.89038,41.48857],[1.88782,41.48931],[1.88698,41.48989],[1.88577,41.49163],[1.88253,41.49208],[1.8815,41.49268],[1.87978,41.49454],[1.8794,41.49626],[1.87849,41.49705],[1.87677,41.49707],[1.87504,41.49776],[1.87323,41.49797],[1.87149,41.49739],[1.86968,41.49737],[1.8647,41.49895],[1.8643,41.49935],[1.86418,41.5018],[1.86642,41.50354],[1.86694,41.50442],[1.86671,41.50738],[1.8665,41.50782],[1.86587,41.50812],[1.86496,41.50801],[1.86224,41.50672],[1.8597,41.50717],[1.85777,41.50725],[1.85646,41.50664],[1.85542,41.50539],[1.85443,41.50505],[1.85116,41.50561],[1.8502,41.50553],[1.84429,41.50365],[1.84264,41.50199],[1.84181,41.50161],[1.84086,41.50154],[1.83806,41.50188],[1.83506,41.50141],[1.82669,41.50291],[1.82464,41.50412],[1.82366,41.50434],[1.82278,41.50423],[1.81682,41.50178],[1.81552,41.50196],[1.8085,41.50442],[1.80792,41.50434],[1.80606,41.50265],[1.80476,41.50209],[1.78923,41.50291],[1.78747,41.50323],[1.78169,41.50684],[1.77835,41.50632],[1.77715,41.50651],[1.77216,41.50933],[1.77155,41.51001],[1.77112,41.5116],[1.77071,41.51205],[1.76841,41.51302],[1.76663,41.51479],[1.76211,41.51713],[1.75919,41.51902],[1.75842,41.51992],[1.75699,41.5232],[1.75371,41.52679],[1.75317,41.52878],[1.7525,41.5297],[1.74426,41.53474],[1.7432,41.53509],[1.7406,41.53501],[1.73853,41.53541],[1.73691,41.53541],[1.73514,41.53474],[1.734,41.53334],[1.73086,41.53168],[1.72978,41.53157],[1.72537,41.53195],[1.72354,41.53146],[1.71955,41.52737],[1.71357,41.52402],[1.71284,41.52306],[1.71223,41.52071],[1.71114,41.52011],[1.70708,41.52056],[1.70647,41.52106],[1.70642,41.52158],[1.70706,41.52281],[1.70874,41.52446],[1.70848,41.52523],[1.70766,41.52557],[1.70675,41.52539],[1.70211,41.52198],[1.70165,41.52185],[1.69902,41.52227],[1.69604,41.52151],[1.69426,41.52167],[1.69334,41.52222],[1.69295,41.52281],[1.69373,41.52526],[1.6935,41.52594],[1.69172,41.52801],[1.69236,41.53081],[1.69232,41.53189],[1.69,41.53897],[1.69149,41.5451],[1.69072,41.54785],[1.68798,41.55168],[1.68594,41.55345],[1.68414,41.55389],[1.67986,41.55357],[1.67826,41.55423],[1.67682,41.55606],[1.67629,41.55808],[1.67539,41.55965],[1.67541,41.56053],[1.67639,41.56241],[1.67626,41.56356],[1.67581,41.56413],[1.67473,41.56461],[1.67266,41.56469],[1.67122,41.56432],[1.66835,41.56269],[1.66712,41.56255],[1.66572,41.56281],[1.65246,41.56735],[1.63814,41.57574],[1.63643,41.57606],[1.63422,41.57608],[1.62986,41.57803]]}},{"type":"Feature","properties":{"id":"fgc:R6","code":"R6","operator":"fgc","mode":"fgc","color":"#B3B3B3","destination":"Barcelona - Plaça Espanya"},"geometry":{"type":"LineString","coordinates":[[1.62986,41.57803],[1.63422,41.57608],[1.63643,41.57606],[1.63814,41.57574],[1.65246,41.56735],[1.66572,41.56281],[1.66712,41.56255],[1.66835,41.56269],[1.67122,41.56432],[1.67266,41.56469],[1.67473,41.56461],[1.67581,41.56413],[1.67626,41.56356],[1.67639,41.56241],[1.67541,41.56053],[1.67539,41.55965],[1.67629,41.55808],[1.67682,41.55607],[1.67826,41.55423],[1.67986,41.55357],[1.68414,41.55389],[1.68594,41.55345],[1.68798,41.55168],[1.69072,41.54785],[1.69149,41.5451],[1.69,41.53897],[1.69232,41.53189],[1.69236,41.53081],[1.69172,41.52801],[1.6935,41.52594],[1.69373,41.52526],[1.69295,41.52281],[1.69334,41.52222],[1.69426,41.52167],[1.69604,41.52151],[1.69902,41.52227],[1.70165,41.52185],[1.70211,41.52198],[1.70675,41.52539],[1.70766,41.52557],[1.70848,41.52523],[1.70874,41.52446],[1.70706,41.52281],[1.70642,41.52158],[1.70647,41.52106],[1.70708,41.52056],[1.71114,41.52011],[1.71223,41.52071],[1.71284,41.52306],[1.71357,41.52402],[1.71955,41.52737],[1.72354,41.53146],[1.72537,41.53195],[1.72978,41.53157],[1.73086,41.53168],[1.734,41.53334],[1.73514,41.53474],[1.73691,41.53541],[1.73853,41.53541],[1.7406,41.53501],[1.7432,41.53509],[1.74426,41.53474],[1.7525,41.5297],[1.75317,41.52878],[1.75371,41.52679],[1.75699,41.5232],[1.75842,41.51992],[1.75919,41.51902],[1.76211,41.51713],[1.76663,41.51479],[1.76841,41.51302],[1.77071,41.51205],[1.77112,41.5116],[1.77155,41.51001],[1.77216,41.50933],[1.77715,41.50651],[1.77835,41.50632],[1.78169,41.50684],[1.78747,41.50323],[1.78923,41.50291],[1.80476,41.50209],[1.80606,41.50265],[1.80792,41.50434],[1.8085,41.50442],[1.81552,41.50196],[1.81682,41.50178],[1.82278,41.50423],[1.82366,41.50434],[1.82464,41.50412],[1.82669,41.50291],[1.83506,41.50141],[1.83806,41.50188],[1.84086,41.50154],[1.84181,41.50161],[1.84264,41.50199],[1.84429,41.50365],[1.8502,41.50553],[1.85116,41.50561],[1.85443,41.50505],[1.85542,41.50539],[1.85646,41.50664],[1.85777,41.50725],[1.8597,41.50717],[1.86224,41.50672],[1.86496,41.50801],[1.86587,41.50812],[1.8665,41.50782],[1.86671,41.50738],[1.86694,41.50442],[1.86642,41.50354],[1.86418,41.5018],[1.8643,41.49935],[1.8647,41.49895],[1.86968,41.49737],[1.87149,41.49739],[1.87323,41.49797],[1.87504,41.49776],[1.87677,41.49707],[1.87849,41.49705],[1.8794,41.49626],[1.87978,41.49454],[1.8815,41.49268],[1.88253,41.49208],[1.88577,41.49163],[1.88698,41.48989],[1.88782,41.48931],[1.89038,41.48857],[1.89346,41.48875],[1.89546,41.48798],[1.90081,41.48717],[1.91411,41.48724],[1.91567,41.48646],[1.91959,41.48341],[1.9204,41.48249],[1.92098,41.48066],[1.92147,41.48019],[1.92291,41.47934],[1.92388,41.47906],[1.92783,41.47977],[1.9317,41.47989],[1.93751,41.48103],[1.93874,41.48076],[1.93997,41.47945],[1.93996,41.47837],[1.93928,41.47687],[1.93917,41.47428],[1.94473,41.46921],[1.94813,41.46849],[1.94959,41.46788],[1.95342,41.46448],[1.95469,41.4612],[1.95884,41.45909],[1.97115,41.4485],[1.97546,41.44567],[1.97874,41.44427],[1.98083,41.44268],[1.98392,41.44139],[1.98914,41.43858],[1.99203,41.43626],[1.9933,41.4331],[1.99562,41.42419],[1.9953,41.42205],[1.99584,41.42007],[1.99782,41.41553],[2.00027,41.4119],[2.00086,41.40826],[2.00454,41.39983],[2.00861,41.39444],[2.00906,41.39204],[2.01328,41.38703],[2.01747,41.38026],[2.02147,41.37488],[2.02318,41.37093],[2.02963,41.36587],[2.03234,41.36262],[2.03287,41.36074],[2.03573,41.35594],[2.03682,41.35224],[2.03888,41.35042],[2.04334,41.34835],[2.04547,41.34817],[2.05167,41.35067],[2.0551,41.35137],[2.06214,41.35229],[2.07259,41.35134],[2.08497,41.35306],[2.09751,41.35572],[2.11154,41.36124],[2.11276,41.36106],[2.11332,41.36063],[2.11667,41.35593],[2.11685,41.35466],[2.11894,41.35366],[2.12142,41.35414],[2.14882,41.37477]]}},{"type":"Feature","properties":{"id":"fgc:R6","code":"R6","operator":"fgc","mode":"fgc","color":"#B3B3B3","destination":"Martorell Enllaç"},"geometry":{"type":"LineString","coordinates":[[1.62986,41.57803],[1.63422,41.57608],[1.63643,41.57606],[1.63814,41.57574],[1.65246,41.56735],[1.66572,41.56281],[1.66712,41.56255],[1.66835,41.56269],[1.67122,41.56432],[1.67266,41.56469],[1.67473,41.56461],[1.67581,41.56413],[1.67626,41.56356],[1.67639,41.56241],[1.67541,41.56053],[1.67539,41.55965],[1.67629,41.55808],[1.67682,41.55607],[1.67826,41.55423],[1.67986,41.55357],[1.68414,41.55389],[1.68594,41.55345],[1.68798,41.55168],[1.69072,41.54785],[1.69149,41.5451],[1.69,41.53897],[1.69232,41.53189],[1.69236,41.53081],[1.69172,41.52801],[1.6935,41.52594],[1.69373,41.52526],[1.69295,41.52281],[1.69334,41.52222],[1.69426,41.52167],[1.69604,41.52151],[1.69902,41.52227],[1.70165,41.52185],[1.70211,41.52198],[1.70675,41.52539],[1.70766,41.52557],[1.70848,41.52523],[1.70874,41.52446],[1.70706,41.52281],[1.70642,41.52158],[1.70647,41.52106],[1.70708,41.52056],[1.71114,41.52011],[1.71223,41.52071],[1.71284,41.52306],[1.71357,41.52402],[1.71955,41.52737],[1.72354,41.53146],[1.72537,41.53195],[1.72978,41.53157],[1.73086,41.53168],[1.734,41.53334],[1.73514,41.53474],[1.73691,41.53541],[1.73853,41.53541],[1.7406,41.53501],[1.7432,41.53509],[1.74426,41.53474],[1.7525,41.5297],[1.75317,41.52878],[1.75371,41.52679],[1.75699,41.5232],[1.75842,41.51992],[1.75919,41.51902],[1.76211,41.51713],[1.76663,41.51479],[1.76841,41.51302],[1.77071,41.51205],[1.77112,41.5116],[1.77155,41.51001],[1.77216,41.50933],[1.77715,41.50651],[1.77835,41.50632],[1.78169,41.50684],[1.78747,41.50323],[1.78923,41.50291],[1.80476,41.50209],[1.80606,41.50265],[1.80792,41.50434],[1.8085,41.50442],[1.81552,41.50196],[1.81682,41.50178],[1.82278,41.50423],[1.82366,41.50434],[1.82464,41.50412],[1.82669,41.50291],[1.83506,41.50141],[1.83806,41.50188],[1.84086,41.50154],[1.84181,41.50161],[1.84264,41.50199],[1.84429,41.50365],[1.8502,41.50553],[1.85116,41.50561],[1.85443,41.50505],[1.85542,41.50539],[1.85646,41.50664],[1.85777,41.50725],[1.8597,41.50717],[1.86224,41.50672],[1.86496,41.50801],[1.86587,41.50812],[1.8665,41.50782],[1.86671,41.50738],[1.86694,41.50442],[1.86642,41.50354],[1.86418,41.5018],[1.8643,41.49935],[1.8647,41.49895],[1.86968,41.49737],[1.87149,41.49739],[1.87323,41.49797],[1.87504,41.49776],[1.87677,41.49707],[1.87849,41.49705],[1.8794,41.49626],[1.87978,41.49454],[1.8815,41.49268],[1.88253,41.49208],[1.88577,41.49163],[1.88698,41.48989],[1.88782,41.48931],[1.89038,41.48857],[1.89346,41.48875],[1.89546,41.48798],[1.90081,41.48717],[1.91411,41.48724],[1.91567,41.48646],[1.91959,41.48341],[1.9204,41.48249],[1.92098,41.48066],[1.92147,41.48019],[1.92291,41.47934],[1.92388,41.47906],[1.92783,41.47977],[1.9317,41.47989],[1.93751,41.48103],[1.93874,41.48076],[1.93997,41.47945],[1.93996,41.47837],[1.93928,41.47687],[1.93917,41.47428],[1.94473,41.46921],[1.94813,41.46849],[1.94959,41.46788],[1.95342,41.46448],[1.95469,41.4612],[1.95884,41.45909],[1.97115,41.4485],[1.97546,41.44567],[1.97874,41.44427],[1.98083,41.44268],[1.98392,41.44139],[1.98914,41.43858],[1.99203,41.43626],[1.9933,41.4331],[1.99562,41.42419],[1.9953,41.42205],[1.99584,41.42007],[1.99782,41.41553],[2.00027,41.4119],[2.00086,41.40826],[2.00454,41.39983],[2.00861,41.39444],[2.00906,41.39204],[2.01328,41.38703],[2.01747,41.38026],[2.02147,41.37488],[2.02318,41.37093],[2.02963,41.36587],[2.03234,41.36262],[2.03287,41.36074],[2.03573,41.35594],[2.03682,41.35224],[2.03888,41.35042],[2.04334,41.34835],[2.04547,41.34817],[2.05167,41.35067],[2.0551,41.35137],[2.06214,41.35229],[2.07259,41.35134],[2.08497,41.35306],[2.09751,41.35572],[2.11154,41.36124],[2.11276,41.36106],[2.11332,41.36063],[2.11667,41.35593],[2.11685,41.35466],[2.11894,41.35366],[2.12142,41.35414],[2.14882,41.37477]]}},{"type":"Feature","properties":{"id":"fgc:S1","code":"S1","operator":"fgc","mode":"fgc","color":"#EF7900","destination":"Terrassa Nacions Unides"},"geometry":{"type":"LineString","coordinates":[[2.17006,41.38575],[2.16945,41.38555],[2.16729,41.38589],[2.15615,41.39429],[2.15473,41.39693],[2.15156,41.4002],[2.1501,41.40097],[2.14898,41.40119],[2.1467,41.40103],[2.14305,41.39884],[2.14124,41.39812],[2.13993,41.39788],[2.12693,41.39793],[2.12635,41.39814],[2.12427,41.39984],[2.12411,41.40113],[2.12461,41.40193],[2.12467,41.40274],[2.12305,41.40462],[2.12209,41.4075],[2.12167,41.4077],[2.12019,41.40749],[2.11702,41.40665],[2.11513,41.40665],[2.11374,41.40716],[2.11251,41.40848],[2.11144,41.4091],[2.10526,41.41455],[2.09623,41.42071],[2.09421,41.42292],[2.09089,41.42892],[2.08944,41.42945],[2.08707,41.42923],[2.08635,41.4294],[2.08353,41.4319],[2.08039,41.43273],[2.07986,41.4331],[2.07499,41.43944],[2.07253,41.44123],[2.0722,41.44208],[2.07313,41.44463],[2.07501,41.44717],[2.07533,41.44828],[2.07511,41.44949],[2.07363,41.45118],[2.07055,41.45341],[2.06895,41.45505],[2.06848,41.45618],[2.06834,41.45819],[2.06914,41.45986],[2.0702,41.46097],[2.07769,41.46654],[2.07823,41.46738],[2.07821,41.46838],[2.07739,41.46939],[2.07679,41.46949],[2.07017,41.4688],[2.06468,41.46881],[2.05472,41.47088],[2.05298,41.47192],[2.05067,41.47478],[2.04989,41.4754],[2.04848,41.47599],[2.04476,41.4764],[2.043,41.47709],[2.03529,41.4845],[2.03357,41.48547],[2.02969,41.48694],[2.02784,41.48796],[2.02715,41.48866],[2.02572,41.49167],[2.02544,41.49403],[2.031,41.50609],[2.03428,41.52696],[2.03364,41.52845],[2.03023,41.53299],[2.02836,41.53416],[2.02386,41.53585],[2.02171,41.53721],[2.01732,41.54142],[2.00955,41.55061],[2.00741,41.55694],[2.00809,41.56321],[2.00948,41.56391],[2.01137,41.56404],[2.01246,41.56361],[2.0141,41.56191],[2.01486,41.56148],[2.0168,41.5613],[2.01796,41.56145],[2.01883,41.56226],[2.02001,41.56568],[2.01922,41.56723],[2.01484,41.57087],[2.01382,41.57488],[2.0134,41.58018]]}},{"type":"Feature","properties":{"id":"fgc:S1","code":"S1","operator":"fgc","mode":"fgc","color":"#EF7900","destination":"Barcelona - Plaça Catalunya"},"geometry":{"type":"LineString","coordinates":[[2.0134,41.58018],[2.01382,41.57488],[2.01484,41.57087],[2.01922,41.56723],[2.02001,41.56568],[2.01883,41.56226],[2.01796,41.56145],[2.0168,41.5613],[2.01486,41.56148],[2.0141,41.56191],[2.01246,41.56361],[2.01137,41.56404],[2.00948,41.56391],[2.00809,41.56321],[2.00741,41.55694],[2.00955,41.55061],[2.01732,41.54142],[2.02171,41.53721],[2.02386,41.53585],[2.02836,41.53416],[2.03023,41.53299],[2.03364,41.52845],[2.03428,41.52696],[2.031,41.50609],[2.02544,41.49403],[2.02572,41.49167],[2.02715,41.48866],[2.02784,41.48796],[2.02969,41.48694],[2.03357,41.48547],[2.03529,41.4845],[2.043,41.47709],[2.04476,41.4764],[2.04848,41.47599],[2.04989,41.4754],[2.05067,41.47478],[2.05298,41.47192],[2.05472,41.47088],[2.06468,41.46881],[2.07017,41.4688],[2.07679,41.46949],[2.07739,41.46939],[2.07821,41.46838],[2.07823,41.46738],[2.07769,41.46654],[2.0702,41.46097],[2.06914,41.45986],[2.06834,41.45819],[2.06848,41.45618],[2.06895,41.45505],[2.07055,41.45341],[2.07363,41.45118],[2.07511,41.44949],[2.07533,41.44828],[2.07501,41.44717],[2.07313,41.44463],[2.0722,41.44208],[2.07253,41.44123],[2.07499,41.43944],[2.07986,41.4331],[2.08039,41.43273],[2.08353,41.4319],[2.08635,41.4294],[2.08707,41.42923],[2.08944,41.42945],[2.09089,41.42892],[2.09421,41.42292],[2.09623,41.42071],[2.10526,41.41455],[2.11144,41.4091],[2.11251,41.40848],[2.11374,41.40716],[2.11513,41.40665],[2.11702,41.40665],[2.12019,41.40749],[2.12167,41.4077],[2.12209,41.4075],[2.12305,41.40462],[2.12467,41.40274],[2.12461,41.40193],[2.12411,41.40113],[2.12427,41.39984],[2.12635,41.39814],[2.12693,41.39793],[2.13993,41.39788],[2.14124,41.39812],[2.14305,41.39884],[2.1467,41.40103],[2.14898,41.40119],[2.1501,41.40097],[2.15156,41.4002],[2.15473,41.39693],[2.15615,41.39429],[2.16729,41.38589],[2.16945,41.38555],[2.17006,41.38575]]}},{"type":"Feature","properties":{"id":"fgc:S2","code":"S2","operator":"fgc","mode":"fgc","color":"#88BB0B","destination":"Sabadell Parc del Nord"},"geometry":{"type":"LineString","coordinates":[[2.17006,41.38575],[2.16945,41.38555],[2.16729,41.38589],[2.15615,41.39429],[2.15473,41.39693],[2.15156,41.4002],[2.1501,41.40097],[2.14898,41.40119],[2.1467,41.40103],[2.14305,41.39884],[2.14124,41.39812],[2.13993,41.39788],[2.1277,41.39783],[2.12635,41.39814],[2.12427,41.39984],[2.12411,41.40113],[2.12461,41.40193],[2.12467,41.40274],[2.12305,41.40462],[2.12209,41.4075],[2.12167,41.4077],[2.12019,41.40749],[2.11702,41.40665],[2.11513,41.40665],[2.11374,41.40716],[2.11251,41.40848],[2.11144,41.4091],[2.10526,41.41455],[2.09623,41.42071],[2.09421,41.42292],[2.09089,41.42892],[2.08944,41.42945],[2.08707,41.42923],[2.08635,41.4294],[2.08353,41.4319],[2.08039,41.43273],[2.07986,41.4331],[2.07499,41.43944],[2.07285,41.44091],[2.07231,41.44162],[2.0722,41.44208],[2.07313,41.44463],[2.07501,41.44717],[2.07533,41.44828],[2.07511,41.44949],[2.07363,41.45118],[2.07055,41.45341],[2.06895,41.45505],[2.06848,41.45618],[2.06834,41.45819],[2.06914,41.45986],[2.0702,41.46097],[2.07769,41.46654],[2.07823,41.46738],[2.07799,41.47169],[2.0724,41.48231],[2.07205,41.48432],[2.07265,41.4868],[2.07456,41.48905],[2.07548,41.48968],[2.07726,41.49055],[2.08124,41.49177],[2.08335,41.4929],[2.08466,41.49391],[2.09272,41.50304],[2.09394,41.50333],[2.09471,41.50326],[2.09789,41.50143],[2.10003,41.50135],[2.10104,41.5017],[2.10263,41.50288],[2.10527,41.50516],[2.10594,41.50645],[2.10558,41.50842],[2.10264,41.51086],[2.10013,41.51176],[2.09478,41.51162],[2.09269,41.51286],[2.0926,41.51652],[2.09219,41.51823],[2.08799,41.52537],[2.08807,41.52873],[2.08982,41.53127],[2.09408,41.5358],[2.09529,41.53896],[2.09617,41.54036],[2.09777,41.54161],[2.09917,41.54227],[2.10282,41.54288],[2.10359,41.54321],[2.10787,41.54684],[2.10801,41.54721],[2.10047,41.5549],[2.0962,41.56204],[2.08982,41.57135]]}},{"type":"Feature","properties":{"id":"fgc:S2","code":"S2","operator":"fgc","mode":"fgc","color":"#88BB0B","destination":"Barcelona - Plaça Catalunya"},"geometry":{"type":"LineString","coordinates":[[2.08982,41.57135],[2.0962,41.56204],[2.10047,41.5549],[2.10801,41.54721],[2.10787,41.54684],[2.10359,41.54321],[2.10282,41.54288],[2.09917,41.54227],[2.09777,41.54161],[2.09617,41.54036],[2.09529,41.53896],[2.09408,41.5358],[2.08982,41.53127],[2.08807,41.52873],[2.08799,41.52537],[2.09219,41.51823],[2.0926,41.51652],[2.09269,41.51286],[2.09478,41.51162],[2.10013,41.51176],[2.10264,41.51086],[2.10558,41.50842],[2.10594,41.50645],[2.10527,41.50516],[2.10263,41.50288],[2.10104,41.5017],[2.10003,41.50135],[2.09789,41.50143],[2.09471,41.50326],[2.09394,41.50333],[2.09272,41.50304],[2.08466,41.49391],[2.08335,41.4929],[2.08124,41.49177],[2.07726,41.49055],[2.07548,41.48968],[2.07456,41.48905],[2.07265,41.4868],[2.07205,41.48432],[2.0724,41.48231],[2.07799,41.47169],[2.07823,41.46738],[2.07769,41.46654],[2.0702,41.46097],[2.06914,41.45986],[2.06834,41.45819],[2.06848,41.45618],[2.06895,41.45505],[2.07055,41.45341],[2.07363,41.45118],[2.07511,41.44949],[2.07533,41.44828],[2.07501,41.44717],[2.07313,41.44463],[2.0722,41.44208],[2.07231,41.44162],[2.07285,41.44091],[2.07499,41.43944],[2.07986,41.4331],[2.08039,41.43273],[2.08353,41.4319],[2.08635,41.4294],[2.08707,41.42923],[2.08944,41.42945],[2.09089,41.42892],[2.09421,41.42292],[2.09623,41.42071],[2.10526,41.41455],[2.11144,41.4091],[2.11251,41.40848],[2.11374,41.40716],[2.11513,41.40665],[2.11702,41.40665],[2.12019,41.40749],[2.12167,41.4077],[2.12209,41.4075],[2.12305,41.40462],[2.12467,41.40274],[2.12461,41.40193],[2.12411,41.40113],[2.12427,41.39984],[2.12635,41.39814],[2.1277,41.39783],[2.13993,41.39788],[2.14124,41.39812],[2.14305,41.39884],[2.1467,41.40103],[2.14898,41.40119],[2.1501,41.40097],[2.15156,41.4002],[2.15473,41.39693],[2.15615,41.39429],[2.16729,41.38589],[2.16945,41.38555],[2.17006,41.38575]]}},{"type":"Feature","properties":{"id":"fgc:S3","code":"S3","operator":"fgc","mode":"fgc","color":"#4F868E","destination":"Barcelona - Plaça Espanya"},"geometry":{"type":"LineString","coordinates":[[2.00544,41.3988],[2.00849,41.3947],[2.0092,41.39184],[2.01323,41.38719],[2.01782,41.37976],[2.021,41.37573],[2.02339,41.37078],[2.02454,41.36971],[2.02975,41.36608],[2.03227,41.36342],[2.0334,41.3606],[2.03608,41.3563],[2.03652,41.35315],[2.03719,41.35196],[2.03896,41.35043],[2.04374,41.34821],[2.04584,41.34827],[2.05195,41.35082],[2.06251,41.35222],[2.06459,41.35233],[2.07281,41.35136],[2.08786,41.35357],[2.10268,41.35787],[2.11203,41.36127],[2.11283,41.36106],[2.11781,41.35376],[2.11846,41.35347],[2.11926,41.35346],[2.12587,41.35742],[2.14847,41.37452]]}},{"type":"Feature","properties":{"id":"fgc:S3","code":"S3","operator":"fgc","mode":"fgc","color":"#4F868E","destination":"Can Ros"},"geometry":{"type":"LineString","coordinates":[[2.14847,41.37452],[2.12587,41.35742],[2.11926,41.35346],[2.11846,41.35347],[2.11781,41.35376],[2.11283,41.36106],[2.11203,41.36127],[2.10268,41.35787],[2.08786,41.35357],[2.07281,41.35136],[2.06459,41.35233],[2.06251,41.35222],[2.05195,41.35082],[2.04584,41.34827],[2.04374,41.34821],[2.03896,41.35043],[2.03719,41.35196],[2.03652,41.35315],[2.03608,41.3563],[2.0334,41.3606],[2.03227,41.36342],[2.02975,41.36608],[2.02454,41.36971],[2.02339,41.37078],[2.021,41.37573],[2.01782,41.37976],[2.01323,41.38719],[2.0092,41.39184],[2.00849,41.3947],[2.00544,41.3988]]}},{"type":"Feature","properties":{"id":"fgc:S4","code":"S4","operator":"fgc","mode":"fgc","color":"#A78600","destination":"Barcelona - Plaça Espanya"},"geometry":{"type":"LineString","coordinates":[[1.8885,41.54112],[1.89179,41.53917],[1.89698,41.53747],[1.89834,41.53675],[1.90408,41.53211],[1.90528,41.53065],[1.90677,41.5275],[1.90682,41.51764],[1.91058,41.50859],[1.91066,41.50736],[1.90989,41.50521],[1.90966,41.50328],[1.90996,41.50132],[1.91155,41.49883],[1.91758,41.48482],[1.92024,41.48263],[1.92108,41.48099],[1.9223,41.47983],[1.92449,41.47915],[1.93263,41.47996],[1.93684,41.48092],[1.93856,41.48082],[1.93959,41.48018],[1.94001,41.47873],[1.93873,41.47542],[1.93924,41.4743],[1.94388,41.46957],[1.94834,41.46819],[1.95083,41.46681],[1.95345,41.46391],[1.95388,41.46246],[1.95495,41.46089],[1.95847,41.45905],[1.96602,41.45278],[1.97538,41.44555],[1.97911,41.44403],[1.9816,41.44226],[1.9889,41.43873],[1.99246,41.43557],[1.9946,41.42824],[1.99533,41.4218],[1.99593,41.41974],[1.99812,41.41485],[1.99945,41.41311],[2.00061,41.41086],[2.00087,41.40835],[2.00474,41.39974],[2.00849,41.3947],[2.0092,41.39184],[2.01323,41.38719],[2.01782,41.37976],[2.021,41.37573],[2.02339,41.37078],[2.02454,41.36971],[2.02975,41.36608],[2.03227,41.36342],[2.0334,41.3606],[2.03608,41.3563],[2.03672,41.35261],[2.03896,41.35043],[2.0433,41.34836],[2.04536,41.34816],[2.05195,41.35082],[2.05781,41.35164],[2.0641,41.35235],[2.07281,41.35136],[2.08171,41.35263],[2.08786,41.35357],[2.10268,41.35787],[2.11203,41.36127],[2.11283,41.36106],[2.11781,41.35376],[2.11846,41.35347],[2.11926,41.35346],[2.12587,41.35742],[2.14847,41.37452]]}},{"type":"Feature","properties":{"id":"fgc:S4","code":"S4","operator":"fgc","mode":"fgc","color":"#A78600","destination":"Olesa de Montserrat"},"geometry":{"type":"LineString","coordinates":[[2.14847,41.37452],[2.12587,41.35742],[2.11926,41.35346],[2.11846,41.35347],[2.11781,41.35376],[2.11283,41.36106],[2.11203,41.36127],[2.10268,41.35787],[2.08786,41.35357],[2.08171,41.35263],[2.07281,41.35136],[2.0641,41.35235],[2.05781,41.35164],[2.05195,41.35082],[2.04536,41.34816],[2.0433,41.34836],[2.03896,41.35043],[2.03672,41.35261],[2.03608,41.3563],[2.0334,41.3606],[2.03227,41.36342],[2.02975,41.36608],[2.02454,41.36971],[2.02339,41.37078],[2.021,41.37573],[2.01782,41.37976],[2.01323,41.38719],[2.0092,41.39184],[2.00849,41.3947],[2.00474,41.39974],[2.00087,41.40835],[2.00061,41.41086],[1.99945,41.41311],[1.99812,41.41485],[1.99593,41.41974],[1.99533,41.4218],[1.9946,41.42824],[1.99246,41.43557],[1.9889,41.43873],[1.9816,41.44226],[1.97911,41.44403],[1.97538,41.44555],[1.96602,41.45278],[1.95847,41.45905],[1.95495,41.46089],[1.95388,41.46246],[1.95345,41.46391],[1.95083,41.46681],[1.94834,41.46819],[1.94388,41.46957],[1.93924,41.4743],[1.93873,41.47542],[1.94001,41.47873],[1.93959,41.48018],[1.93856,41.48082],[1.93684,41.48092],[1.93263,41.47996],[1.92449,41.47915],[1.9223,41.47983],[1.92108,41.48099],[1.92024,41.48263],[1.91758,41.48482],[1.91155,41.49883],[1.90996,41.50132],[1.90966,41.50328],[1.90989,41.50521],[1.91066,41.50736],[1.91058,41.50859],[1.90682,41.51764],[1.90677,41.5275],[1.90528,41.53065],[1.90408,41.53211],[1.89834,41.53675],[1.89698,41.53747],[1.89179,41.53917],[1.8885,41.54112]]}},{"type":"Feature","properties":{"id":"fgc:S8","code":"S8","operator":"fgc","mode":"fgc","color":"#49C0DE","destination":"Martorell Enllaç"},"geometry":{"type":"LineString","coordinates":[[2.14847,41.37452],[2.12587,41.35742],[2.11926,41.35346],[2.11846,41.35347],[2.11781,41.35376],[2.11283,41.36106],[2.11203,41.36127],[2.10268,41.35787],[2.08786,41.35357],[2.07281,41.35136],[2.0641,41.35235],[2.05781,41.35164],[2.05195,41.35082],[2.04536,41.34816],[2.04374,41.34821],[2.04072,41.34955],[2.03896,41.35043],[2.03672,41.35261],[2.03608,41.3563],[2.0334,41.3606],[2.03227,41.36342],[2.02975,41.36608],[2.02454,41.36971],[2.02339,41.37078],[2.021,41.37573],[2.01782,41.37976],[2.01323,41.38719],[2.0092,41.39184],[2.00849,41.3947],[2.00474,41.39974],[2.00087,41.40835],[2.00061,41.41086],[1.99945,41.41311],[1.99812,41.41485],[1.99593,41.41974],[1.99533,41.4218],[1.9946,41.42824],[1.99246,41.43557],[1.9889,41.43873],[1.9816,41.44226],[1.97911,41.44403],[1.97538,41.44555],[1.96602,41.45278],[1.95847,41.45905],[1.95495,41.46089],[1.95388,41.46246],[1.95345,41.46391],[1.95083,41.46681],[1.94834,41.46819],[1.94388,41.46957],[1.93924,41.4743],[1.93873,41.47542],[1.94001,41.47873],[1.93959,41.48018],[1.93856,41.48082],[1.93684,41.48092],[1.93263,41.47996],[1.92449,41.47915],[1.9223,41.47983],[1.92108,41.48099],[1.92024,41.48263],[1.91891,41.48373]]}},{"type":"Feature","properties":{"id":"fgc:S8","code":"S8","operator":"fgc","mode":"fgc","color":"#49C0DE","destination":"Barcelona - Plaça Espanya"},"geometry":{"type":"LineString","coordinates":[[1.91891,41.48373],[1.92024,41.48263],[1.92108,41.48099],[1.9223,41.47983],[1.92449,41.47915],[1.93263,41.47996],[1.93684,41.48092],[1.93856,41.48082],[1.93959,41.48018],[1.94001,41.47873],[1.93873,41.47542],[1.93924,41.4743],[1.94388,41.46957],[1.94834,41.46819],[1.95083,41.46681],[1.95345,41.46391],[1.95388,41.46246],[1.95495,41.46089],[1.95847,41.45905],[1.96602,41.45278],[1.97538,41.44555],[1.97911,41.44403],[1.9816,41.44226],[1.9889,41.43873],[1.99246,41.43557],[1.9946,41.42824],[1.99533,41.4218],[1.99593,41.41974],[1.99812,41.41485],[1.99945,41.41311],[2.00061,41.41086],[2.00087,41.40835],[2.00474,41.39974],[2.00849,41.3947],[2.0092,41.39184],[2.01323,41.38719],[2.01782,41.37976],[2.021,41.37573],[2.02339,41.37078],[2.02454,41.36971],[2.02975,41.36608],[2.03227,41.36342],[2.0334,41.3606],[2.03608,41.3563],[2.03672,41.35261],[2.03896,41.35043],[2.04072,41.34955],[2.04374,41.34821],[2.04536,41.34816],[2.05195,41.35082],[2.05781,41.35164],[2.0641,41.35235],[2.07281,41.35136],[2.08786,41.35357],[2.10268,41.35787],[2.11203,41.36127],[2.11283,41.36106],[2.11781,41.35376],[2.11846,41.35347],[2.11926,41.35346],[2.12587,41.35742],[2.14847,41.37452]]}},{"type":"Feature","properties":{"id":"fgc:R60","code":"R60","operator":"fgc","mode":"fgc","color":"#5B5B5B","destination":"Barcelona - Plaça Espanya"},"geometry":{"type":"LineString","coordinates":[[1.62986,41.57803],[1.63422,41.57608],[1.63643,41.57606],[1.63814,41.57574],[1.65246,41.56735],[1.66572,41.56281],[1.66712,41.56255],[1.66835,41.56269],[1.67122,41.56432],[1.67266,41.56469],[1.67473,41.56461],[1.67581,41.56413],[1.67626,41.56356],[1.67639,41.56241],[1.67541,41.56053],[1.67539,41.55965],[1.67629,41.55808],[1.67682,41.55607],[1.67826,41.55423],[1.67986,41.55357],[1.68414,41.55389],[1.68594,41.55345],[1.68798,41.55168],[1.69072,41.54785],[1.69149,41.5451],[1.69,41.53897],[1.69232,41.53189],[1.69236,41.53081],[1.69172,41.52801],[1.6935,41.52594],[1.69373,41.52526],[1.69295,41.52281],[1.69334,41.52222],[1.69426,41.52167],[1.69604,41.52151],[1.69902,41.52227],[1.70165,41.52185],[1.70211,41.52198],[1.70675,41.52539],[1.70766,41.52557],[1.70848,41.52523],[1.70874,41.52446],[1.70706,41.52281],[1.70642,41.52158],[1.70647,41.52106],[1.70708,41.52056],[1.71114,41.52011],[1.71223,41.52071],[1.71284,41.52306],[1.71357,41.52402],[1.71955,41.52737],[1.72354,41.53146],[1.72537,41.53195],[1.72978,41.53157],[1.73086,41.53168],[1.734,41.53334],[1.73514,41.53474],[1.73691,41.53541],[1.73853,41.53541],[1.7406,41.53501],[1.7432,41.53509],[1.74426,41.53474],[1.7525,41.5297],[1.75317,41.52878],[1.75371,41.52679],[1.75699,41.5232],[1.75842,41.51992],[1.75919,41.51902],[1.76211,41.51713],[1.76663,41.51479],[1.76841,41.51302],[1.77071,41.51205],[1.77112,41.5116],[1.77155,41.51001],[1.77216,41.50933],[1.77715,41.50651],[1.77835,41.50632],[1.78169,41.50684],[1.78747,41.50323],[1.78923,41.50291],[1.80476,41.50209],[1.80606,41.50265],[1.80792,41.50434],[1.8085,41.50442],[1.81552,41.50196],[1.81682,41.50178],[1.82278,41.50423],[1.82366,41.50434],[1.82464,41.50412],[1.82669,41.50291],[1.83506,41.50141],[1.83806,41.50188],[1.84086,41.50154],[1.84181,41.50161],[1.84264,41.50199],[1.84429,41.50365],[1.8502,41.50553],[1.85116,41.50561],[1.85443,41.50505],[1.85542,41.50539],[1.85646,41.50664],[1.85777,41.50725],[1.8597,41.50717],[1.86224,41.50672],[1.86496,41.50801],[1.86587,41.50812],[1.8665,41.50782],[1.86671,41.50738],[1.86694,41.50442],[1.86642,41.50354],[1.86418,41.5018],[1.8643,41.49935],[1.8647,41.49895],[1.86968,41.49737],[1.87149,41.49739],[1.87323,41.49797],[1.87504,41.49776],[1.87677,41.49707],[1.87849,41.49705],[1.8794,41.49626],[1.87978,41.49454],[1.8815,41.49268],[1.88253,41.49208],[1.88577,41.49163],[1.88698,41.48989],[1.88782,41.48931],[1.89038,41.48857],[1.89346,41.48875],[1.89546,41.48798],[1.90081,41.48717],[1.91411,41.48724],[1.91567,41.48646],[1.91959,41.48341],[1.9204,41.48249],[1.92098,41.48066],[1.92147,41.48019],[1.92291,41.47934],[1.92388,41.47906],[1.92783,41.47977],[1.9317,41.47989],[1.93751,41.48103],[1.93874,41.48076],[1.93997,41.47945],[1.93996,41.47837],[1.93928,41.47687],[1.93917,41.47428],[1.94473,41.46921],[1.94813,41.46849],[1.94959,41.46788],[1.95342,41.46448],[1.95469,41.4612],[1.95884,41.45909],[1.97115,41.4485],[1.97546,41.44567],[1.97874,41.44427],[1.98083,41.44268],[1.98392,41.44139],[1.98914,41.43858],[1.99203,41.43626],[1.9933,41.4331],[1.99562,41.42419],[1.9953,41.42205],[1.99584,41.42007],[1.99782,41.41553],[2.00027,41.4119],[2.00086,41.40826],[2.00454,41.39983],[2.00861,41.39444],[2.00906,41.39204],[2.01328,41.38703],[2.01747,41.38026],[2.02147,41.37488],[2.02318,41.37093],[2.02963,41.36587],[2.03234,41.36262],[2.03287,41.36074],[2.03573,41.35594],[2.03682,41.35224],[2.03888,41.35042],[2.04334,41.34835],[2.04547,41.34817],[2.05167,41.35067],[2.0551,41.35137],[2.06214,41.35229],[2.07259,41.35134],[2.08497,41.35306],[2.09751,41.35572],[2.11154,41.36124],[2.11276,41.36106],[2.11332,41.36063],[2.11667,41.35593],[2.11685,41.35466],[2.11894,41.35366],[2.12142,41.35414],[2.14882,41.37477]]}},{"type":"Feature","properties":{"id":"fgc:R60","code":"R60","operator":"fgc","mode":"fgc","color":"#5B5B5B","destination":"Igualada"},"geometry":{"type":"LineString","coordinates":[[2.14882,41.37477],[2.12142,41.35414],[2.11894,41.35366],[2.11685,41.35466],[2.11667,41.35593],[2.11332,41.36063],[2.11276,41.36106],[2.11154,41.36124],[2.09751,41.35572],[2.08497,41.35306],[2.07259,41.35134],[2.06214,41.35229],[2.0551,41.35137],[2.05167,41.35067],[2.04547,41.34817],[2.04334,41.34835],[2.03888,41.35042],[2.03682,41.35224],[2.03573,41.35594],[2.03287,41.36074],[2.03234,41.36262],[2.02963,41.36587],[2.02318,41.37093],[2.02147,41.37488],[2.01747,41.38026],[2.01328,41.38703],[2.00906,41.39204],[2.00861,41.39444],[2.00454,41.39983],[2.00086,41.40826],[2.00027,41.4119],[1.99782,41.41553],[1.99584,41.42007],[1.9953,41.42205],[1.99562,41.42419],[1.9933,41.4331],[1.99203,41.43626],[1.98914,41.43858],[1.98392,41.44139],[1.98083,41.44268],[1.97874,41.44427],[1.97546,41.44567],[1.97115,41.4485],[1.95884,41.45909],[1.95469,41.4612],[1.95342,41.46448],[1.94959,41.46788],[1.94813,41.46849],[1.94473,41.46921],[1.93917,41.47428],[1.93928,41.47687],[1.93996,41.47837],[1.93997,41.47945],[1.93874,41.48076],[1.93751,41.48103],[1.9317,41.47989],[1.92783,41.47977],[1.92388,41.47906],[1.92291,41.47934],[1.92147,41.48019],[1.92098,41.48066],[1.9204,41.48249],[1.91959,41.48341],[1.91567,41.48646],[1.91411,41.48724],[1.90081,41.48717],[1.89546,41.48798],[1.89346,41.48875],[1.89038,41.48857],[1.88782,41.48931],[1.88698,41.48989],[1.88577,41.49163],[1.88253,41.49208],[1.8815,41.49268],[1.87978,41.49454],[1.8794,41.49626],[1.87849,41.49705],[1.87677,41.49707],[1.87504,41.49776],[1.87323,41.49797],[1.87149,41.49739],[1.86968,41.49737],[1.8647,41.49895],[1.8643,41.49935],[1.86418,41.5018],[1.86642,41.50354],[1.86694,41.50442],[1.86671,41.50738],[1.8665,41.50782],[1.86587,41.50812],[1.86496,41.50801],[1.86224,41.50672],[1.8597,41.50717],[1.85777,41.50725],[1.85646,41.50664],[1.85542,41.50539],[1.85443,41.50505],[1.85116,41.50561],[1.8502,41.50553],[1.84429,41.50365],[1.84264,41.50199],[1.84181,41.50161],[1.84086,41.50154],[1.83806,41.50188],[1.83506,41.50141],[1.82669,41.50291],[1.82464,41.50412],[1.82366,41.50434],[1.82278,41.50423],[1.81682,41.50178],[1.81552,41.50196],[1.8085,41.50442],[1.80792,41.50434],[1.80606,41.50265],[1.80476,41.50209],[1.78923,41.50291],[1.78747,41.50323],[1.78169,41.50684],[1.77835,41.50632],[1.77715,41.50651],[1.77216,41.50933],[1.77155,41.51001],[1.77112,41.5116],[1.77071,41.51205],[1.76841,41.51302],[1.76663,41.51479],[1.76211,41.51713],[1.75919,41.51902],[1.75842,41.51992],[1.75699,41.5232],[1.75371,41.52679],[1.75317,41.52878],[1.7525,41.5297],[1.74426,41.53474],[1.7432,41.53509],[1.7406,41.53501],[1.73853,41.53541],[1.73691,41.53541],[1.73514,41.53474],[1.734,41.53334],[1.73086,41.53168],[1.72978,41.53157],[1.72537,41.53195],[1.72354,41.53146],[1.71955,41.52737],[1.71357,41.52402],[1.71284,41.52306],[1.71223,41.52071],[1.71114,41.52011],[1.70708,41.52056],[1.70647,41.52106],[1.70642,41.52158],[1.70706,41.52281],[1.70874,41.52446],[1.70848,41.52523],[1.70766,41.52557],[1.70675,41.52539],[1.70211,41.52198],[1.70165,41.52185],[1.69902,41.52227],[1.69604,41.52151],[1.69426,41.52167],[1.69334,41.52222],[1.69295,41.52281],[1.69373,41.52526],[1.6935,41.52594],[1.69172,41.52801],[1.69236,41.53081],[1.69232,41.53189],[1.69,41.53897],[1.69149,41.5451],[1.69072,41.54785],[1.68798,41.55168],[1.68594,41.55345],[1.68414,41.55389],[1.67986,41.55357],[1.67826,41.55423],[1.67682,41.55606],[1.67629,41.55808],[1.67539,41.55965],[1.67541,41.56053],[1.67639,41.56241],[1.67626,41.56356],[1.67581,41.56413],[1.67473,41.56461],[1.67266,41.56469],[1.67122,41.56432],[1.66835,41.56269],[1.66712,41.56255],[1.66572,41.56281],[1.65246,41.56735],[1.63814,41.57574],[1.63643,41.57606],[1.63422,41.57608],[1.62986,41.57803]]}},{"type":"Feature","properties":{"id":"fgc:R50","code":"R50","operator":"fgc","mode":"fgc","color":"#00738A","destination":"Barcelona - Plaça Espanya"},"geometry":{"type":"LineString","coordinates":[[1.82797,41.73144],[1.83076,41.73132],[1.83457,41.73291],[1.83572,41.73315],[1.83666,41.73275],[1.8375,41.7319],[1.83771,41.73127],[1.83712,41.72831],[1.83641,41.72732],[1.83436,41.72569],[1.83398,41.72441],[1.83446,41.72055],[1.83371,41.71927],[1.83367,41.71732],[1.83662,41.71156],[1.84203,41.70807],[1.84357,41.70745],[1.84422,41.70679],[1.84459,41.70536],[1.84575,41.70345],[1.84671,41.7005],[1.84675,41.69919],[1.84625,41.6976],[1.84636,41.69672],[1.84676,41.69615],[1.85557,41.68936],[1.85626,41.68849],[1.85626,41.68742],[1.85525,41.68352],[1.8561,41.68012],[1.85514,41.67637],[1.85567,41.6753],[1.85835,41.67334],[1.85898,41.67254],[1.85968,41.66745],[1.86125,41.66434],[1.8611,41.66371],[1.85926,41.66092],[1.85733,41.65286],[1.85729,41.65204],[1.8584,41.64887],[1.85743,41.64583],[1.85791,41.64228],[1.85683,41.64144],[1.85502,41.64067],[1.85215,41.63825],[1.85159,41.63753],[1.8508,41.63383],[1.85006,41.63239],[1.85276,41.62329],[1.85502,41.62102],[1.85539,41.62006],[1.8548,41.61798],[1.84901,41.61221],[1.84881,41.61172],[1.84916,41.6105],[1.85341,41.60576],[1.85443,41.60312],[1.85672,41.59951],[1.85709,41.59575],[1.85593,41.59361],[1.85389,41.59239],[1.85336,41.59108],[1.85625,41.58637],[1.8588,41.5843],[1.86024,41.5824],[1.86152,41.58136],[1.86189,41.58052],[1.86197,41.57773],[1.86352,41.57573],[1.86521,41.57439],[1.86654,41.57357],[1.8712,41.57321],[1.87609,41.5725],[1.87995,41.57045],[1.88063,41.56982],[1.88127,41.56791],[1.88114,41.56598],[1.88224,41.56443],[1.88234,41.56279],[1.88168,41.56134],[1.88127,41.5584],[1.87981,41.5565],[1.87958,41.55518],[1.88273,41.54605],[1.88383,41.5448],[1.88872,41.54094],[1.89179,41.53917],[1.89698,41.53747],[1.89834,41.53675],[1.90408,41.53211],[1.90528,41.53065],[1.90677,41.5275],[1.90682,41.51764],[1.91058,41.50859],[1.91066,41.50736],[1.90989,41.50521],[1.90963,41.50242],[1.90996,41.50132],[1.91155,41.49883],[1.91758,41.48482],[1.92024,41.48263],[1.92108,41.48099],[1.9223,41.47983],[1.92449,41.47915],[1.93263,41.47996],[1.93684,41.48092],[1.93856,41.48082],[1.93959,41.48018],[1.94001,41.47873],[1.93873,41.47542],[1.93924,41.4743],[1.94388,41.46957],[1.94834,41.46819],[1.95083,41.46681],[1.95345,41.46391],[1.95388,41.46246],[1.95495,41.46089],[1.95847,41.45905],[1.96602,41.45278],[1.97538,41.44555],[1.97911,41.44403],[1.9816,41.44226],[1.9889,41.43873],[1.99246,41.43557],[1.9946,41.42824],[1.99533,41.4218],[1.99593,41.41974],[1.99812,41.41485],[1.99945,41.41311],[2.00061,41.41086],[2.00087,41.40835],[2.00474,41.39974],[2.00849,41.3947],[2.0092,41.39184],[2.01323,41.38719],[2.01782,41.37976],[2.021,41.37573],[2.02339,41.37078],[2.02454,41.36971],[2.02975,41.36608],[2.03227,41.36342],[2.0334,41.3606],[2.03608,41.3563],[2.03672,41.35261],[2.03896,41.35043],[2.04072,41.34955],[2.04374,41.34821],[2.04536,41.34816],[2.05195,41.35082],[2.05781,41.35164],[2.0641,41.35235],[2.07281,41.35136],[2.08786,41.35357],[2.10268,41.35787],[2.11203,41.36127],[2.11283,41.36106],[2.11781,41.35376],[2.11846,41.35347],[2.11926,41.35346],[2.12587,41.35742],[2.14847,41.37452]]}},{"type":"Feature","properties":{"id":"fgc:R50","code":"R50","operator":"fgc","mode":"fgc","color":"#00738A","destination":"Manresa-Baixador"},"geometry":{"type":"LineString","coordinates":[[2.14847,41.37452],[2.12587,41.35742],[2.11926,41.35346],[2.11846,41.35347],[2.11781,41.35376],[2.11283,41.36106],[2.11203,41.36127],[2.10268,41.35787],[2.08786,41.35357],[2.07281,41.35136],[2.0641,41.35235],[2.05781,41.35164],[2.05195,41.35082],[2.04536,41.34816],[2.04374,41.34821],[2.04072,41.34955],[2.03896,41.35043],[2.03672,41.35261],[2.03608,41.3563],[2.0334,41.3606],[2.03227,41.36342],[2.02975,41.36608],[2.02454,41.36971],[2.02339,41.37078],[2.021,41.37573],[2.01782,41.37976],[2.01323,41.38719],[2.0092,41.39184],[2.00849,41.3947],[2.00474,41.39974],[2.00087,41.40835],[2.00061,41.41086],[1.99945,41.41311],[1.99812,41.41485],[1.99593,41.41974],[1.99533,41.4218],[1.9946,41.42824],[1.99246,41.43557],[1.9889,41.43873],[1.9816,41.44226],[1.97911,41.44403],[1.97538,41.44555],[1.96602,41.45278],[1.95847,41.45905],[1.95495,41.46089],[1.95388,41.46246],[1.95345,41.46391],[1.95083,41.46681],[1.94834,41.46819],[1.94388,41.46957],[1.93924,41.4743],[1.93873,41.47542],[1.94001,41.47873],[1.93959,41.48018],[1.93856,41.48082],[1.93684,41.48092],[1.93263,41.47996],[1.92449,41.47915],[1.9223,41.47983],[1.92108,41.48099],[1.92024,41.48263],[1.91758,41.48482],[1.91155,41.49883],[1.90996,41.50132],[1.90963,41.50242],[1.90989,41.50521],[1.91066,41.50736],[1.91058,41.50859],[1.90682,41.51764],[1.90677,41.5275],[1.90528,41.53065],[1.90408,41.53211],[1.89834,41.53675],[1.89698,41.53747],[1.89179,41.53917],[1.88872,41.54094],[1.88383,41.5448],[1.88273,41.54605],[1.87958,41.55518],[1.87981,41.5565],[1.88127,41.5584],[1.88168,41.56134],[1.88234,41.56279],[1.88224,41.56443],[1.88114,41.56598],[1.88127,41.56791],[1.88063,41.56982],[1.87995,41.57045],[1.87609,41.5725],[1.8712,41.57321],[1.86654,41.57357],[1.86521,41.57439],[1.86352,41.57573],[1.86197,41.57773],[1.86189,41.58052],[1.86152,41.58136],[1.86024,41.5824],[1.8588,41.5843],[1.85625,41.58637],[1.85336,41.59108],[1.85389,41.59239],[1.85593,41.59361],[1.85709,41.59575],[1.85672,41.59951],[1.85443,41.60312],[1.85341,41.60576],[1.84916,41.6105],[1.84881,41.61172],[1.84901,41.61221],[1.8548,41.61798],[1.85539,41.62006],[1.85502,41.62102],[1.85276,41.62329],[1.85006,41.63239],[1.8508,41.63383],[1.85159,41.63753],[1.85215,41.63825],[1.85502,41.64067],[1.85683,41.64144],[1.85791,41.64228],[1.85743,41.64583],[1.8584,41.64887],[1.85729,41.65204],[1.85733,41.65286],[1.85926,41.66092],[1.8611,41.66371],[1.86125,41.66434],[1.85968,41.66745],[1.85898,41.67254],[1.85835,41.67334],[1.85567,41.6753],[1.85514,41.67637],[1.8561,41.68012],[1.85525,41.68352],[1.85626,41.68742],[1.85626,41.68849],[1.85557,41.68936],[1.84676,41.69615],[1.84636,41.69672],[1.84625,41.6976],[1.84675,41.69919],[1.84671,41.7005],[1.84575,41.70345],[1.84459,41.70536],[1.84422,41.70679],[1.84357,41.70745],[1.84203,41.70807],[1.83662,41.71156],[1.83367,41.71732],[1.83371,41.71927],[1.83446,41.72055],[1.83398,41.72441],[1.83436,41.72569],[1.83641,41.72732],[1.83712,41.72831],[1.83771,41.73127],[1.8375,41.7319],[1.83666,41.73275],[1.83572,41.73315],[1.83457,41.73291],[1.83076,41.73132],[1.82797,41.73144]]}},{"type":"Feature","properties":{"id":"fgc:L12","code":"L12","operator":"fgc","mode":"fgc","color":"#B2AED3","destination":"Reina Elisenda"},"geometry":{"type":"LineString","coordinates":[[2.12557,41.3985],[2.12453,41.39957],[2.12245,41.40004],[2.12033,41.39983],[2.11893,41.39875]]}},{"type":"Feature","properties":{"id":"fgc:L12","code":"L12","operator":"fgc","mode":"fgc","color":"#B2AED3","destination":"Sarrià"},"geometry":{"type":"LineString","coordinates":[[2.11893,41.39875],[2.12033,41.39983],[2.12245,41.40004],[2.12453,41.39957],[2.12557,41.3985]]}},{"type":"Feature","properties":{"id":"fgc:S9","code":"S9","operator":"fgc","mode":"fgc","color":"#DF4661","destination":"Quatre Camins"},"geometry":{"type":"LineString","coordinates":[[2.14847,41.37452],[2.12587,41.35742],[2.11926,41.35346],[2.11846,41.35347],[2.11781,41.35376],[2.11283,41.36106],[2.11203,41.36127],[2.10268,41.35787],[2.08786,41.35357],[2.07281,41.35136],[2.06459,41.35233],[2.06251,41.35222],[2.05195,41.35082],[2.04584,41.34827],[2.04374,41.34821],[2.03896,41.35043],[2.03719,41.35196],[2.03652,41.35315],[2.03608,41.3563],[2.0334,41.3606],[2.03227,41.36342],[2.02975,41.36608],[2.02454,41.36971],[2.02339,41.37078],[2.021,41.37573],[2.01782,41.37976],[2.01323,41.38719],[2.0092,41.39184],[2.00849,41.3947],[2.00474,41.39974],[2.00173,41.4063]]}},{"type":"Feature","properties":{"id":"fgc:S9","code":"S9","operator":"fgc","mode":"fgc","color":"#DF4661","destination":"Barcelona - Plaça Espanya"},"geometry":{"type":"LineString","coordinates":[[2.00173,41.4063],[2.00474,41.39974],[2.00849,41.3947],[2.0092,41.39184],[2.01323,41.38719],[2.01782,41.37976],[2.021,41.37573],[2.02339,41.37078],[2.02454,41.36971],[2.02975,41.36608],[2.03227,41.36342],[2.0334,41.3606],[2.03608,41.3563],[2.03652,41.35315],[2.03719,41.35196],[2.03896,41.35043],[2.04374,41.34821],[2.04584,41.34827],[2.05195,41.35082],[2.06251,41.35222],[2.06459,41.35233],[2.07281,41.35136],[2.08786,41.35357],[2.10268,41.35787],[2.11203,41.36127],[2.11283,41.36106],[2.11781,41.35376],[2.11846,41.35347],[2.11926,41.35346],[2.12587,41.35742],[2.14847,41.37452]]}},{"type":"Feature","properties":{"id":"fgc:MM","code":"MM","operator":"fgc","mode":"fgc","color":"#9AABBE","destination":"Montserrat"},"geometry":{"type":"LineString","coordinates":[[1.84918,41.61037],[1.84876,41.61165],[1.84877,41.61357],[1.84709,41.61599],[1.84594,41.61636],[1.84233,41.61517],[1.84143,41.6141],[1.83991,41.61313],[1.83951,41.61219],[1.83783,41.61192],[1.83644,41.61204],[1.83517,41.61175],[1.83419,41.61053],[1.83295,41.61012],[1.8317,41.6101],[1.82962,41.60858],[1.82837,41.60669],[1.82838,41.60608],[1.82878,41.60574],[1.83064,41.60541],[1.83131,41.60505],[1.83279,41.6049],[1.83369,41.60396],[1.83432,41.6025],[1.83644,41.60195],[1.83667,41.60144],[1.83626,41.60014],[1.83717,41.59946],[1.83754,41.5982],[1.83932,41.59753],[1.84064,41.595],[1.84054,41.59412],[1.83994,41.59372],[1.8365,41.59226]]}},{"type":"Feature","properties":{"id":"fgc:MM","code":"MM","operator":"fgc","mode":"fgc","color":"#9AABBE","destination":"Monistrol-Vila"},"geometry":{"type":"LineString","coordinates":[[1.8365,41.59226],[1.83994,41.59372],[1.84054,41.59412],[1.84064,41.595],[1.83932,41.59753],[1.83754,41.5982],[1.83717,41.59946],[1.83626,41.60014],[1.83667,41.60144],[1.83644,41.60195],[1.83432,41.6025],[1.83369,41.60396],[1.83279,41.6049],[1.83131,41.60505],[1.83064,41.60541],[1.82878,41.60574],[1.82838,41.60608],[1.82837,41.60669],[1.82962,41.60858],[1.8317,41.6101],[1.83295,41.61012],[1.83419,41.61053],[1.83517,41.61175],[1.83644,41.61204],[1.83783,41.61192],[1.83951,41.61219],[1.83991,41.61313],[1.84143,41.6141],[1.84233,41.61517],[1.84594,41.61636],[1.84709,41.61599],[1.84877,41.61357],[1.84876,41.61165],[1.84918,41.61037]]}},{"type":"Feature","properties":{"id":"fgc:MM","code":"MM","operator":"fgc","mode":"fgc","color":"#9AABBE","destination":"Monistrol de Montserrat"},"geometry":{"type":"LineString","coordinates":[[1.8365,41.59226],[1.83994,41.59372],[1.84054,41.59412],[1.84064,41.595],[1.83932,41.59753],[1.83754,41.5982],[1.83717,41.59946],[1.83626,41.60014],[1.83667,41.60144],[1.83644,41.60195],[1.83432,41.6025],[1.83369,41.60396],[1.83279,41.6049],[1.83131,41.60505],[1.83064,41.60541],[1.82878,41.60574],[1.82838,41.60608],[1.82837,41.60669],[1.82962,41.60858],[1.8317,41.6101],[1.83295,41.61012],[1.83419,41.61053],[1.83517,41.61175],[1.83644,41.61204],[1.83783,41.61192],[1.83951,41.61219],[1.83991,41.61313],[1.84143,41.6141],[1.84233,41.61517],[1.84594,41.61636],[1.84709,41.61599],[1.84877,41.61357],[1.84876,41.61165],[1.84918,41.61037]]}},{"type":"Feature","properties":{"id":"fgc:FV","code":"FV","operator":"fgc","mode":"fgc","color":"#0A57A3","destination":"Vallvidrera Superior"},"geometry":{"type":"LineString","coordinates":[[2.11126,41.40933],[2.10576,41.41419]]}},{"type":"Feature","properties":{"id":"fgc:FV","code":"FV","operator":"fgc","mode":"fgc","color":"#0A57A3","destination":"Vallvidrera Inferior"},"geometry":{"type":"LineString","coordinates":[[2.10576,41.41419],[2.11126,41.40933]]}},{"type":"Feature","properties":{"id":"fgc:R63","code":"R63","operator":"fgc","mode":"fgc","color":"#B3B3B3","destination":"Barcelona - Plaça Espanya"},"geometry":{"type":"LineString","coordinates":[[1.62986,41.57803],[1.63422,41.57608],[1.63643,41.57606],[1.63814,41.57574],[1.65246,41.56735],[1.66572,41.56281],[1.66712,41.56255],[1.66835,41.56269],[1.67122,41.56432],[1.67266,41.56469],[1.67473,41.56461],[1.67581,41.56413],[1.67626,41.56356],[1.67639,41.56241],[1.67541,41.56053],[1.67539,41.55965],[1.67629,41.55808],[1.67682,41.55607],[1.67826,41.55423],[1.67986,41.55357],[1.68414,41.55389],[1.68594,41.55345],[1.68798,41.55168],[1.69072,41.54785],[1.69149,41.5451],[1.69,41.53897],[1.69232,41.53189],[1.69236,41.53081],[1.69172,41.52801],[1.6935,41.52594],[1.69373,41.52526],[1.69295,41.52281],[1.69334,41.52222],[1.69426,41.52167],[1.69604,41.52151],[1.69902,41.52227],[1.70165,41.52185],[1.70211,41.52198],[1.70675,41.52539],[1.70766,41.52557],[1.70848,41.52523],[1.70874,41.52446],[1.70706,41.52281],[1.70642,41.52158],[1.70647,41.52106],[1.70708,41.52056],[1.71114,41.52011],[1.71223,41.52071],[1.71284,41.52306],[1.71357,41.52402],[1.71955,41.52737],[1.72354,41.53146],[1.72537,41.53195],[1.72978,41.53157],[1.73086,41.53168],[1.734,41.53334],[1.73514,41.53474],[1.73691,41.53541],[1.73853,41.53541],[1.7406,41.53501],[1.7432,41.53509],[1.74426,41.53474],[1.7525,41.5297],[1.75317,41.52878],[1.75371,41.52679],[1.75699,41.5232],[1.75842,41.51992],[1.75919,41.51902],[1.76211,41.51713],[1.76663,41.51479],[1.76841,41.51302],[1.77071,41.51205],[1.77112,41.5116],[1.77155,41.51001],[1.77216,41.50933],[1.77715,41.50651],[1.77835,41.50632],[1.78169,41.50684],[1.78747,41.50323],[1.78923,41.50291],[1.80476,41.50209],[1.80606,41.50265],[1.80792,41.50434],[1.8085,41.50442],[1.81552,41.50196],[1.81682,41.50178],[1.82278,41.50423],[1.82366,41.50434],[1.82464,41.50412],[1.82669,41.50291],[1.83506,41.50141],[1.83806,41.50188],[1.84086,41.50154],[1.84181,41.50161],[1.84264,41.50199],[1.84429,41.50365],[1.8502,41.50553],[1.85116,41.50561],[1.85443,41.50505],[1.85542,41.50539],[1.85646,41.50664],[1.85777,41.50725],[1.8597,41.50717],[1.86224,41.50672],[1.86496,41.50801],[1.86587,41.50812],[1.8665,41.50782],[1.86671,41.50738],[1.86694,41.50442],[1.86642,41.50354],[1.86418,41.5018],[1.8643,41.49935],[1.8647,41.49895],[1.86968,41.49737],[1.87149,41.49739],[1.87323,41.49797],[1.87504,41.49776],[1.87677,41.49707],[1.87849,41.49705],[1.8794,41.49626],[1.87978,41.49454],[1.8815,41.49268],[1.88253,41.49208],[1.88577,41.49163],[1.88698,41.48989],[1.88782,41.48931],[1.89038,41.48857],[1.89346,41.48875],[1.89546,41.48798],[1.90081,41.48717],[1.91411,41.48724],[1.91567,41.48646],[1.91959,41.48341],[1.9204,41.48249],[1.92098,41.48066],[1.92147,41.48019],[1.92291,41.47934],[1.92388,41.47906],[1.92783,41.47977],[1.9317,41.47989],[1.93751,41.48103],[1.93874,41.48076],[1.93997,41.47945],[1.93996,41.47837],[1.93928,41.47687],[1.93917,41.47428],[1.94473,41.46921],[1.94813,41.46849],[1.94959,41.46788],[1.95342,41.46448],[1.95469,41.4612],[1.95884,41.45909],[1.97115,41.4485],[1.97546,41.44567],[1.97874,41.44427],[1.98083,41.44268],[1.98392,41.44139],[1.98914,41.43858],[1.99203,41.43626],[1.9933,41.4331],[1.99562,41.42419],[1.9953,41.42205],[1.99584,41.42007],[1.99782,41.41553],[2.00027,41.4119],[2.00086,41.40826],[2.00454,41.39983],[2.00861,41.39444],[2.00906,41.39204],[2.01328,41.38703],[2.01747,41.38026],[2.02147,41.37488],[2.02318,41.37093],[2.02963,41.36587],[2.03234,41.36262],[2.03287,41.36074],[2.03573,41.35594],[2.03682,41.35224],[2.03888,41.35042],[2.04334,41.34835],[2.04547,41.34817],[2.05167,41.35067],[2.0551,41.35137],[2.06214,41.35229],[2.07259,41.35134],[2.08497,41.35306],[2.09751,41.35572],[2.11154,41.36124],[2.11276,41.36106],[2.11332,41.36063],[2.11667,41.35593],[2.11685,41.35466],[2.11894,41.35366],[2.12142,41.35414],[2.14882,41.37477]]}},{"type":"Feature","properties":{"id":"fgc:R53","code":"R53","operator":"fgc","mode":"fgc","color":"#3DBFC3","destination":"Barcelona - Plaça Espanya"},"geometry":{"type":"LineString","coordinates":[[1.82746,41.73151],[1.83093,41.73131],[1.83529,41.73313],[1.83625,41.73301],[1.83761,41.73181],[1.83774,41.73133],[1.8367,41.72713],[1.83443,41.72608],[1.83382,41.72515],[1.83391,41.72415],[1.83471,41.72309],[1.83498,41.72184],[1.83423,41.71918],[1.83391,41.71694],[1.83414,41.71609],[1.83656,41.71163],[1.83881,41.71036],[1.84185,41.70819],[1.84403,41.70724],[1.8455,41.70325],[1.8467,41.70087],[1.84722,41.69866],[1.84828,41.69619],[1.85133,41.69249],[1.85612,41.68877],[1.85634,41.6878],[1.85521,41.68349],[1.8561,41.68026],[1.85517,41.67618],[1.85578,41.67519],[1.8585,41.67322],[1.85902,41.67244],[1.85979,41.66704],[1.86123,41.66437],[1.85931,41.66109],[1.85731,41.65219],[1.85815,41.65],[1.85837,41.64857],[1.85732,41.64479],[1.85789,41.64231],[1.85746,41.6418],[1.85473,41.64049],[1.85192,41.63803],[1.85134,41.63703],[1.85087,41.6341],[1.85004,41.6324],[1.85156,41.62728],[1.85187,41.62479],[1.85268,41.62366],[1.85295,41.62271],[1.85546,41.62041],[1.85463,41.61774],[1.85211,41.615],[1.84934,41.61298],[1.84882,41.61166],[1.84893,41.61087],[1.85094,41.6082],[1.85346,41.6057],[1.85423,41.60298],[1.85665,41.59949],[1.857,41.59553],[1.85565,41.59315],[1.85365,41.59206],[1.8534,41.59091],[1.85597,41.58667],[1.8618,41.58068],[1.86193,41.57759],[1.86344,41.57577],[1.8667,41.57339],[1.87773,41.57162],[1.88113,41.56914],[1.88125,41.56591],[1.8824,41.56367],[1.88123,41.55841],[1.87972,41.55645],[1.87948,41.55556],[1.88043,41.55194],[1.88114,41.55085],[1.88282,41.54618],[1.88374,41.54502],[1.88771,41.54158],[1.89164,41.53923],[1.89659,41.53764],[1.89814,41.53693],[1.90428,41.53196],[1.90552,41.53023],[1.90684,41.52685],[1.90665,41.51794],[1.90689,41.51672],[1.91062,41.50878],[1.91076,41.50788],[1.9098,41.50558],[1.90973,41.5017],[1.91123,41.49916],[1.91772,41.48473],[1.92007,41.48297],[1.92125,41.48033],[1.92307,41.47926],[1.92405,41.47906],[1.92784,41.47974],[1.93258,41.48002],[1.93754,41.48103],[1.93873,41.48077],[1.93997,41.47948],[1.93996,41.47837],[1.93928,41.47687],[1.93917,41.47428],[1.94473,41.46921],[1.94813,41.46849],[1.94959,41.46788],[1.95342,41.46448],[1.95469,41.4612],[1.95884,41.45909],[1.97115,41.4485],[1.97546,41.44567],[1.97874,41.44427],[1.98083,41.44268],[1.98392,41.44139],[1.98914,41.43858],[1.99165,41.43672],[1.99274,41.43497],[1.99562,41.42419],[1.9953,41.42205],[1.99584,41.42007],[1.99782,41.41553],[2.00027,41.4119],[2.00086,41.40826],[2.00454,41.39983],[2.00861,41.39444],[2.00906,41.39204],[2.01328,41.38703],[2.01747,41.38026],[2.02147,41.37488],[2.02318,41.37093],[2.02963,41.36587],[2.03234,41.36262],[2.03287,41.36074],[2.03573,41.35594],[2.03682,41.35224],[2.0394,41.35014],[2.04334,41.34835],[2.04547,41.34817],[2.05167,41.35067],[2.0551,41.35137],[2.06091,41.35215],[2.06337,41.35232],[2.07259,41.35134],[2.08497,41.35306],[2.09751,41.35572],[2.11154,41.36124],[2.11276,41.36106],[2.11332,41.36063],[2.11667,41.35593],[2.11685,41.35466],[2.11894,41.35366],[2.12142,41.35414],[2.14882,41.37477]]}},{"type":"Feature","properties":{"id":"fgc:RL1","code":"RL1","operator":"fgc","mode":"fgc","color":"#FF8000","destination":"Lleida"},"geometry":{"type":"LineString","coordinates":[[0.96597,42.23982],[0.9654,42.23304],[0.96377,42.22837],[0.96398,42.22231],[0.96277,42.21899],[0.96106,42.21684],[0.95839,42.21489],[0.94519,42.2081],[0.937,42.20601],[0.9333,42.20425],[0.93155,42.20226],[0.93071,42.19924],[0.92939,42.19668],[0.9246,42.1916],[0.9176,42.18509],[0.91676,42.1846],[0.91494,42.18438],[0.91062,42.18473],[0.90892,42.18591],[0.90761,42.18837],[0.90623,42.1895],[0.90406,42.18989],[0.90185,42.1892],[0.90119,42.18816],[0.90141,42.18483],[0.89705,42.17993],[0.89689,42.17898],[0.89724,42.17621],[0.8969,42.17531],[0.89653,42.17481],[0.89336,42.17279],[0.89283,42.1715],[0.89296,42.17011],[0.89262,42.16901],[0.8916,42.16792],[0.88787,42.16516],[0.88604,42.16262],[0.88585,42.16148],[0.88647,42.15967],[0.88724,42.15876],[0.88898,42.15804],[0.89413,42.1577],[0.89572,42.15739],[0.897,42.15658],[0.89767,42.15484],[0.89555,42.15074],[0.8929,42.14766],[0.89052,42.14336],[0.8907,42.14195],[0.89324,42.13966],[0.89378,42.13876],[0.89392,42.13572],[0.89339,42.13144],[0.89392,42.12542],[0.89254,42.1222],[0.89211,42.12016],[0.89204,42.11543],[0.88953,42.11194],[0.88989,42.10916],[0.88791,42.10284],[0.8882,42.09967],[0.88711,42.09721],[0.88756,42.09441],[0.88578,42.09135],[0.88629,42.08899],[0.88815,42.0864],[0.88841,42.084],[0.88739,42.08065],[0.88594,42.07809],[0.88275,42.0753],[0.8821,42.0743],[0.88206,42.07195],[0.88274,42.06953],[0.88055,42.06306],[0.88353,42.05738],[0.88576,42.05588],[0.88783,42.05386],[0.89083,42.05191],[0.89139,42.05129],[0.89186,42.05043],[0.89218,42.04792],[0.89133,42.04642],[0.89079,42.04385],[0.8898,42.04218],[0.88811,42.0411],[0.88476,42.04007],[0.88373,42.0394],[0.88282,42.0382],[0.88172,42.03495],[0.88115,42.02883],[0.88066,42.02832],[0.87791,42.02692],[0.87682,42.02525],[0.8769,42.02371],[0.87765,42.02261],[0.87783,42.01946],[0.8773,42.01806],[0.87411,42.01466],[0.87416,42.01084],[0.87351,42.00943],[0.87229,42.00864],[0.86972,42.00777],[0.86691,42.00731],[0.86531,42.00715],[0.86167,42.0076],[0.85819,42.00776],[0.85251,42.00687],[0.8503,42.00686],[0.84899,42.00658],[0.84806,42.00617],[0.84447,42.00341],[0.84294,42.00111],[0.8401,41.99997],[0.83878,41.9988],[0.8391,41.99686],[0.84135,41.99462],[0.84154,41.99288],[0.84116,41.9913],[0.83758,41.9865],[0.83573,41.9831],[0.83578,41.98205],[0.8378,41.97969],[0.83808,41.97821],[0.83731,41.97683],[0.83571,41.97491],[0.8347,41.97117],[0.83488,41.97011],[0.83533,41.96946],[0.83667,41.96884],[0.83784,41.96763],[0.83866,41.96576],[0.84088,41.96433],[0.84205,41.96227],[0.84251,41.9608],[0.84227,41.95805],[0.84284,41.95555],[0.84275,41.95169],[0.84301,41.95062],[0.84608,41.94698],[0.84635,41.94582],[0.84579,41.94287],[0.8462,41.94185],[0.84868,41.93966],[0.85354,41.93853],[0.85436,41.93724],[0.85453,41.93596],[0.85387,41.93365],[0.85113,41.92989],[0.85096,41.9281],[0.85122,41.92623],[0.85057,41.92473],[0.84743,41.92303],[0.84455,41.92279],[0.84026,41.92149],[0.83613,41.91861],[0.8355,41.91599],[0.83464,41.91468],[0.83391,41.91422],[0.83196,41.91366],[0.83062,41.91251],[0.83029,41.91183],[0.83029,41.91078],[0.83204,41.90451],[0.84097,41.88944],[0.84488,41.87998],[0.84505,41.8792],[0.84482,41.8782],[0.84357,41.877],[0.84053,41.87558],[0.83971,41.87456],[0.84004,41.87109],[0.83942,41.8699],[0.83769,41.8687],[0.82988,41.86509],[0.82635,41.86214],[0.8228,41.85783],[0.81128,41.84781],[0.80862,41.84244],[0.80862,41.8411],[0.81421,41.82922],[0.81445,41.82762],[0.80561,41.81245],[0.80525,41.81044],[0.80551,41.80952],[0.80627,41.80848],[0.81033,41.8063],[0.81138,41.805],[0.81662,41.77969],[0.81587,41.77718],[0.81328,41.77346],[0.81183,41.76794],[0.80171,41.74831],[0.79995,41.74631],[0.7982,41.74503],[0.78551,41.73891],[0.7834,41.73742],[0.76826,41.72057],[0.7597,41.71391],[0.75903,41.71254],[0.75915,41.70875],[0.75873,41.7076],[0.75787,41.70682],[0.7493,41.70227],[0.74845,41.70127],[0.74776,41.69892],[0.74812,41.69923],[0.74666,41.6968],[0.73275,41.68961],[0.72488,41.68585],[0.72394,41.68465],[0.72279,41.68201],[0.72187,41.68109],[0.72069,41.68044],[0.71753,41.6795],[0.71676,41.679],[0.71074,41.67289],[0.69423,41.66093],[0.67138,41.64307],[0.65578,41.62542],[0.64495,41.61615],[0.64371,41.61561],[0.64199,41.61547],[0.63963,41.6161],[0.63406,41.61984]]}},{"type":"Feature","properties":{"id":"fgc:RL1","code":"RL1","operator":"fgc","mode":"fgc","color":"#FF8000","destination":"Balaguer"},"geometry":{"type":"LineString","coordinates":[[0.63406,41.61984],[0.63963,41.6161],[0.64199,41.61547],[0.64371,41.61561],[0.64495,41.61615],[0.65578,41.62542],[0.67138,41.64307],[0.69423,41.66093],[0.71074,41.67289],[0.71676,41.679],[0.71753,41.6795],[0.72069,41.68044],[0.72187,41.68109],[0.72279,41.68201],[0.72394,41.68465],[0.72488,41.68585],[0.73275,41.68961],[0.74666,41.6968],[0.74812,41.69923],[0.74776,41.69892],[0.74845,41.70127],[0.7493,41.70227],[0.75787,41.70682],[0.75873,41.7076],[0.75915,41.70875],[0.75903,41.71254],[0.7597,41.71391],[0.76826,41.72057],[0.7834,41.73742],[0.78551,41.73891],[0.7982,41.74503],[0.79995,41.74631],[0.80171,41.74831],[0.81183,41.76794],[0.81328,41.77346],[0.81587,41.77718],[0.81662,41.77969],[0.81138,41.805],[0.81033,41.8063],[0.80627,41.80848],[0.80551,41.80952],[0.80525,41.81044],[0.80561,41.81245],[0.81445,41.82762],[0.81421,41.82922],[0.80862,41.8411],[0.80862,41.84244],[0.81128,41.84781],[0.8228,41.85783],[0.82635,41.86214],[0.82987,41.86508],[0.83769,41.8687],[0.83942,41.8699],[0.84004,41.87109],[0.83971,41.87456],[0.84053,41.87558],[0.84357,41.877],[0.84482,41.8782],[0.84505,41.8792],[0.84488,41.87998],[0.84097,41.88944],[0.83204,41.90451],[0.83029,41.91078],[0.83029,41.91183],[0.83062,41.91251],[0.83196,41.91366],[0.83391,41.91422],[0.83464,41.91468],[0.8355,41.91599],[0.83613,41.91861],[0.84026,41.92149],[0.84455,41.92279],[0.84743,41.92303],[0.85057,41.92473],[0.85122,41.92623],[0.85096,41.9281],[0.85113,41.92989],[0.85387,41.93365],[0.85453,41.93596],[0.85436,41.93724],[0.85354,41.93853],[0.84868,41.93966],[0.8462,41.94185],[0.84579,41.94287],[0.84635,41.94582],[0.84608,41.94698],[0.84301,41.95062],[0.84275,41.95169],[0.84284,41.95555],[0.84227,41.95805],[0.84251,41.9608],[0.84205,41.96227],[0.84088,41.96433],[0.83866,41.96576],[0.83784,41.96763],[0.83667,41.96884],[0.83533,41.96946],[0.83488,41.97011],[0.8347,41.97117],[0.83571,41.97491],[0.83731,41.97683],[0.83808,41.97821],[0.8378,41.97969],[0.83578,41.98205],[0.83573,41.9831],[0.83758,41.9865],[0.84116,41.9913],[0.84154,41.99288],[0.84135,41.99462],[0.8391,41.99686],[0.83878,41.9988],[0.8401,41.99997],[0.84294,42.00111],[0.84447,42.00341],[0.84806,42.00617],[0.84899,42.00658],[0.8503,42.00686],[0.85251,42.00687],[0.85819,42.00776],[0.86167,42.0076],[0.86531,42.00715],[0.86691,42.00731],[0.86972,42.00777],[0.87229,42.00864],[0.87351,42.00943],[0.87416,42.01084],[0.87411,42.01466],[0.8773,42.01806],[0.87783,42.01946],[0.87765,42.02261],[0.8769,42.02371],[0.87682,42.02525],[0.87791,42.02692],[0.88066,42.02832],[0.88115,42.02883],[0.88172,42.03495],[0.88282,42.0382],[0.88373,42.0394],[0.88476,42.04007],[0.88811,42.0411],[0.8898,42.04218],[0.89079,42.04385],[0.89133,42.04642],[0.89218,42.04792],[0.89186,42.05043],[0.89139,42.05129],[0.89083,42.05191],[0.88783,42.05386],[0.88576,42.05588],[0.88353,42.05738],[0.88055,42.06306],[0.88274,42.06953],[0.88206,42.07195],[0.8821,42.0743],[0.88275,42.0753],[0.88594,42.07809],[0.88739,42.08065],[0.88841,42.084],[0.88815,42.0864],[0.88629,42.08899],[0.88578,42.09135],[0.88756,42.09441],[0.88711,42.09721],[0.8882,42.09967],[0.88791,42.10284],[0.88989,42.10916],[0.88953,42.11194],[0.89204,42.11543],[0.89211,42.12016],[0.89254,42.1222],[0.89392,42.12542],[0.89339,42.13144],[0.89392,42.13572],[0.89378,42.13876],[0.89324,42.13966],[0.8907,42.14195],[0.89052,42.14336],[0.8929,42.14766],[0.89555,42.15074],[0.89767,42.15484],[0.897,42.15658],[0.89572,42.15739],[0.89413,42.1577],[0.88898,42.15804],[0.88724,42.15876],[0.88647,42.15967],[0.88585,42.16148],[0.88604,42.16262],[0.88787,42.16516],[0.8916,42.16792],[0.89262,42.16901],[0.89296,42.17011],[0.89283,42.1715],[0.89336,42.17279],[0.89653,42.17481],[0.8969,42.17531],[0.89724,42.17621],[0.89689,42.17898],[0.89705,42.17993],[0.90141,42.18483],[0.90119,42.18816],[0.90185,42.1892],[0.90406,42.18989],[0.90623,42.1895],[0.90761,42.18837],[0.90892,42.18591],[0.91062,42.18473],[0.91494,42.18438],[0.91676,42.1846],[0.9176,42.18509],[0.9246,42.1916],[0.92939,42.19668],[0.93071,42.19924],[0.93155,42.20226],[0.9333,42.20425],[0.937,42.20601],[0.94519,42.2081],[0.95839,42.21489],[0.96106,42.21684],[0.96277,42.21899],[0.96398,42.22231],[0.96377,42.22837],[0.9654,42.23304],[0.96597,42.23982]]}},{"type":"Feature","properties":{"id":"fgc:RL2","code":"RL2","operator":"fgc","mode":"fgc","color":"#FF8000","destination":"La Pobla de Segur"},"geometry":{"type":"LineString","coordinates":[[0.63406,41.61984],[0.63963,41.6161],[0.64199,41.61547],[0.64371,41.61561],[0.64495,41.61615],[0.65578,41.62542],[0.67138,41.64307],[0.69423,41.66093],[0.71074,41.67289],[0.71676,41.679],[0.71753,41.6795],[0.72069,41.68044],[0.72187,41.68109],[0.72279,41.68201],[0.72394,41.68465],[0.72488,41.68585],[0.73275,41.68961],[0.74666,41.6968],[0.74812,41.69923],[0.74776,41.69892],[0.74845,41.70127],[0.7493,41.70227],[0.75787,41.70682],[0.75873,41.7076],[0.75915,41.70875],[0.75903,41.71254],[0.7597,41.71391],[0.76826,41.72057],[0.7834,41.73742],[0.78551,41.73891],[0.7982,41.74503],[0.79995,41.74631],[0.80171,41.74831],[0.81183,41.76794],[0.81328,41.77346],[0.81587,41.77718],[0.81662,41.77969],[0.81138,41.805],[0.81033,41.8063],[0.80627,41.80848],[0.80551,41.80952],[0.80525,41.81044],[0.80561,41.81245],[0.81445,41.82762],[0.81421,41.82922],[0.80862,41.8411],[0.80862,41.84244],[0.81128,41.84781],[0.8228,41.85783],[0.82635,41.86214],[0.82987,41.86508],[0.83769,41.8687],[0.83942,41.8699],[0.84004,41.87109],[0.83971,41.87456],[0.84053,41.87558],[0.84357,41.877],[0.84482,41.8782],[0.84505,41.8792],[0.84488,41.87998],[0.84097,41.88944],[0.83204,41.90451],[0.83029,41.91078],[0.83029,41.91183],[0.83062,41.91251],[0.83196,41.91366],[0.83391,41.91422],[0.83464,41.91468],[0.8355,41.91599],[0.83613,41.91861],[0.84026,41.92149],[0.84455,41.92279],[0.84743,41.92303],[0.85057,41.92473],[0.85122,41.92623],[0.85096,41.9281],[0.85113,41.92989],[0.85387,41.93365],[0.85453,41.93596],[0.85436,41.93724],[0.85354,41.93853],[0.84868,41.93966],[0.8462,41.94185],[0.84579,41.94287],[0.84635,41.94582],[0.84608,41.94698],[0.84301,41.95062],[0.84275,41.95169],[0.84284,41.95555],[0.84227,41.95805],[0.84251,41.9608],[0.84205,41.96227],[0.84088,41.96433],[0.83866,41.96576],[0.83784,41.96763],[0.83667,41.96884],[0.83533,41.96946],[0.83488,41.97011],[0.8347,41.97117],[0.83571,41.97491],[0.83731,41.97683],[0.83808,41.97821],[0.8378,41.97969],[0.83578,41.98205],[0.83573,41.9831],[0.83758,41.9865],[0.84116,41.9913],[0.84154,41.99288],[0.84135,41.99462],[0.8391,41.99686],[0.83878,41.9988],[0.8401,41.99997],[0.84294,42.00111],[0.84447,42.00341],[0.84806,42.00617],[0.84899,42.00658],[0.8503,42.00686],[0.85251,42.00687],[0.85819,42.00776],[0.86167,42.0076],[0.86531,42.00715],[0.86691,42.00731],[0.86972,42.00777],[0.87229,42.00864],[0.87351,42.00943],[0.87416,42.01084],[0.87411,42.01466],[0.8773,42.01806],[0.87783,42.01946],[0.87765,42.02261],[0.8769,42.02371],[0.87682,42.02525],[0.87791,42.02692],[0.88066,42.02832],[0.88115,42.02883],[0.88172,42.03495],[0.88282,42.0382],[0.88373,42.0394],[0.88476,42.04007],[0.88811,42.0411],[0.8898,42.04218],[0.89079,42.04385],[0.89133,42.04642],[0.89218,42.04792],[0.89186,42.05043],[0.89139,42.05129],[0.89083,42.05191],[0.88783,42.05386],[0.88576,42.05588],[0.88353,42.05738],[0.88055,42.06306],[0.88274,42.06953],[0.88206,42.07195],[0.8821,42.0743],[0.88275,42.0753],[0.88594,42.07809],[0.88739,42.08065],[0.88841,42.084],[0.88815,42.0864],[0.88629,42.08899],[0.88578,42.09135],[0.88756,42.09441],[0.88711,42.09721],[0.8882,42.09967],[0.88791,42.10284],[0.88989,42.10916],[0.88953,42.11194],[0.89204,42.11543],[0.89211,42.12016],[0.89254,42.1222],[0.89392,42.12542],[0.89339,42.13144],[0.89392,42.13572],[0.89378,42.13876],[0.89324,42.13966],[0.8907,42.14195],[0.89052,42.14336],[0.8929,42.14766],[0.89555,42.15074],[0.89767,42.15484],[0.897,42.15658],[0.89572,42.15739],[0.89413,42.1577],[0.88898,42.15804],[0.88724,42.15876],[0.88647,42.15967],[0.88585,42.16148],[0.88604,42.16262],[0.88787,42.16516],[0.8916,42.16792],[0.89262,42.16901],[0.89296,42.17011],[0.89283,42.1715],[0.89336,42.17279],[0.89653,42.17481],[0.8969,42.17531],[0.89724,42.17621],[0.89689,42.17898],[0.89705,42.17993],[0.90141,42.18483],[0.90119,42.18816],[0.90185,42.1892],[0.90406,42.18989],[0.90623,42.1895],[0.90761,42.18837],[0.90892,42.18591],[0.91062,42.18473],[0.91494,42.18438],[0.91676,42.1846],[0.9176,42.18509],[0.9246,42.1916],[0.92939,42.19668],[0.93071,42.19924],[0.93155,42.20226],[0.9333,42.20425],[0.937,42.20601],[0.94519,42.2081],[0.95839,42.21489],[0.96106,42.21684],[0.96277,42.21899],[0.96398,42.22231],[0.96377,42.22837],[0.9654,42.23304],[0.96597,42.23982]]}},{"type":"Feature","properties":{"id":"fgc:RL2","code":"RL2","operator":"fgc","mode":"fgc","color":"#FF8000","destination":"Lleida"},"geometry":{"type":"LineString","coordinates":[[0.96597,42.23982],[0.9654,42.23304],[0.96377,42.22837],[0.96398,42.22231],[0.96277,42.21899],[0.96106,42.21684],[0.95839,42.21489],[0.94519,42.2081],[0.937,42.20601],[0.9333,42.20425],[0.93155,42.20226],[0.93071,42.19924],[0.92939,42.19668],[0.9246,42.1916],[0.9176,42.18509],[0.91676,42.1846],[0.91494,42.18438],[0.91062,42.18473],[0.90892,42.18591],[0.90761,42.18837],[0.90623,42.1895],[0.90406,42.18989],[0.90185,42.1892],[0.90119,42.18816],[0.90141,42.18483],[0.89705,42.17993],[0.89689,42.17898],[0.89724,42.17621],[0.8969,42.17531],[0.89653,42.17481],[0.89336,42.17279],[0.89283,42.1715],[0.89296,42.17011],[0.89262,42.16901],[0.8916,42.16792],[0.88787,42.16516],[0.88604,42.16262],[0.88585,42.16148],[0.88647,42.15967],[0.88724,42.15876],[0.88898,42.15804],[0.89413,42.1577],[0.89572,42.15739],[0.897,42.15658],[0.89767,42.15484],[0.89555,42.15074],[0.8929,42.14766],[0.89052,42.14336],[0.8907,42.14195],[0.89324,42.13966],[0.89378,42.13876],[0.89392,42.13572],[0.89339,42.13144],[0.89392,42.12542],[0.89254,42.1222],[0.89211,42.12016],[0.89204,42.11543],[0.88953,42.11194],[0.88989,42.10916],[0.88791,42.10284],[0.8882,42.09967],[0.88711,42.09721],[0.88756,42.09441],[0.88578,42.09135],[0.88629,42.08899],[0.88815,42.0864],[0.88841,42.084],[0.88739,42.08065],[0.88594,42.07809],[0.88275,42.0753],[0.8821,42.0743],[0.88206,42.07195],[0.88274,42.06953],[0.88055,42.06306],[0.88353,42.05738],[0.88576,42.05588],[0.88783,42.05386],[0.89083,42.05191],[0.89139,42.05129],[0.89186,42.05043],[0.89218,42.04792],[0.89133,42.04642],[0.89079,42.04385],[0.8898,42.04218],[0.88811,42.0411],[0.88476,42.04007],[0.88373,42.0394],[0.88282,42.0382],[0.88172,42.03495],[0.88115,42.02883],[0.88066,42.02832],[0.87791,42.02692],[0.87682,42.02525],[0.8769,42.02371],[0.87765,42.02261],[0.87783,42.01946],[0.8773,42.01806],[0.87411,42.01466],[0.87416,42.01084],[0.87351,42.00943],[0.87229,42.00864],[0.86972,42.00777],[0.86691,42.00731],[0.86531,42.00715],[0.86167,42.0076],[0.85819,42.00776],[0.85251,42.00687],[0.8503,42.00686],[0.84899,42.00658],[0.84806,42.00617],[0.84447,42.00341],[0.84294,42.00111],[0.8401,41.99997],[0.83878,41.9988],[0.8391,41.99686],[0.84135,41.99462],[0.84154,41.99288],[0.84116,41.9913],[0.83758,41.9865],[0.83573,41.9831],[0.83578,41.98205],[0.8378,41.97969],[0.83808,41.97821],[0.83731,41.97683],[0.83571,41.97491],[0.8347,41.97117],[0.83488,41.97011],[0.83533,41.96946],[0.83667,41.96884],[0.83784,41.96763],[0.83866,41.96576],[0.84088,41.96433],[0.84205,41.96227],[0.84251,41.9608],[0.84227,41.95805],[0.84284,41.95555],[0.84275,41.95169],[0.84301,41.95062],[0.84608,41.94698],[0.84635,41.94582],[0.84579,41.94287],[0.8462,41.94185],[0.84868,41.93966],[0.85354,41.93853],[0.85436,41.93724],[0.85453,41.93596],[0.85387,41.93365],[0.85113,41.92989],[0.85096,41.9281],[0.85122,41.92623],[0.85057,41.92473],[0.84743,41.92303],[0.84455,41.92279],[0.84026,41.92149],[0.83613,41.91861],[0.8355,41.91599],[0.83464,41.91468],[0.83391,41.91422],[0.83196,41.91366],[0.83062,41.91251],[0.83029,41.91183],[0.83029,41.91078],[0.83204,41.90451],[0.84097,41.88944],[0.84488,41.87998],[0.84505,41.8792],[0.84482,41.8782],[0.84357,41.877],[0.84053,41.87558],[0.83971,41.87456],[0.84004,41.87109],[0.83942,41.8699],[0.83769,41.8687],[0.82988,41.86509],[0.82635,41.86214],[0.8228,41.85783],[0.81128,41.84781],[0.80862,41.84244],[0.80862,41.8411],[0.81421,41.82922],[0.81445,41.82762],[0.80561,41.81245],[0.80525,41.81044],[0.80551,41.80952],[0.80627,41.80848],[0.81033,41.8063],[0.81138,41.805],[0.81662,41.77969],[0.81587,41.77718],[0.81328,41.77346],[0.81183,41.76794],[0.80171,41.74831],[0.79995,41.74631],[0.7982,41.74503],[0.78551,41.73891],[0.7834,41.73742],[0.76826,41.72057],[0.7597,41.71391],[0.75903,41.71254],[0.75915,41.70875],[0.75873,41.7076],[0.75787,41.70682],[0.7493,41.70227],[0.74845,41.70127],[0.74776,41.69892],[0.74812,41.69923],[0.74666,41.6968],[0.73275,41.68961],[0.72488,41.68585],[0.72394,41.68465],[0.72279,41.68201],[0.72187,41.68109],[0.72069,41.68044],[0.71753,41.6795],[0.71676,41.679],[0.71074,41.67289],[0.69423,41.66093],[0.67138,41.64307],[0.65578,41.62542],[0.64495,41.61615],[0.64371,41.61561],[0.64199,41.61547],[0.63963,41.6161],[0.63406,41.61984]]}},{"type":"Feature","properties":{"id":"tram:T1","code":"T1","operator":"tram","mode":"tram","color":"#FF0D0D","destination":"Bon Viatge"},"geometry":{"type":"LineString","coordinates":[[2.14314,41.39222],[2.11447,41.3849],[2.11431,41.38461],[2.1154,41.38211],[2.11494,41.38097],[2.11428,41.38001],[2.11281,41.37905],[2.11022,41.37596],[2.08919,41.37716],[2.08673,41.37555],[2.07168,41.36022],[2.07019,41.35761],[2.06897,41.35691],[2.06684,41.35632],[2.0664,41.3564],[2.0586,41.36367],[2.05879,41.36454]]}},{"type":"Feature","properties":{"id":"tram:T1","code":"T1","operator":"tram","mode":"tram","color":"#FF0D0D","destination":"Francesc Macià"},"geometry":{"type":"LineString","coordinates":[[2.05879,41.36454],[2.05854,41.36368],[2.06638,41.35638],[2.06681,41.35628],[2.06898,41.35688],[2.07024,41.35761],[2.07172,41.3602],[2.08677,41.37554],[2.08919,41.37712],[2.11034,41.37594],[2.11288,41.37907],[2.1143,41.37992],[2.11499,41.38088],[2.11545,41.38212],[2.11435,41.38459],[2.11452,41.38489],[2.14314,41.39222]]}},{"type":"Feature","properties":{"id":"tram:T1","code":"T1","operator":"tram","mode":"tram","color":"#FF0D0D","destination":"Francesc Macià"},"geometry":{"type":"LineString","coordinates":[[2.05879,41.36454],[2.05854,41.36368],[2.06638,41.35638],[2.06681,41.35628],[2.06898,41.35688],[2.07024,41.35761],[2.07172,41.3602],[2.08677,41.37554],[2.08919,41.37712],[2.11034,41.37594],[2.11288,41.37907],[2.1143,41.37992],[2.11499,41.38088],[2.11545,41.38212],[2.11435,41.38459],[2.11452,41.38489],[2.14329,41.39219]]}},{"type":"Feature","properties":{"id":"tram:T1","code":"T1","operator":"tram","mode":"tram","color":"#FF0D0D","destination":"Bon Viatge"},"geometry":{"type":"LineString","coordinates":[[2.14329,41.39219],[2.11447,41.3849],[2.11431,41.38461],[2.1154,41.38211],[2.11494,41.38097],[2.11428,41.38001],[2.11281,41.37905],[2.11022,41.37596],[2.08919,41.37716],[2.08673,41.37555],[2.07168,41.36022],[2.07019,41.35761],[2.06897,41.35691],[2.06684,41.35632],[2.0664,41.3564],[2.0586,41.36367],[2.05879,41.36454]]}},{"type":"Feature","properties":{"id":"tram:T2","code":"T2","operator":"tram","mode":"tram","color":"#80FF80","destination":"Francesc Macià"},"geometry":{"type":"LineString","coordinates":[[2.07622,41.37101],[2.07503,41.37005],[2.0703,41.36832],[2.06683,41.36796],[2.06403,41.36803],[2.06253,41.36769],[2.06068,41.36661],[2.05863,41.36432],[2.05854,41.36368],[2.06649,41.35632],[2.06898,41.35688],[2.0701,41.35748],[2.07189,41.36038],[2.08677,41.37554],[2.08919,41.37712],[2.11034,41.37594],[2.11288,41.37907],[2.1143,41.37992],[2.11499,41.38088],[2.11545,41.38212],[2.11435,41.38459],[2.11452,41.38489],[2.14314,41.39222]]}},{"type":"Feature","properties":{"id":"tram:T2","code":"T2","operator":"tram","mode":"tram","color":"#80FF80","destination":"Llevant-L.Planes"},"geometry":{"type":"LineString","coordinates":[[2.14314,41.39222],[2.11447,41.3849],[2.11431,41.38461],[2.1154,41.38211],[2.11494,41.38097],[2.11428,41.38001],[2.11281,41.37905],[2.11022,41.37596],[2.08919,41.37716],[2.08685,41.37567],[2.07168,41.36022],[2.07019,41.35761],[2.06897,41.35691],[2.06652,41.35634],[2.0586,41.36367],[2.0587,41.36436],[2.06068,41.36661],[2.06243,41.36758],[2.0639,41.36802],[2.06683,41.36796],[2.0703,41.36832],[2.07503,41.37005],[2.07622,41.37101]]}},{"type":"Feature","properties":{"id":"tram:T2","code":"T2","operator":"tram","mode":"tram","color":"#80FF80","destination":"Llevant-L.Planes"},"geometry":{"type":"LineString","coordinates":[[2.14329,41.39219],[2.11447,41.3849],[2.11431,41.38461],[2.1154,41.38211],[2.11494,41.38097],[2.11428,41.38001],[2.11281,41.37905],[2.11022,41.37596],[2.08919,41.37716],[2.08685,41.37567],[2.07168,41.36022],[2.07019,41.35761],[2.06897,41.35691],[2.06652,41.35634],[2.0586,41.36367],[2.0587,41.36436],[2.06068,41.36661],[2.06243,41.36758],[2.0639,41.36802],[2.06683,41.36796],[2.0703,41.36832],[2.07503,41.37005],[2.07622,41.37101]]}},{"type":"Feature","properties":{"id":"tram:T2","code":"T2","operator":"tram","mode":"tram","color":"#80FF80","destination":"Francesc Macià"},"geometry":{"type":"LineString","coordinates":[[2.07622,41.37101],[2.07503,41.37005],[2.0703,41.36832],[2.06683,41.36796],[2.06403,41.36803],[2.06253,41.36769],[2.06068,41.36661],[2.05863,41.36432],[2.05854,41.36368],[2.06649,41.35632],[2.06898,41.35688],[2.0701,41.35748],[2.07189,41.36038],[2.08677,41.37554],[2.08926,41.37715],[2.11034,41.37594],[2.11288,41.37907],[2.1143,41.37992],[2.11499,41.38088],[2.11545,41.38212],[2.11435,41.38459],[2.11452,41.38489],[2.14329,41.39219]]}},{"type":"Feature","properties":{"id":"tram:T3","code":"T3","operator":"tram","mode":"tram","color":"#0074E8","destination":"Francesc Macià"},"geometry":{"type":"LineString","coordinates":[[2.05336,41.37936],[2.05585,41.37969],[2.06521,41.37983],[2.0762,41.37864],[2.07746,41.37606],[2.07628,41.37544],[2.07496,41.37296],[2.078,41.37057],[2.07964,41.36877],[2.08001,41.36867],[2.08703,41.37578],[2.08926,41.37715],[2.11034,41.37594],[2.11288,41.37907],[2.1143,41.37992],[2.11499,41.38088],[2.11545,41.38212],[2.11435,41.38459],[2.11452,41.38489],[2.14314,41.39222]]}},{"type":"Feature","properties":{"id":"tram:T3","code":"T3","operator":"tram","mode":"tram","color":"#0074E8","destination":"Sant Feliu|C.C."},"geometry":{"type":"LineString","coordinates":[[2.14314,41.39222],[2.11447,41.3849],[2.11431,41.38461],[2.1154,41.38211],[2.11494,41.38097],[2.11428,41.38001],[2.11281,41.37905],[2.11022,41.37596],[2.08923,41.37718],[2.08699,41.3758],[2.07998,41.36871],[2.07496,41.37296],[2.07628,41.37544],[2.07746,41.37606],[2.07618,41.37865],[2.06538,41.37988],[2.05586,41.37973],[2.05336,41.37936]]}},{"type":"Feature","properties":{"id":"tram:T3","code":"T3","operator":"tram","mode":"tram","color":"#0074E8","destination":"Sant Feliu|C.C."},"geometry":{"type":"LineString","coordinates":[[2.14329,41.39219],[2.11447,41.3849],[2.11431,41.38461],[2.1154,41.38211],[2.11494,41.38097],[2.11428,41.38001],[2.11281,41.37905],[2.11022,41.37596],[2.08923,41.37718],[2.08699,41.3758],[2.07998,41.36871],[2.07496,41.37296],[2.07628,41.37544],[2.07746,41.37606],[2.07618,41.37865],[2.06538,41.37988],[2.05586,41.37973],[2.05336,41.37936]]}},{"type":"Feature","properties":{"id":"tram:T3","code":"T3","operator":"tram","mode":"tram","color":"#0074E8","destination":"Francesc Macià"},"geometry":{"type":"LineString","coordinates":[[2.05336,41.37936],[2.05585,41.37969],[2.06521,41.37983],[2.0762,41.37864],[2.07746,41.37606],[2.07628,41.37544],[2.07496,41.37296],[2.078,41.37057],[2.07964,41.36877],[2.08001,41.36867],[2.08703,41.37578],[2.08926,41.37715],[2.11034,41.37594],[2.11288,41.37907],[2.1143,41.37992],[2.11499,41.38088],[2.11545,41.38212],[2.11435,41.38459],[2.11452,41.38489],[2.14329,41.39219]]}},{"type":"Feature","properties":{"id":"tram:T4","code":"T4","operator":"tram","mode":"tram","color":"#008080","destination":"Estació St.Adrià"},"geometry":{"type":"LineString","coordinates":[[2.16743,41.39847],[2.18491,41.4028],[2.18651,41.40201],[2.18899,41.4037],[2.21945,41.41142],[2.23058,41.42394]]}},{"type":"Feature","properties":{"id":"tram:T4","code":"T4","operator":"tram","mode":"tram","color":"#008080","destination":"Verdaguer"},"geometry":{"type":"LineString","coordinates":[[2.23058,41.42394],[2.21939,41.41147],[2.19041,41.40426],[2.18863,41.40359],[2.18651,41.40205],[2.18477,41.40296],[2.16743,41.39847]]}},{"type":"Feature","properties":{"id":"tram:T5","code":"T5","operator":"tram","mode":"tram","color":"#FF0080","destination":"Can Jaumandreu"},"geometry":{"type":"LineString","coordinates":[[2.23326,41.43995],[2.2221,41.42986],[2.22229,41.42887],[2.22586,41.42699],[2.22248,41.4231],[2.21419,41.4169],[2.21079,41.41928],[2.21109,41.42073],[2.21055,41.42087],[2.19357,41.40812]]}},{"type":"Feature","properties":{"id":"tram:T5","code":"T5","operator":"tram","mode":"tram","color":"#FF0080","destination":"Gorg"},"geometry":{"type":"LineString","coordinates":[[2.19357,41.40812],[2.21062,41.42086],[2.21105,41.42071],[2.21075,41.41928],[2.21422,41.41688],[2.22236,41.42291],[2.22598,41.42707],[2.22232,41.42898],[2.22215,41.42985],[2.23326,41.43995]]}},{"type":"Feature","properties":{"id":"tram:T5","code":"T5","operator":"tram","mode":"tram","color":"#FF0080","destination":"Glòries"},"geometry":{"type":"LineString","coordinates":[[2.19194,41.38766],[2.187,41.39149],[2.18685,41.40205],[2.18741,41.40256]]}},{"type":"Feature","properties":{"id":"tram:T5","code":"T5","operator":"tram","mode":"tram","color":"#FF0080","destination":"Ciutadella|V.O."},"geometry":{"type":"LineString","coordinates":[[2.18741,41.40256],[2.18685,41.40205],[2.18695,41.39151],[2.19194,41.38766]]}},{"type":"Feature","properties":{"id":"tram:T6","code":"T6","operator":"tram","mode":"tram","color":"#4B5BE9","destination":"Estació St.Adrià"},"geometry":{"type":"LineString","coordinates":[[2.19357,41.40812],[2.21062,41.42086],[2.21105,41.42071],[2.21075,41.41928],[2.21396,41.41689],[2.21433,41.41692],[2.21861,41.42001],[2.22372,41.41639],[2.22414,41.41654],[2.22736,41.42011],[2.23051,41.42397]]}},{"type":"Feature","properties":{"id":"tram:T6","code":"T6","operator":"tram","mode":"tram","color":"#4B5BE9","destination":"Can Jaumandreu"},"geometry":{"type":"LineString","coordinates":[[2.23051,41.42397],[2.22389,41.41645],[2.21867,41.42006],[2.214,41.41691],[2.21079,41.41928],[2.21109,41.42073],[2.2106,41.42089],[2.19357,41.40812]]}}]}