{"type":"FeatureCollection","features":[{"type":"Feature","properties":{"name":"Hospital de Bellvitge","code":"6660111","kind":"station","lines":",tmb-metro:L1,","metro":[{"line":"L1","code":"111"}]},"geometry":{"type":"Point","coordinates":[2.10724,41.34468]}},{"type":"Feature","properties":{"name":"Bellvitge","code":"6660112","kind":"station","lines":",tmb-metro:L1,","metro":[{"line":"L1","code":"112"}]},"geometry":{"type":"Point","coordinates":[2.11092,41.35098]}},{"type":"Feature","properties":{"name":"Av. Carrilet","code":"6660113","kind":"station","lines":",tmb-metro:L1,","metro":[{"line":"L1","code":"113"}]},"geometry":{"type":"Point","coordinates":[2.10263,41.35855]}},{"type":"Feature","properties":{"name":"Rambla Just Oliveras","code":"6660114","kind":"station","lines":",tmb-metro:L1,","metro":[{"line":"L1","code":"114"}]},"geometry":{"type":"Point","coordinates":[2.09975,41.36409]}},{"type":"Feature","properties":{"name":"Can Serra","code":"6660115","kind":"station","lines":",tmb-metro:L1,","metro":[{"line":"L1","code":"115"}]},"geometry":{"type":"Point","coordinates":[2.10276,41.36769]}},{"type":"Feature","properties":{"name":"Florida","code":"6660116","kind":"station","lines":",tmb-metro:L1,","metro":[{"line":"L1","code":"116"}]},"geometry":{"type":"Point","coordinates":[2.11003,41.36832]}},{"type":"Feature","properties":{"name":"Torrassa","code":"6660117","kind":"station","lines":",tmb-metro:L1,tmb-metro:L9S,tmb-metro:L10S,","metro":[{"line":"L1","code":"117"},{"line":"L9S","code":"915"},{"line":"L10S","code":"915"}]},"geometry":{"type":"Point","coordinates":[2.11576,41.36822]}},{"type":"Feature","properties":{"name":"Santa Eulàlia","code":"6660118","kind":"station","lines":",tmb-metro:L1,","metro":[{"line":"L1","code":"118"}]},"geometry":{"type":"Point","coordinates":[2.12862,41.36882]}},{"type":"Feature","properties":{"name":"Mercat Nou","code":"6660119","kind":"station","lines":",tmb-metro:L1,","metro":[{"line":"L1","code":"119"}]},"geometry":{"type":"Point","coordinates":[2.13354,41.373]}},{"type":"Feature","properties":{"name":"Plaça de Sants","code":"6660120","kind":"station","lines":",tmb-metro:L1,tmb-metro:L5,","metro":[{"line":"L1","code":"120"},{"line":"L5","code":"517"}]},"geometry":{"type":"Point","coordinates":[2.13815,41.37535]}},{"type":"Feature","properties":{"name":"Hostafrancs","code":"6660121","kind":"station","lines":",tmb-metro:L1,","metro":[{"line":"L1","code":"121"}]},"geometry":{"type":"Point","coordinates":[2.14329,41.37525]}},{"type":"Feature","properties":{"name":"Espanya","code":"6660122","kind":"station","lines":",tmb-metro:L1,tmb-metro:L3,","metro":[{"line":"L1","code":"122"},{"line":"L3","code":"321"}]},"geometry":{"type":"Point","coordinates":[2.15156,41.37502]}},{"type":"Feature","properties":{"name":"Rocafort","code":"6660123","kind":"station","lines":",tmb-metro:L1,","metro":[{"line":"L1","code":"123"}]},"geometry":{"type":"Point","coordinates":[2.15456,41.37923]}},{"type":"Feature","properties":{"name":"Urgell","code":"6660124","kind":"station","lines":",tmb-metro:L1,","metro":[{"line":"L1","code":"124"}]},"geometry":{"type":"Point","coordinates":[2.15889,41.38249]}},{"type":"Feature","properties":{"name":"Universitat","code":"6660125","kind":"station","lines":",tmb-metro:L1,tmb-metro:L2,","metro":[{"line":"L1","code":"125"},{"line":"L2","code":"212"}]},"geometry":{"type":"Point","coordinates":[2.16391,41.38477]}},{"type":"Feature","properties":{"name":"Catalunya","code":"6660126","kind":"station","lines":",tmb-metro:L1,tmb-metro:L3,","metro":[{"line":"L1","code":"126"},{"line":"L3","code":"326"}]},"geometry":{"type":"Point","coordinates":[2.17009,41.38632]}},{"type":"Feature","properties":{"name":"Urquinaona","code":"6660127","kind":"station","lines":",tmb-metro:L1,tmb-metro:L4,","metro":[{"line":"L1","code":"127"},{"line":"L4","code":"424"}]},"geometry":{"type":"Point","coordinates":[2.17457,41.38964]}},{"type":"Feature","properties":{"name":"Arc de Triomf","code":"6660128","kind":"station","lines":",tmb-metro:L1,","metro":[{"line":"L1","code":"128"}]},"geometry":{"type":"Point","coordinates":[2.18117,41.39234]}},{"type":"Feature","properties":{"name":"Marina","code":"6660129","kind":"station","lines":",tmb-metro:L1,","metro":[{"line":"L1","code":"129"}]},"geometry":{"type":"Point","coordinates":[2.1858,41.39473]}},{"type":"Feature","properties":{"name":"Glòries","code":"6660130","kind":"station","lines":",tmb-metro:L1,","metro":[{"line":"L1","code":"130"}]},"geometry":{"type":"Point","coordinates":[2.18754,41.40228]}},{"type":"Feature","properties":{"name":"Clot","code":"6660131","kind":"station","lines":",tmb-metro:L1,tmb-metro:L2,","metro":[{"line":"L1","code":"131"},{"line":"L2","code":"218"}]},"geometry":{"type":"Point","coordinates":[2.18684,41.41036]}},{"type":"Feature","properties":{"name":"Navas","code":"6660132","kind":"station","lines":",tmb-metro:L1,","metro":[{"line":"L1","code":"132"}]},"geometry":{"type":"Point","coordinates":[2.18706,41.41619]}},{"type":"Feature","properties":{"name":"La Sagrera","code":"6660133","kind":"station","lines":",tmb-metro:L1,tmb-metro:L5,tmb-metro:L9N,tmb-metro:L10N,","metro":[{"line":"L1","code":"133"},{"line":"L5","code":"526"},{"line":"L9N","code":"930"},{"line":"L10N","code":"930"}]},"geometry":{"type":"Point","coordinates":[2.18672,41.42049]}},{"type":"Feature","properties":{"name":"Fabra i Puig","code":"6660134","kind":"station","lines":",tmb-metro:L1,","metro":[{"line":"L1","code":"134"}]},"geometry":{"type":"Point","coordinates":[2.18366,41.42963]}},{"type":"Feature","properties":{"name":"Sant Andreu","code":"6660135","kind":"station","lines":",tmb-metro:L1,","metro":[{"line":"L1","code":"135"}]},"geometry":{"type":"Point","coordinates":[2.19119,41.4366]}},{"type":"Feature","properties":{"name":"Torras i Bages","code":"6660136","kind":"station","lines":",tmb-metro:L1,","metro":[{"line":"L1","code":"136"}]},"geometry":{"type":"Point","coordinates":[2.19067,41.44323]}},{"type":"Feature","properties":{"name":"Trinitat Vella","code":"6660137","kind":"station","lines":",tmb-metro:L1,","metro":[{"line":"L1","code":"137"}]},"geometry":{"type":"Point","coordinates":[2.19384,41.44896]}},{"type":"Feature","properties":{"name":"Baró de Viver","code":"6660138","kind":"station","lines":",tmb-metro:L1,","metro":[{"line":"L1","code":"138"}]},"geometry":{"type":"Point","coordinates":[2.19956,41.44994]}},{"type":"Feature","properties":{"name":"Santa Coloma","code":"6660139","kind":"station","lines":",tmb-metro:L1,","metro":[{"line":"L1","code":"139"}]},"geometry":{"type":"Point","coordinates":[2.20797,41.45107]}},{"type":"Feature","properties":{"name":"Fondo","code":"6660140","kind":"station","lines":",tmb-metro:L1,tmb-metro:L9N,","metro":[{"line":"L1","code":"140"},{"line":"L9N","code":"942"}]},"geometry":{"type":"Point","coordinates":[2.21848,41.45188]}},{"type":"Feature","properties":{"name":"Paral·lel","code":"6660210","kind":"station","lines":",tmb-metro:L2,tmb-metro:L3,tmb-metro:FM,","metro":[{"line":"L2","code":"210"},{"line":"L3","code":"323"},{"line":"FM","code":"9901"}]},"geometry":{"type":"Point","coordinates":[2.16885,41.37385]}},{"type":"Feature","properties":{"name":"Sant Antoni","code":"6660211","kind":"station","lines":",tmb-metro:L2,","metro":[{"line":"L2","code":"211"}]},"geometry":{"type":"Point","coordinates":[2.16324,41.37983]}},{"type":"Feature","properties":{"name":"Passeig de Gràcia","code":"6660213","kind":"station","lines":",tmb-metro:L2,tmb-metro:L3,tmb-metro:L4,","metro":[{"line":"L2","code":"213"},{"line":"L3","code":"327"},{"line":"L4","code":"425"}]},"geometry":{"type":"Point","coordinates":[2.16785,41.39006]}},{"type":"Feature","properties":{"name":"Tetuan","code":"6660214","kind":"station","lines":",tmb-metro:L2,","metro":[{"line":"L2","code":"214"}]},"geometry":{"type":"Point","coordinates":[2.17556,41.39489]}},{"type":"Feature","properties":{"name":"Monumental","code":"6660215","kind":"station","lines":",tmb-metro:L2,","metro":[{"line":"L2","code":"215"}]},"geometry":{"type":"Point","coordinates":[2.17946,41.40052]}},{"type":"Feature","properties":{"name":"Sagrada Família","code":"6660216","kind":"station","lines":",tmb-metro:L2,tmb-metro:L5,","metro":[{"line":"L2","code":"216"},{"line":"L5","code":"523"}]},"geometry":{"type":"Point","coordinates":[2.17511,41.40399]}},{"type":"Feature","properties":{"name":"Encants","code":"6660217","kind":"station","lines":",tmb-metro:L2,","metro":[{"line":"L2","code":"217"}]},"geometry":{"type":"Point","coordinates":[2.1827,41.40724]}},{"type":"Feature","properties":{"name":"Bac de Roda","code":"6660219","kind":"station","lines":",tmb-metro:L2,","metro":[{"line":"L2","code":"219"}]},"geometry":{"type":"Point","coordinates":[2.1955,41.41516]}},{"type":"Feature","properties":{"name":"Sant Martí","code":"6660220","kind":"station","lines":",tmb-metro:L2,","metro":[{"line":"L2","code":"220"}]},"geometry":{"type":"Point","coordinates":[2.20072,41.41906]}},{"type":"Feature","properties":{"name":"La Pau","code":"6660221","kind":"station","lines":",tmb-metro:L2,tmb-metro:L4,","metro":[{"line":"L2","code":"221"},{"line":"L4","code":"413"}]},"geometry":{"type":"Point","coordinates":[2.20561,41.42403]}},{"type":"Feature","properties":{"name":"Verneda","code":"6660222","kind":"station","lines":",tmb-metro:L2,","metro":[{"line":"L2","code":"222"}]},"geometry":{"type":"Point","coordinates":[2.20988,41.43]}},{"type":"Feature","properties":{"name":"Artigues | Sant Adrià","code":"6660223","kind":"station","lines":",tmb-metro:L2,","metro":[{"line":"L2","code":"223"}]},"geometry":{"type":"Point","coordinates":[2.21777,41.43385]}},{"type":"Feature","properties":{"name":"Sant Roc","code":"6660224","kind":"station","lines":",tmb-metro:L2,","metro":[{"line":"L2","code":"224"}]},"geometry":{"type":"Point","coordinates":[2.22861,41.43583]}},{"type":"Feature","properties":{"name":"Gorg","code":"6660225","kind":"station","lines":",tmb-metro:L2,tmb-metro:L10N,","metro":[{"line":"L2","code":"225"},{"line":"L10N","code":"936"}]},"geometry":{"type":"Point","coordinates":[2.23389,41.44044]}},{"type":"Feature","properties":{"name":"Pep Ventura","code":"6660226","kind":"station","lines":",tmb-metro:L2,","metro":[{"line":"L2","code":"226"}]},"geometry":{"type":"Point","coordinates":[2.23796,41.44391]}},{"type":"Feature","properties":{"name":"Badalona Pompeu Fabra","code":"6660227","kind":"station","lines":",tmb-metro:L2,","metro":[{"line":"L2","code":"227"}]},"geometry":{"type":"Point","coordinates":[2.2441,41.44905]}},{"type":"Feature","properties":{"name":"Zona Universitària","code":"6660314","kind":"station","lines":",tmb-metro:L3,tmb-metro:L9S,","metro":[{"line":"L3","code":"314"},{"line":"L9S","code":"918"}]},"geometry":{"type":"Point","coordinates":[2.11162,41.38374]}},{"type":"Feature","properties":{"name":"Palau Reial","code":"6660315","kind":"station","lines":",tmb-metro:L3,","metro":[{"line":"L3","code":"315"}]},"geometry":{"type":"Point","coordinates":[2.11854,41.38598]}},{"type":"Feature","properties":{"name":"Maria Cristina","code":"6660316","kind":"station","lines":",tmb-metro:L3,","metro":[{"line":"L3","code":"316"}]},"geometry":{"type":"Point","coordinates":[2.12579,41.38782]}},{"type":"Feature","properties":{"name":"Les Corts","code":"6660317","kind":"station","lines":",tmb-metro:L3,","metro":[{"line":"L3","code":"317"}]},"geometry":{"type":"Point","coordinates":[2.13087,41.38412]}},{"type":"Feature","properties":{"name":"Plaça del Centre","code":"6660318","kind":"station","lines":",tmb-metro:L3,","metro":[{"line":"L3","code":"318"}]},"geometry":{"type":"Point","coordinates":[2.13588,41.38192]}},{"type":"Feature","properties":{"name":"Sants Estació","code":"6660319","kind":"station","lines":",tmb-metro:L3,tmb-metro:L5,","metro":[{"line":"L3","code":"319"},{"line":"L5","code":"518"}]},"geometry":{"type":"Point","coordinates":[2.14099,41.3816]}},{"type":"Feature","properties":{"name":"Tarragona","code":"6660320","kind":"station","lines":",tmb-metro:L3,","metro":[{"line":"L3","code":"320"}]},"geometry":{"type":"Point","coordinates":[2.14534,41.37849]}},{"type":"Feature","properties":{"name":"Poble Sec","code":"6660322","kind":"station","lines":",tmb-metro:L3,","metro":[{"line":"L3","code":"322"}]},"geometry":{"type":"Point","coordinates":[2.16025,41.375]}},{"type":"Feature","properties":{"name":"Drassanes","code":"6660324","kind":"station","lines":",tmb-metro:L3,","metro":[{"line":"L3","code":"324"}]},"geometry":{"type":"Point","coordinates":[2.17566,41.37654]}},{"type":"Feature","properties":{"name":"Liceu","code":"6660325","kind":"station","lines":",tmb-metro:L3,","metro":[{"line":"L3","code":"325"}]},"geometry":{"type":"Point","coordinates":[2.17303,41.38145]}},{"type":"Feature","properties":{"name":"Diagonal","code":"6660328","kind":"station","lines":",tmb-metro:L3,tmb-metro:L5,","metro":[{"line":"L3","code":"328"},{"line":"L5","code":"521"}]},"geometry":{"type":"Point","coordinates":[2.16005,41.39589]}},{"type":"Feature","properties":{"name":"Fontana","code":"6660329","kind":"station","lines":",tmb-metro:L3,","metro":[{"line":"L3","code":"329"}]},"geometry":{"type":"Point","coordinates":[2.15302,41.40201]}},{"type":"Feature","properties":{"name":"Lesseps","code":"6660330","kind":"station","lines":",tmb-metro:L3,","metro":[{"line":"L3","code":"330"}]},"geometry":{"type":"Point","coordinates":[2.15041,41.40574]}},{"type":"Feature","properties":{"name":"Vallcarca","code":"6660331","kind":"station","lines":",tmb-metro:L3,","metro":[{"line":"L3","code":"331"}]},"geometry":{"type":"Point","coordinates":[2.14434,41.41198]}},{"type":"Feature","properties":{"name":"Penitents","code":"6660332","kind":"station","lines":",tmb-metro:L3,","metro":[{"line":"L3","code":"332"}]},"geometry":{"type":"Point","coordinates":[2.14097,41.41828]}},{"type":"Feature","properties":{"name":"Vall d'Hebron","code":"6660333","kind":"station","lines":",tmb-metro:L3,tmb-metro:L5,","metro":[{"line":"L3","code":"333"},{"line":"L5","code":"534"}]},"geometry":{"type":"Point","coordinates":[2.14256,41.42528]}},{"type":"Feature","properties":{"name":"Montbau","code":"6660334","kind":"station","lines":",tmb-metro:L3,","metro":[{"line":"L3","code":"334"}]},"geometry":{"type":"Point","coordinates":[2.14504,41.43062]}},{"type":"Feature","properties":{"name":"Mundet","code":"6660335","kind":"station","lines":",tmb-metro:L3,","metro":[{"line":"L3","code":"335"}]},"geometry":{"type":"Point","coordinates":[2.14847,41.43565]}},{"type":"Feature","properties":{"name":"Valldaura","code":"6660336","kind":"station","lines":",tmb-metro:L3,","metro":[{"line":"L3","code":"336"}]},"geometry":{"type":"Point","coordinates":[2.15688,41.438]}},{"type":"Feature","properties":{"name":"Canyelles","code":"6660337","kind":"station","lines":",tmb-metro:L3,","metro":[{"line":"L3","code":"337"}]},"geometry":{"type":"Point","coordinates":[2.16639,41.44175]}},{"type":"Feature","properties":{"name":"Roquetes","code":"6660338","kind":"station","lines":",tmb-metro:L3,","metro":[{"line":"L3","code":"338"}]},"geometry":{"type":"Point","coordinates":[2.1761,41.44767]}},{"type":"Feature","properties":{"name":"Trinitat Nova","code":"6660339","kind":"station","lines":",tmb-metro:L3,tmb-metro:L4,tmb-metro:L11,","metro":[{"line":"L3","code":"339"},{"line":"L4","code":"434"},{"line":"L11","code":"1136"}]},"geometry":{"type":"Point","coordinates":[2.1841,41.4495]}},{"type":"Feature","properties":{"name":"Selva de Mar","code":"6660417","kind":"station","lines":",tmb-metro:L4,","metro":[{"line":"L4","code":"417"}]},"geometry":{"type":"Point","coordinates":[2.20912,41.408]}},{"type":"Feature","properties":{"name":"Poblenou","code":"6660418","kind":"station","lines":",tmb-metro:L4,","metro":[{"line":"L4","code":"418"}]},"geometry":{"type":"Point","coordinates":[2.20337,41.40372]}},{"type":"Feature","properties":{"name":"Llacuna","code":"6660419","kind":"station","lines":",tmb-metro:L4,","metro":[{"line":"L4","code":"419"}]},"geometry":{"type":"Point","coordinates":[2.19771,41.39943]}},{"type":"Feature","properties":{"name":"Bogatell","code":"6660420","kind":"station","lines":",tmb-metro:L4,","metro":[{"line":"L4","code":"420"}]},"geometry":{"type":"Point","coordinates":[2.19201,41.39511]}},{"type":"Feature","properties":{"name":"Ciutadella | Vila Olímpica","code":"6660421","kind":"station","lines":",tmb-metro:L4,","metro":[{"line":"L4","code":"421"}]},"geometry":{"type":"Point","coordinates":[2.19299,41.38669]}},{"type":"Feature","properties":{"name":"Barceloneta","code":"6660422","kind":"station","lines":",tmb-metro:L4,","metro":[{"line":"L4","code":"422"}]},"geometry":{"type":"Point","coordinates":[2.18479,41.38181]}},{"type":"Feature","properties":{"name":"Jaume I","code":"6660423","kind":"station","lines":",tmb-metro:L4,","metro":[{"line":"L4","code":"423"}]},"geometry":{"type":"Point","coordinates":[2.17853,41.38413]}},{"type":"Feature","properties":{"name":"Girona","code":"6660426","kind":"station","lines":",tmb-metro:L4,","metro":[{"line":"L4","code":"426"}]},"geometry":{"type":"Point","coordinates":[2.17082,41.39492]}},{"type":"Feature","properties":{"name":"Verdaguer","code":"6660427","kind":"station","lines":",tmb-metro:L4,tmb-metro:L5,","metro":[{"line":"L4","code":"427"},{"line":"L5","code":"522"}]},"geometry":{"type":"Point","coordinates":[2.16806,41.40037]}},{"type":"Feature","properties":{"name":"Joanic","code":"6660428","kind":"station","lines":",tmb-metro:L4,","metro":[{"line":"L4","code":"428"}]},"geometry":{"type":"Point","coordinates":[2.16323,41.40643]}},{"type":"Feature","properties":{"name":"Alfons X","code":"6660429","kind":"station","lines":",tmb-metro:L4,","metro":[{"line":"L4","code":"429"}]},"geometry":{"type":"Point","coordinates":[2.16638,41.41238]}},{"type":"Feature","properties":{"name":"Guinardó | Hospital de Sant Pau","code":"6660430","kind":"station","lines":",tmb-metro:L4,","metro":[{"line":"L4","code":"430"}]},"geometry":{"type":"Point","coordinates":[2.17399,41.41596]}},{"type":"Feature","properties":{"name":"Maragall","code":"6660431","kind":"station","lines":",tmb-metro:L4,tmb-metro:L5,","metro":[{"line":"L4","code":"431"},{"line":"L5","code":"528"}]},"geometry":{"type":"Point","coordinates":[2.1774,41.4231]}},{"type":"Feature","properties":{"name":"Llucmajor","code":"6660432","kind":"station","lines":",tmb-metro:L4,","metro":[{"line":"L4","code":"432"}]},"geometry":{"type":"Point","coordinates":[2.17334,41.43699]}},{"type":"Feature","properties":{"name":"Via Júlia","code":"6660433","kind":"station","lines":",tmb-metro:L4,","metro":[{"line":"L4","code":"433"}]},"geometry":{"type":"Point","coordinates":[2.17855,41.44373]}},{"type":"Feature","properties":{"name":"El Maresme | Fòrum","code":"6660416","kind":"station","lines":",tmb-metro:L4,","metro":[{"line":"L4","code":"416"}]},"geometry":{"type":"Point","coordinates":[2.21669,41.41178]}},{"type":"Feature","properties":{"name":"Besòs Mar","code":"6660415","kind":"station","lines":",tmb-metro:L4,","metro":[{"line":"L4","code":"415"}]},"geometry":{"type":"Point","coordinates":[2.21608,41.4151]}},{"type":"Feature","properties":{"name":"Besòs","code":"6660414","kind":"station","lines":",tmb-metro:L4,","metro":[{"line":"L4","code":"414"}]},"geometry":{"type":"Point","coordinates":[2.21023,41.4199]}},{"type":"Feature","properties":{"name":"Horta","code":"6660531","kind":"station","lines":",tmb-metro:L5,","metro":[{"line":"L5","code":"531"}]},"geometry":{"type":"Point","coordinates":[2.15997,41.42969]}},{"type":"Feature","properties":{"name":"El Carmel","code":"6660532","kind":"station","lines":",tmb-metro:L5,","metro":[{"line":"L5","code":"532"}]},"geometry":{"type":"Point","coordinates":[2.1551,41.42445]}},{"type":"Feature","properties":{"name":"El Coll | La Teixonera","code":"6660533","kind":"station","lines":",tmb-metro:L5,","metro":[{"line":"L5","code":"533"}]},"geometry":{"type":"Point","coordinates":[2.14835,41.422]}},{"type":"Feature","properties":{"name":"Vilapicina","code":"6660530","kind":"station","lines":",tmb-metro:L5,","metro":[{"line":"L5","code":"530"}]},"geometry":{"type":"Point","coordinates":[2.16762,41.43047]}},{"type":"Feature","properties":{"name":"Virrei Amat","code":"6660529","kind":"station","lines":",tmb-metro:L5,","metro":[{"line":"L5","code":"529"}]},"geometry":{"type":"Point","coordinates":[2.17491,41.4297]}},{"type":"Feature","properties":{"name":"Congrés","code":"6660527","kind":"station","lines":",tmb-metro:L5,","metro":[{"line":"L5","code":"527"}]},"geometry":{"type":"Point","coordinates":[2.18119,41.42344]}},{"type":"Feature","properties":{"name":"Camp de l'Arpa","code":"6660525","kind":"station","lines":",tmb-metro:L5,","metro":[{"line":"L5","code":"525"}]},"geometry":{"type":"Point","coordinates":[2.1815,41.41506]}},{"type":"Feature","properties":{"name":"Sant Pau | Dos de Maig","code":"6660524","kind":"station","lines":",tmb-metro:L5,","metro":[{"line":"L5","code":"524"}]},"geometry":{"type":"Point","coordinates":[2.17602,41.41075]}},{"type":"Feature","properties":{"name":"Hospital Clínic","code":"6660520","kind":"station","lines":",tmb-metro:L5,","metro":[{"line":"L5","code":"520"}]},"geometry":{"type":"Point","coordinates":[2.15108,41.38861]}},{"type":"Feature","properties":{"name":"Entença","code":"6660519","kind":"station","lines":",tmb-metro:L5,","metro":[{"line":"L5","code":"519"}]},"geometry":{"type":"Point","coordinates":[2.14562,41.38447]}},{"type":"Feature","properties":{"name":"Badal","code":"6660516","kind":"station","lines":",tmb-metro:L5,","metro":[{"line":"L5","code":"516"}]},"geometry":{"type":"Point","coordinates":[2.1274,41.37558]}},{"type":"Feature","properties":{"name":"Collblanc","code":"6660515","kind":"station","lines":",tmb-metro:L5,tmb-metro:L9S,tmb-metro:L10S,","metro":[{"line":"L5","code":"515"},{"line":"L9S","code":"916"},{"line":"L10S","code":"916"}]},"geometry":{"type":"Point","coordinates":[2.1184,41.37606]}},{"type":"Feature","properties":{"name":"Ernest Lluch","code":"6660555","kind":"station","lines":",tmb-metro:L5,","metro":[{"line":"L5","code":"555"}]},"geometry":{"type":"Point","coordinates":[2.11203,41.3759]}},{"type":"Feature","properties":{"name":"Pubilla Cases","code":"6660514","kind":"station","lines":",tmb-metro:L5,","metro":[{"line":"L5","code":"514"}]},"geometry":{"type":"Point","coordinates":[2.10721,41.37384]}},{"type":"Feature","properties":{"name":"Can Vidalet","code":"6660513","kind":"station","lines":",tmb-metro:L5,","metro":[{"line":"L5","code":"513"}]},"geometry":{"type":"Point","coordinates":[2.09944,41.37128]}},{"type":"Feature","properties":{"name":"Can Boixeres","code":"6660512","kind":"station","lines":",tmb-metro:L5,","metro":[{"line":"L5","code":"512"}]},"geometry":{"type":"Point","coordinates":[2.09151,41.36657]}},{"type":"Feature","properties":{"name":"Sant Ildefons","code":"6660511","kind":"station","lines":",tmb-metro:L5,","metro":[{"line":"L5","code":"511"}]},"geometry":{"type":"Point","coordinates":[2.08439,41.36338]}},{"type":"Feature","properties":{"name":"Gavarra","code":"6660510","kind":"station","lines":",tmb-metro:L5,","metro":[{"line":"L5","code":"510"}]},"geometry":{"type":"Point","coordinates":[2.07927,41.35799]}},{"type":"Feature","properties":{"name":"Cornellà Centre","code":"6660509","kind":"station","lines":",tmb-metro:L5,","metro":[{"line":"L5","code":"509"}]},"geometry":{"type":"Point","coordinates":[2.07043,41.35729]}},{"type":"Feature","properties":{"name":"Can Zam","code":"6660945","kind":"station","lines":",tmb-metro:L9N,","metro":[{"line":"L9N","code":"945"}]},"geometry":{"type":"Point","coordinates":[2.19857,41.45667]}},{"type":"Feature","properties":{"name":"Singuerlín","code":"6660944","kind":"station","lines":",tmb-metro:L9N,","metro":[{"line":"L9N","code":"944"}]},"geometry":{"type":"Point","coordinates":[2.20543,41.45941]}},{"type":"Feature","properties":{"name":"Església Major","code":"6660943","kind":"station","lines":",tmb-metro:L9N,","metro":[{"line":"L9N","code":"943"}]},"geometry":{"type":"Point","coordinates":[2.21218,41.4548]}},{"type":"Feature","properties":{"name":"Santa Rosa","code":"6660941","kind":"station","lines":",tmb-metro:L9N,","metro":[{"line":"L9N","code":"941"}]},"geometry":{"type":"Point","coordinates":[2.21581,41.44685]}},{"type":"Feature","properties":{"name":"Can Peixauet","code":"6660940","kind":"station","lines":",tmb-metro:L9N,","metro":[{"line":"L9N","code":"940"}]},"geometry":{"type":"Point","coordinates":[2.21003,41.44399]}},{"type":"Feature","properties":{"name":"Bon Pastor","code":"6660933","kind":"station","lines":",tmb-metro:L9N,tmb-metro:L10N,","metro":[{"line":"L9N","code":"933"},{"line":"L10N","code":"933"}]},"geometry":{"type":"Point","coordinates":[2.20529,41.4362]}},{"type":"Feature","properties":{"name":"Onze de Setembre","code":"6660932","kind":"station","lines":",tmb-metro:L9N,tmb-metro:L10N,","metro":[{"line":"L9N","code":"932"},{"line":"L10N","code":"932"}]},"geometry":{"type":"Point","coordinates":[2.19356,41.42956]}},{"type":"Feature","properties":{"name":"Can Tries | Gornal","code":"6660914","kind":"station","lines":",tmb-metro:L9S,tmb-metro:L10S,","metro":[{"line":"L9S","code":"914"},{"line":"L10S","code":"914"}]},"geometry":{"type":"Point","coordinates":[2.11799,41.36089]}},{"type":"Feature","properties":{"name":"Europa | Fira","code":"6660913","kind":"station","lines":",tmb-metro:L9S,","metro":[{"line":"L9S","code":"913"}]},"geometry":{"type":"Point","coordinates":[2.12592,41.35756]}},{"type":"Feature","properties":{"name":"Fira","code":"6660912","kind":"station","lines":",tmb-metro:L9S,","metro":[{"line":"L9S","code":"912"}]},"geometry":{"type":"Point","coordinates":[2.13045,41.35199]}},{"type":"Feature","properties":{"name":"Les Moreres","code":"6660909","kind":"station","lines":",tmb-metro:L9S,","metro":[{"line":"L9S","code":"909"}]},"geometry":{"type":"Point","coordinates":[2.10307,41.32912]}},{"type":"Feature","properties":{"name":"El Prat Estació","code":"6660907","kind":"station","lines":",tmb-metro:L9S,","metro":[{"line":"L9S","code":"907"}]},"geometry":{"type":"Point","coordinates":[2.08993,41.33199]}},{"type":"Feature","properties":{"name":"Cèntric","code":"6660906","kind":"station","lines":",tmb-metro:L9S,","metro":[{"line":"L9S","code":"906"}]},"geometry":{"type":"Point","coordinates":[2.09346,41.32225]}},{"type":"Feature","properties":{"name":"Parc Nou","code":"6660905","kind":"station","lines":",tmb-metro:L9S,","metro":[{"line":"L9S","code":"905"}]},"geometry":{"type":"Point","coordinates":[2.08793,41.31663]}},{"type":"Feature","properties":{"name":"Aeroport T2","code":"6660903","kind":"station","lines":",tmb-metro:L9S,","metro":[{"line":"L9S","code":"903"}]},"geometry":{"type":"Point","coordinates":[2.07311,41.30382]}},{"type":"Feature","properties":{"name":"Aeroport T1","code":"6660901","kind":"station","lines":",tmb-metro:L9S,","metro":[{"line":"L9S","code":"901"}]},"geometry":{"type":"Point","coordinates":[2.07115,41.2883]}},{"type":"Feature","properties":{"name":"Parc Logístic","code":"6660911","kind":"station","lines":",tmb-metro:L9S,","metro":[{"line":"L9S","code":"911"}]},"geometry":{"type":"Point","coordinates":[2.1274,41.34166]}},{"type":"Feature","properties":{"name":"Mercabarna","code":"6660910","kind":"station","lines":",tmb-metro:L9S,","metro":[{"line":"L9S","code":"910"}]},"geometry":{"type":"Point","coordinates":[2.11125,41.33349]}},{"type":"Feature","properties":{"name":"Mas Blau","code":"6660904","kind":"station","lines":",tmb-metro:L9S,","metro":[{"line":"L9S","code":"904"}]},"geometry":{"type":"Point","coordinates":[2.07347,41.31123]}},{"type":"Feature","properties":{"name":"Llefià","code":"6660934","kind":"station","lines":",tmb-metro:L10N,","metro":[{"line":"L10N","code":"934"}]},"geometry":{"type":"Point","coordinates":[2.21691,41.44136]}},{"type":"Feature","properties":{"name":"La Salut","code":"6660935","kind":"station","lines":",tmb-metro:L10N,","metro":[{"line":"L10N","code":"935"}]},"geometry":{"type":"Point","coordinates":[2.22474,41.44282]}},{"type":"Feature","properties":{"name":"Zona Franca","code":"6660954","kind":"station","lines":",tmb-metro:L10S,","metro":[{"line":"L10S","code":"954"}]},"geometry":{"type":"Point","coordinates":[2.14496,41.34298]}},{"type":"Feature","properties":{"name":"Foc","code":"6660956","kind":"station","lines":",tmb-metro:L10S,","metro":[{"line":"L10S","code":"956"}]},"geometry":{"type":"Point","coordinates":[2.1418,41.35616]}},{"type":"Feature","properties":{"name":"Foneria","code":"6660957","kind":"station","lines":",tmb-metro:L10S,","metro":[{"line":"L10S","code":"957"}]},"geometry":{"type":"Point","coordinates":[2.13823,41.3611]}},{"type":"Feature","properties":{"name":"Ciutat de la Justícia","code":"6660958","kind":"station","lines":",tmb-metro:L10S,","metro":[{"line":"L10S","code":"958"}]},"geometry":{"type":"Point","coordinates":[2.13232,41.36314]}},{"type":"Feature","properties":{"name":"Provençana","code":"6660959","kind":"station","lines":",tmb-metro:L10S,","metro":[{"line":"L10S","code":"959"}]},"geometry":{"type":"Point","coordinates":[2.1241,41.36135]}},{"type":"Feature","properties":{"name":"Port Comercial | La Factoria","code":"6660953","kind":"station","lines":",tmb-metro:L10S,","metro":[{"line":"L10S","code":"953"}]},"geometry":{"type":"Point","coordinates":[2.14066,41.33598]}},{"type":"Feature","properties":{"name":"Ecoparc","code":"6660952","kind":"station","lines":",tmb-metro:L10S,","metro":[{"line":"L10S","code":"952"}]},"geometry":{"type":"Point","coordinates":[2.13707,41.33016]}},{"type":"Feature","properties":{"name":"ZAL | Riu Vell","code":"6660951","kind":"station","lines":",tmb-metro:L10S,","metro":[{"line":"L10S","code":"951"}]},"geometry":{"type":"Point","coordinates":[2.1331,41.32371]}},{"type":"Feature","properties":{"name":"Can Cuiàs","code":"6661140","kind":"station","lines":",tmb-metro:L11,","metro":[{"line":"L11","code":"1140"}]},"geometry":{"type":"Point","coordinates":[2.17306,41.46241]}},{"type":"Feature","properties":{"name":"Ciutat Meridiana","code":"6661139","kind":"station","lines":",tmb-metro:L11,","metro":[{"line":"L11","code":"1139"}]},"geometry":{"type":"Point","coordinates":[2.17465,41.46081]}},{"type":"Feature","properties":{"name":"Torre Baró | Vallbona","code":"6661138","kind":"station","lines":",tmb-metro:L11,","metro":[{"line":"L11","code":"1138"}]},"geometry":{"type":"Point","coordinates":[2.17988,41.4592]}},{"type":"Feature","properties":{"name":"Casa de l'Aigua","code":"6661137","kind":"station","lines":",tmb-metro:L11,","metro":[{"line":"L11","code":"1137"}]},"geometry":{"type":"Point","coordinates":[2.18484,41.45128]}},{"type":"Feature","properties":{"name":"Parc de Montjuïc","code":"6669902","kind":"station","lines":",tmb-metro:FM,","metro":[{"line":"FM","code":"9902"}]},"geometry":{"type":"Point","coordinates":[2.16327,41.36896]}},{"type":"Feature","properties":{"name":"Trelawny - Av Litoral - Final de trajecte","code":"1788","kind":"stop","lines":",tmb-bus:D20,"},"geometry":{"type":"Point","coordinates":[2.1946,41.38567]}},{"type":"Feature","properties":{"name":"Hospital del Mar","code":"1284","kind":"stop","lines":",tmb-bus:D20,tmb-bus:47,tmb-bus:59,"},"geometry":{"type":"Point","coordinates":[2.19461,41.38317]}},{"type":"Feature","properties":{"name":"Platja de la Barceloneta","code":"1282","kind":"stop","lines":",tmb-bus:D20,tmb-bus:47,tmb-bus:59,"},"geometry":{"type":"Point","coordinates":[2.19284,41.38031]}},{"type":"Feature","properties":{"name":"Pg Marítim - Pepe Rubianes","code":"1604","kind":"stop","lines":",tmb-bus:D20,tmb-bus:47,tmb-bus:59,"},"geometry":{"type":"Point","coordinates":[2.19213,41.37915]}},{"type":"Feature","properties":{"name":"Pepe Rubianes","code":"3348","kind":"stop","lines":",tmb-bus:D20,tmb-bus:47,tmb-bus:59,"},"geometry":{"type":"Point","coordinates":[2.18969,41.37843]}},{"type":"Feature","properties":{"name":"Pg Joan de Borbó","code":"955","kind":"stop","lines":",tmb-bus:D20,tmb-bus:V15,tmb-bus:V19,tmb-bus:47,tmb-bus:59,"},"geometry":{"type":"Point","coordinates":[2.18743,41.38]}},{"type":"Feature","properties":{"name":"Pla de Palau - Pl Pau Vila","code":"1164","kind":"stop","lines":",tmb-bus:D20,tmb-bus:V15,tmb-bus:V17,tmb-bus:V19,tmb-bus:47,tmb-bus:59,"},"geometry":{"type":"Point","coordinates":[2.18501,41.38255]}},{"type":"Feature","properties":{"name":"Pg Colom - Via Laietana","code":"255","kind":"stop","lines":",tmb-bus:D20,tmb-bus:H14,tmb-bus:59,"},"geometry":{"type":"Point","coordinates":[2.18172,41.38075]}},{"type":"Feature","properties":{"name":"Moll de la Fusta","code":"256","kind":"stop","lines":",tmb-bus:D20,tmb-bus:H14,tmb-bus:59,"},"geometry":{"type":"Point","coordinates":[2.18038,41.3791]}},{"type":"Feature","properties":{"name":"Portal de la Pau","code":"257","kind":"stop","lines":",tmb-bus:D20,tmb-bus:H14,tmb-bus:59,"},"geometry":{"type":"Point","coordinates":[2.17844,41.3767]}},{"type":"Feature","properties":{"name":"Les Drassanes","code":"2617","kind":"stop","lines":",tmb-bus:D20,tmb-bus:H14,"},"geometry":{"type":"Point","coordinates":[2.17675,41.37479]}},{"type":"Feature","properties":{"name":"Paral·lel - Drassanes","code":"1326","kind":"stop","lines":",tmb-bus:D20,tmb-bus:H14,tmb-bus:V11,tmb-bus:21,"},"geometry":{"type":"Point","coordinates":[2.17464,41.37479]}},{"type":"Feature","properties":{"name":"Metro Paral·lel","code":"1004","kind":"stop","lines":",tmb-bus:D20,tmb-bus:H14,tmb-bus:V11,tmb-bus:21,tmb-bus:121,"},"geometry":{"type":"Point","coordinates":[2.17062,41.37503]}},{"type":"Feature","properties":{"name":"Paral·lel - Ronda Sant Pau","code":"140","kind":"stop","lines":",tmb-bus:D20,"},"geometry":{"type":"Point","coordinates":[2.16717,41.37506]}},{"type":"Feature","properties":{"name":"Paral·lel - Marquès de Campo Sagrado","code":"209","kind":"stop","lines":",tmb-bus:D20,"},"geometry":{"type":"Point","coordinates":[2.16372,41.3751]}},{"type":"Feature","properties":{"name":"Paral·lel - Rocafort","code":"377","kind":"stop","lines":",tmb-bus:D20,tmb-bus:V9,tmb-bus:X3,"},"geometry":{"type":"Point","coordinates":[2.1594,41.37511]}},{"type":"Feature","properties":{"name":"Paral·lel - Floridablanca","code":"3390","kind":"stop","lines":",tmb-bus:D20,tmb-bus:H16,"},"geometry":{"type":"Point","coordinates":[2.15494,41.37512]}},{"type":"Feature","properties":{"name":"Paral·lel - Av Mistral","code":"1185","kind":"stop","lines":",tmb-bus:D20,tmb-bus:H16,"},"geometry":{"type":"Point","coordinates":[2.15263,41.37513]}},{"type":"Feature","properties":{"name":"Tarragona - Pl Espanya","code":"3237","kind":"stop","lines":",tmb-bus:D20,tmb-bus:D40,tmb-bus:V7,tmb-bus:109,"},"geometry":{"type":"Point","coordinates":[2.14878,41.37599]}},{"type":"Feature","properties":{"name":"Metro Tarragona","code":"3125","kind":"stop","lines":",tmb-bus:D20,tmb-bus:D40,tmb-bus:V7,tmb-bus:109,"},"geometry":{"type":"Point","coordinates":[2.14526,41.37847]}},{"type":"Feature","properties":{"name":"Pg. Sant Antoni, 53-55","code":"9951","kind":"stop","lines":",tmb-bus:D20,tmb-bus:H10,tmb-bus:27,tmb-bus:78,"},"geometry":{"type":"Point","coordinates":[2.14163,41.37915]}},{"type":"Feature","properties":{"name":"Pl Joan Peiró","code":"3166","kind":"stop","lines":",tmb-bus:D20,tmb-bus:V5,"},"geometry":{"type":"Point","coordinates":[2.13884,41.37855]}},{"type":"Feature","properties":{"name":"Comtes de Bell-lloc - Viriat","code":"3342","kind":"stop","lines":",tmb-bus:D20,tmb-bus:V5,"},"geometry":{"type":"Point","coordinates":[2.13743,41.38045]}},{"type":"Feature","properties":{"name":"Av Madrid - Joan Güell","code":"2690","kind":"stop","lines":",tmb-bus:D20,tmb-bus:54,"},"geometry":{"type":"Point","coordinates":[2.13158,41.38069]}},{"type":"Feature","properties":{"name":"Av Madrid - Carles III","code":"1752","kind":"stop","lines":",tmb-bus:D20,tmb-bus:54,"},"geometry":{"type":"Point","coordinates":[2.12771,41.37871]}},{"type":"Feature","properties":{"name":"Av Madrid - Benavent","code":"1753","kind":"stop","lines":",tmb-bus:D20,tmb-bus:54,"},"geometry":{"type":"Point","coordinates":[2.12541,41.37739]}},{"type":"Feature","properties":{"name":"Arizala - Les Corts","code":"1373","kind":"stop","lines":",tmb-bus:D20,tmb-bus:52,tmb-bus:54,"},"geometry":{"type":"Point","coordinates":[2.12369,41.37857]}},{"type":"Feature","properties":{"name":"Les Corts - Aurora Bertrana","code":"1713","kind":"stop","lines":",tmb-bus:D20,tmb-bus:H8,tmb-bus:54,tmb-bus:157,"},"geometry":{"type":"Point","coordinates":[2.11982,41.37706]}},{"type":"Feature","properties":{"name":"Collblanc - Cardenal Reig","code":"1259","kind":"stop","lines":",tmb-bus:D20,tmb-bus:H8,tmb-bus:54,tmb-bus:157,"},"geometry":{"type":"Point","coordinates":[2.11464,41.37592]}},{"type":"Feature","properties":{"name":"Camí de la Torre Melina - Av de Xile","code":"1649","kind":"stop","lines":",tmb-bus:D20,tmb-bus:H8,"},"geometry":{"type":"Point","coordinates":[2.11223,41.37634]}},{"type":"Feature","properties":{"name":"Ernest Lluch - Final de trajecte","code":"3286","kind":"stop","lines":",tmb-bus:D20,"},"geometry":{"type":"Point","coordinates":[2.11216,41.37622]}},{"type":"Feature","properties":{"name":"Cardenal Reig - Pisuerga","code":"2984","kind":"stop","lines":",tmb-bus:D20,tmb-bus:H8,tmb-bus:54,"},"geometry":{"type":"Point","coordinates":[2.11478,41.37717]}},{"type":"Feature","properties":{"name":"Av Sant Ramon Nonat - Cardenal Reig","code":"778","kind":"stop","lines":",tmb-bus:D20,"},"geometry":{"type":"Point","coordinates":[2.11645,41.37743]}},{"type":"Feature","properties":{"name":"Metro Collblanc","code":"3473","kind":"stop","lines":",tmb-bus:D20,tmb-bus:157,"},"geometry":{"type":"Point","coordinates":[2.11851,41.3757]}},{"type":"Feature","properties":{"name":"Av Madrid - Comte de Güell","code":"1754","kind":"stop","lines":",tmb-bus:D20,tmb-bus:54,"},"geometry":{"type":"Point","coordinates":[2.12366,41.37613]}},{"type":"Feature","properties":{"name":"Av Madrid - Arizala","code":"263","kind":"stop","lines":",tmb-bus:D20,tmb-bus:54,tmb-bus:175,"},"geometry":{"type":"Point","coordinates":[2.12515,41.37704]}},{"type":"Feature","properties":{"name":"Av Madrid - Carles III","code":"479","kind":"stop","lines":",tmb-bus:D20,tmb-bus:54,"},"geometry":{"type":"Point","coordinates":[2.12847,41.37893]}},{"type":"Feature","properties":{"name":"Av Madrid - Joan Güell","code":"1576","kind":"stop","lines":",tmb-bus:D20,tmb-bus:54,"},"geometry":{"type":"Point","coordinates":[2.13281,41.38082]}},{"type":"Feature","properties":{"name":"Pl del Centre","code":"1578","kind":"stop","lines":",tmb-bus:D20,tmb-bus:54,"},"geometry":{"type":"Point","coordinates":[2.13606,41.38188]}},{"type":"Feature","properties":{"name":"Numància - Berlín","code":"629","kind":"stop","lines":",tmb-bus:D20,tmb-bus:V7,tmb-bus:78,"},"geometry":{"type":"Point","coordinates":[2.13945,41.38276]}},{"type":"Feature","properties":{"name":"Numància - Av Roma","code":"2270","kind":"stop","lines":",tmb-bus:D20,tmb-bus:V7,tmb-bus:78,tmb-bus:115,"},"geometry":{"type":"Point","coordinates":[2.14134,41.38121]}},{"type":"Feature","properties":{"name":"Tarragona - Mallorca","code":"3875","kind":"stop","lines":",tmb-bus:D20,tmb-bus:V5,tmb-bus:109,tmb-bus:115,"},"geometry":{"type":"Point","coordinates":[2.14339,41.37974]}},{"type":"Feature","properties":{"name":"Metro Tarragona","code":"1499","kind":"stop","lines":",tmb-bus:D20,tmb-bus:V5,tmb-bus:109,tmb-bus:115,"},"geometry":{"type":"Point","coordinates":[2.14521,41.37837]}},{"type":"Feature","properties":{"name":"Tarragona - Parc de Joan Miró","code":"320","kind":"stop","lines":",tmb-bus:D20,tmb-bus:109,"},"geometry":{"type":"Point","coordinates":[2.14742,41.3767]}},{"type":"Feature","properties":{"name":"Paral·lel - Pl Espanya","code":"3935","kind":"stop","lines":",tmb-bus:D20,tmb-bus:H12,tmb-bus:H16,tmb-bus:X2,tmb-bus:13,tmb-bus:46,tmb-bus:52,tmb-bus:65,tmb-bus:91,"},"geometry":{"type":"Point","coordinates":[2.15096,41.37491]}},{"type":"Feature","properties":{"name":"Paral·lel - Tamarit","code":"1367","kind":"stop","lines":",tmb-bus:D20,"},"geometry":{"type":"Point","coordinates":[2.15547,41.37489]}},{"type":"Feature","properties":{"name":"Metro Poble Sec","code":"1620","kind":"stop","lines":",tmb-bus:D20,tmb-bus:X3,"},"geometry":{"type":"Point","coordinates":[2.1599,41.37488]}},{"type":"Feature","properties":{"name":"Paral·lel - Margarit","code":"770","kind":"stop","lines":",tmb-bus:D20,tmb-bus:D50,tmb-bus:H14,tmb-bus:V11,tmb-bus:21,"},"geometry":{"type":"Point","coordinates":[2.16451,41.37487]}},{"type":"Feature","properties":{"name":"Paral·lel - Vila i Vilà","code":"1061","kind":"stop","lines":",tmb-bus:D20,tmb-bus:D50,tmb-bus:H14,tmb-bus:V11,tmb-bus:X3,tmb-bus:21,"},"geometry":{"type":"Point","coordinates":[2.16704,41.37486]}},{"type":"Feature","properties":{"name":"Paral·lel - Cabanes","code":"722","kind":"stop","lines":",tmb-bus:D20,tmb-bus:H14,tmb-bus:V11,tmb-bus:21,"},"geometry":{"type":"Point","coordinates":[2.17064,41.37479]}},{"type":"Feature","properties":{"name":"Paral·lel - Drassanes","code":"723","kind":"stop","lines":",tmb-bus:D20,tmb-bus:H14,tmb-bus:V11,tmb-bus:21,"},"geometry":{"type":"Point","coordinates":[2.1748,41.37451]}},{"type":"Feature","properties":{"name":"Les Drassanes","code":"2618","kind":"stop","lines":",tmb-bus:D20,tmb-bus:H14,"},"geometry":{"type":"Point","coordinates":[2.17714,41.3748]}},{"type":"Feature","properties":{"name":"Portal de la Pau","code":"252","kind":"stop","lines":",tmb-bus:D20,tmb-bus:H14,tmb-bus:120,"},"geometry":{"type":"Point","coordinates":[2.17854,41.3767]}},{"type":"Feature","properties":{"name":"Moll de la Fusta","code":"253","kind":"stop","lines":",tmb-bus:D20,tmb-bus:H14,tmb-bus:120,"},"geometry":{"type":"Point","coordinates":[2.18028,41.37885]}},{"type":"Feature","properties":{"name":"Pg Colom - Via Laietana","code":"254","kind":"stop","lines":",tmb-bus:D20,tmb-bus:H14,tmb-bus:120,"},"geometry":{"type":"Point","coordinates":[2.18192,41.38089]}},{"type":"Feature","properties":{"name":"Pla de Palau","code":"1476","kind":"stop","lines":",tmb-bus:D20,tmb-bus:V17,tmb-bus:V19,tmb-bus:120,"},"geometry":{"type":"Point","coordinates":[2.18413,41.38208]}},{"type":"Feature","properties":{"name":"Pg Joan de Borbó","code":"956","kind":"stop","lines":",tmb-bus:D20,tmb-bus:V15,tmb-bus:V19,tmb-bus:47,tmb-bus:59,"},"geometry":{"type":"Point","coordinates":[2.18726,41.37983]}},{"type":"Feature","properties":{"name":"Pepe Rubianes","code":"1605","kind":"stop","lines":",tmb-bus:D20,tmb-bus:47,tmb-bus:59,"},"geometry":{"type":"Point","coordinates":[2.19007,41.37839]}},{"type":"Feature","properties":{"name":"Pg Marítim - Pepe Rubianes","code":"1606","kind":"stop","lines":",tmb-bus:D20,tmb-bus:47,tmb-bus:59,"},"geometry":{"type":"Point","coordinates":[2.1923,41.37917]}},{"type":"Feature","properties":{"name":"Platja de la Barceloneta","code":"1283","kind":"stop","lines":",tmb-bus:D20,tmb-bus:47,tmb-bus:59,"},"geometry":{"type":"Point","coordinates":[2.19313,41.38051]}},{"type":"Feature","properties":{"name":"Hospital del Mar","code":"273","kind":"stop","lines":",tmb-bus:D20,tmb-bus:47,tmb-bus:59,"},"geometry":{"type":"Point","coordinates":[2.19502,41.38358]}},{"type":"Feature","properties":{"name":"Creu Coberta - Pl Espanya","code":"180","kind":"stop","lines":",tmb-bus:D20,tmb-bus:52,"},"geometry":{"type":"Point","coordinates":[2.14754,41.37522]}},{"type":"Feature","properties":{"name":"Metro Hostafrancs","code":"181","kind":"stop","lines":",tmb-bus:D20,tmb-bus:52,"},"geometry":{"type":"Point","coordinates":[2.14456,41.37528]}},{"type":"Feature","properties":{"name":"Sants - Premià","code":"1365","kind":"stop","lines":",tmb-bus:D20,tmb-bus:52,"},"geometry":{"type":"Point","coordinates":[2.13931,41.37539]}},{"type":"Feature","properties":{"name":"Metro Pl de Sants","code":"1364","kind":"stop","lines":",tmb-bus:D20,tmb-bus:52,"},"geometry":{"type":"Point","coordinates":[2.1366,41.37544]}},{"type":"Feature","properties":{"name":"Pl de Sants","code":"1767","kind":"stop","lines":",tmb-bus:D20,tmb-bus:52,"},"geometry":{"type":"Point","coordinates":[2.13427,41.37549]}},{"type":"Feature","properties":{"name":"Sants - Rambla del Brasil","code":"1768","kind":"stop","lines":",tmb-bus:D20,tmb-bus:52,"},"geometry":{"type":"Point","coordinates":[2.13103,41.37556]}},{"type":"Feature","properties":{"name":"Metro Badal","code":"1756","kind":"stop","lines":",tmb-bus:D20,tmb-bus:52,"},"geometry":{"type":"Point","coordinates":[2.1288,41.3756]}},{"type":"Feature","properties":{"name":"Arizala - Av Madrid","code":"856","kind":"stop","lines":",tmb-bus:D20,tmb-bus:52,"},"geometry":{"type":"Point","coordinates":[2.1251,41.37642]}},{"type":"Feature","properties":{"name":"Sants - Munné","code":"1755","kind":"stop","lines":",tmb-bus:D20,tmb-bus:52,"},"geometry":{"type":"Point","coordinates":[2.12287,41.37561]}},{"type":"Feature","properties":{"name":"Metro Badal","code":"1766","kind":"stop","lines":",tmb-bus:D20,tmb-bus:52,"},"geometry":{"type":"Point","coordinates":[2.12796,41.3755]}},{"type":"Feature","properties":{"name":"Sants - Badal","code":"707","kind":"stop","lines":",tmb-bus:D20,tmb-bus:52,"},"geometry":{"type":"Point","coordinates":[2.13188,41.37542]}},{"type":"Feature","properties":{"name":"Pl de Sants","code":"708","kind":"stop","lines":",tmb-bus:D20,tmb-bus:52,"},"geometry":{"type":"Point","coordinates":[2.13432,41.37537]}},{"type":"Feature","properties":{"name":"Metro Pl de Sants","code":"584","kind":"stop","lines":",tmb-bus:D20,tmb-bus:V5,tmb-bus:52,"},"geometry":{"type":"Point","coordinates":[2.13681,41.37531]}},{"type":"Feature","properties":{"name":"Sants - Gayarre","code":"179","kind":"stop","lines":",tmb-bus:D20,tmb-bus:V5,tmb-bus:52,"},"geometry":{"type":"Point","coordinates":[2.13966,41.37526]}},{"type":"Feature","properties":{"name":"Metro Hostafrancs","code":"391","kind":"stop","lines":",tmb-bus:D20,tmb-bus:52,"},"geometry":{"type":"Point","coordinates":[2.1449,41.37515]}},{"type":"Feature","properties":{"name":"Creu Coberta - Pl Espanya","code":"392","kind":"stop","lines":",tmb-bus:D20,tmb-bus:52,"},"geometry":{"type":"Point","coordinates":[2.14685,41.37512]}},{"type":"Feature","properties":{"name":"Diputació - Vilamarí - Final de trajecte","code":"3763","kind":"stop","lines":",tmb-bus:D40,"},"geometry":{"type":"Point","coordinates":[2.14974,41.37745]}},{"type":"Feature","properties":{"name":"Av Roma - Tarragona","code":"777","kind":"stop","lines":",tmb-bus:D40,tmb-bus:H10,tmb-bus:V7,tmb-bus:27,tmb-bus:78,tmb-bus:109,tmb-bus:115,"},"geometry":{"type":"Point","coordinates":[2.14361,41.38047]}},{"type":"Feature","properties":{"name":"Josep Tarradellas - Rosselló","code":"217","kind":"stop","lines":",tmb-bus:D40,tmb-bus:27,"},"geometry":{"type":"Point","coordinates":[2.1427,41.38289]}},{"type":"Feature","properties":{"name":"Josep Tarradellas - París","code":"1253","kind":"stop","lines":",tmb-bus:D40,tmb-bus:H8,tmb-bus:27,tmb-bus:59,"},"geometry":{"type":"Point","coordinates":[2.14298,41.38641]}},{"type":"Feature","properties":{"name":"Josep Tarradellas - Viladomat","code":"1554","kind":"stop","lines":",tmb-bus:D40,tmb-bus:H8,tmb-bus:V9,tmb-bus:27,tmb-bus:59,"},"geometry":{"type":"Point","coordinates":[2.14356,41.3892]}},{"type":"Feature","properties":{"name":"Josep Tarradellas - Av de Sarrià","code":"136","kind":"stop","lines":",tmb-bus:D40,tmb-bus:27,tmb-bus:59,"},"geometry":{"type":"Point","coordinates":[2.14405,41.39096]}},{"type":"Feature","properties":{"name":"Buenos Aires - Comte d'Urgell","code":"1546","kind":"stop","lines":",tmb-bus:D40,tmb-bus:27,"},"geometry":{"type":"Point","coordinates":[2.14662,41.39202]}},{"type":"Feature","properties":{"name":"Casanova, 211-268","code":"8869","kind":"stop","lines":",tmb-bus:D40,tmb-bus:V11,tmb-bus:27,tmb-bus:68,"},"geometry":{"type":"Point","coordinates":[2.14706,41.39432]}},{"type":"Feature","properties":{"name":"Trav de Gràcia - Balmes","code":"1525","kind":"stop","lines":",tmb-bus:D40,tmb-bus:27,"},"geometry":{"type":"Point","coordinates":[2.15237,41.39781]}},{"type":"Feature","properties":{"name":"Pl Gal·la Placídia","code":"1262","kind":"stop","lines":",tmb-bus:D40,tmb-bus:V15,tmb-bus:V17,tmb-bus:22,tmb-bus:24,tmb-bus:27,"},"geometry":{"type":"Point","coordinates":[2.15208,41.3999]}},{"type":"Feature","properties":{"name":"Av Riera de Cassoles - Rambla de Prat","code":"120","kind":"stop","lines":",tmb-bus:D40,tmb-bus:V17,tmb-bus:22,tmb-bus:24,tmb-bus:27,"},"geometry":{"type":"Point","coordinates":[2.15123,41.40153]}},{"type":"Feature","properties":{"name":"Av Riera de Cassoles - Carolines","code":"1123","kind":"stop","lines":",tmb-bus:D40,tmb-bus:V17,tmb-bus:22,tmb-bus:24,tmb-bus:27,"},"geometry":{"type":"Point","coordinates":[2.15008,41.40364]}},{"type":"Feature","properties":{"name":"Av Riera de Cassoles - Pl Lesseps","code":"1118","kind":"stop","lines":",tmb-bus:D40,tmb-bus:V17,tmb-bus:22,tmb-bus:24,tmb-bus:27,"},"geometry":{"type":"Point","coordinates":[2.15013,41.40574]}},{"type":"Feature","properties":{"name":"Trav de Dalt - La Granja","code":"505","kind":"stop","lines":",tmb-bus:D40,tmb-bus:H6,tmb-bus:24,"},"geometry":{"type":"Point","coordinates":[2.15353,41.40884]}},{"type":"Feature","properties":{"name":"Trav de Dalt - Torrent de les Flors","code":"368","kind":"stop","lines":",tmb-bus:D40,tmb-bus:H6,tmb-bus:24,"},"geometry":{"type":"Point","coordinates":[2.15664,41.41046]}},{"type":"Feature","properties":{"name":"Camèlies - Pau Alsina","code":"1328","kind":"stop","lines":",tmb-bus:D40,tmb-bus:24,tmb-bus:39,"},"geometry":{"type":"Point","coordinates":[2.15977,41.41135]}},{"type":"Feature","properties":{"name":"Camèlies - Praga","code":"1086","kind":"stop","lines":",tmb-bus:D40,tmb-bus:39,"},"geometry":{"type":"Point","coordinates":[2.16295,41.41308]}},{"type":"Feature","properties":{"name":"Pl de la Font Castellana","code":"245","kind":"stop","lines":",tmb-bus:D40,tmb-bus:39,"},"geometry":{"type":"Point","coordinates":[2.16688,41.41516]}},{"type":"Feature","properties":{"name":"Av Mare de Déu de Montserrat - Cartagena","code":"495","kind":"stop","lines":",tmb-bus:D40,tmb-bus:V23,tmb-bus:39,"},"geometry":{"type":"Point","coordinates":[2.16989,41.41605]}},{"type":"Feature","properties":{"name":"Av Mare de Déu de Montserrat - La Bisbal","code":"626","kind":"stop","lines":",tmb-bus:D40,tmb-bus:V23,tmb-bus:39,"},"geometry":{"type":"Point","coordinates":[2.1717,41.41799]}},{"type":"Feature","properties":{"name":"Av Mare de Déu de Montserrat - Periodistes","code":"1412","kind":"stop","lines":",tmb-bus:D40,"},"geometry":{"type":"Point","coordinates":[2.17428,41.42169]}},{"type":"Feature","properties":{"name":"Rda Guinardó - Torre dels Pardals - Maragall","code":"2758","kind":"stop","lines":",tmb-bus:D40,tmb-bus:H6,tmb-bus:117,"},"geometry":{"type":"Point","coordinates":[2.17733,41.42217]}},{"type":"Feature","properties":{"name":"Metro Maragall","code":"1887","kind":"stop","lines":",tmb-bus:D40,tmb-bus:D50,tmb-bus:H6,tmb-bus:47,"},"geometry":{"type":"Point","coordinates":[2.17742,41.42475]}},{"type":"Feature","properties":{"name":"Ramon Albó - Alexandre Galí","code":"1907","kind":"stop","lines":",tmb-bus:D40,tmb-bus:D50,tmb-bus:H6,tmb-bus:47,tmb-bus:122,"},"geometry":{"type":"Point","coordinates":[2.17728,41.42665]}},{"type":"Feature","properties":{"name":"Arnau d'Oms - La Jota","code":"1906","kind":"stop","lines":",tmb-bus:D40,tmb-bus:D50,tmb-bus:V27,tmb-bus:47,tmb-bus:132,"},"geometry":{"type":"Point","coordinates":[2.17742,41.42931]}},{"type":"Feature","properties":{"name":"Doctor Pi i Molist - Pl Virrei Amat","code":"772","kind":"stop","lines":",tmb-bus:D40,tmb-bus:D50,tmb-bus:V29,tmb-bus:47,"},"geometry":{"type":"Point","coordinates":[2.17462,41.43084]}},{"type":"Feature","properties":{"name":"Doctor Pi i Molist - Maladeta","code":"1510","kind":"stop","lines":",tmb-bus:D40,tmb-bus:D50,tmb-bus:V29,tmb-bus:47,"},"geometry":{"type":"Point","coordinates":[2.17316,41.43349]}},{"type":"Feature","properties":{"name":"Pla de las Madres de la Plaza de Mayo","code":"1511","kind":"stop","lines":",tmb-bus:D40,tmb-bus:D50,tmb-bus:V29,tmb-bus:47,tmb-bus:182,"},"geometry":{"type":"Point","coordinates":[2.17223,41.43522]}},{"type":"Feature","properties":{"name":"Pg Verdum - Pl Jardins d'Alfàbia - Llucmajor","code":"803","kind":"stop","lines":",tmb-bus:D40,tmb-bus:D50,tmb-bus:V29,tmb-bus:47,tmb-bus:182,"},"geometry":{"type":"Point","coordinates":[2.17348,41.43694]}},{"type":"Feature","properties":{"name":"Artesania - Pl de la República","code":"973","kind":"stop","lines":",tmb-bus:D40,tmb-bus:V29,tmb-bus:134,"},"geometry":{"type":"Point","coordinates":[2.17472,41.43947]}},{"type":"Feature","properties":{"name":"Artesania - Góngora","code":"974","kind":"stop","lines":",tmb-bus:D40,tmb-bus:V29,tmb-bus:134,"},"geometry":{"type":"Point","coordinates":[2.17281,41.44184]}},{"type":"Feature","properties":{"name":"Artesania - Via Favència","code":"3514","kind":"stop","lines":",tmb-bus:D40,tmb-bus:V29,tmb-bus:134,"},"geometry":{"type":"Point","coordinates":[2.17199,41.44309]}},{"type":"Feature","properties":{"name":"Rda Guineueta Vella - Final de trajecte","code":"3515","kind":"stop","lines":",tmb-bus:D40,"},"geometry":{"type":"Point","coordinates":[2.16975,41.44395]}},{"type":"Feature","properties":{"name":"Antonio Machado - Artesania","code":"20","kind":"stop","lines":",tmb-bus:D40,tmb-bus:27,"},"geometry":{"type":"Point","coordinates":[2.17082,41.44438]}},{"type":"Feature","properties":{"name":"Via Favència - IES Guineueta","code":"1172","kind":"stop","lines":",tmb-bus:D40,tmb-bus:60,"},"geometry":{"type":"Point","coordinates":[2.17226,41.44345]}},{"type":"Feature","properties":{"name":"Almansa - Via Favència","code":"975","kind":"stop","lines":",tmb-bus:D40,tmb-bus:V29,tmb-bus:134,"},"geometry":{"type":"Point","coordinates":[2.17434,41.44398]}},{"type":"Feature","properties":{"name":"Almansa - Joan Riera","code":"1549","kind":"stop","lines":",tmb-bus:D40,tmb-bus:V29,tmb-bus:134,"},"geometry":{"type":"Point","coordinates":[2.17555,41.44244]}},{"type":"Feature","properties":{"name":"Via Júlia - Font de Canyelles","code":"804","kind":"stop","lines":",tmb-bus:D40,tmb-bus:D50,tmb-bus:H2,tmb-bus:V29,tmb-bus:76,tmb-bus:134,"},"geometry":{"type":"Point","coordinates":[2.17625,41.44042]}},{"type":"Feature","properties":{"name":"Pg Verdum - Pl de la República - Llucmajor","code":"819","kind":"stop","lines":",tmb-bus:D40,tmb-bus:D50,tmb-bus:V29,tmb-bus:47,tmb-bus:182,"},"geometry":{"type":"Point","coordinates":[2.17405,41.43776]}},{"type":"Feature","properties":{"name":"Pg Verdum - Doctor Pi i Molist","code":"306","kind":"stop","lines":",tmb-bus:D40,tmb-bus:D50,tmb-bus:V29,tmb-bus:47,tmb-bus:182,"},"geometry":{"type":"Point","coordinates":[2.17238,41.43587]}},{"type":"Feature","properties":{"name":"Doctor Pi i Molist - Orduña","code":"773","kind":"stop","lines":",tmb-bus:D40,tmb-bus:D50,tmb-bus:V29,tmb-bus:47,tmb-bus:182,"},"geometry":{"type":"Point","coordinates":[2.17306,41.43342]}},{"type":"Feature","properties":{"name":"Doctor Pi i Molist - Fabra i Puig","code":"1589","kind":"stop","lines":",tmb-bus:D40,tmb-bus:D50,tmb-bus:V29,tmb-bus:47,tmb-bus:132,"},"geometry":{"type":"Point","coordinates":[2.17449,41.43077]}},{"type":"Feature","properties":{"name":"Av dels Quinze - Costa i Cuxart","code":"1958","kind":"stop","lines":",tmb-bus:D40,tmb-bus:D50,tmb-bus:47,"},"geometry":{"type":"Point","coordinates":[2.1747,41.4281]}},{"type":"Feature","properties":{"name":"Av dels Quinze - Pg Maragall","code":"1095","kind":"stop","lines":",tmb-bus:D40,tmb-bus:D50,tmb-bus:H6,tmb-bus:47,tmb-bus:122,"},"geometry":{"type":"Point","coordinates":[2.17587,41.4264]}},{"type":"Feature","properties":{"name":"Metro Maragall","code":"820","kind":"stop","lines":",tmb-bus:D40,"},"geometry":{"type":"Point","coordinates":[2.17613,41.42452]}},{"type":"Feature","properties":{"name":"Av Mare de Déu de Montserrat - Periodistes","code":"823","kind":"stop","lines":",tmb-bus:D40,tmb-bus:117,"},"geometry":{"type":"Point","coordinates":[2.17412,41.42168]}},{"type":"Feature","properties":{"name":"Pl del Nen de la Rutlla","code":"437","kind":"stop","lines":",tmb-bus:D40,tmb-bus:V23,tmb-bus:39,"},"geometry":{"type":"Point","coordinates":[2.17194,41.41858]}},{"type":"Feature","properties":{"name":"Av Mare de Déu de Montserrat - Gènova","code":"459","kind":"stop","lines":",tmb-bus:D40,tmb-bus:V23,tmb-bus:39,"},"geometry":{"type":"Point","coordinates":[2.17013,41.4165]}},{"type":"Feature","properties":{"name":"Av Mare de Déu de Montserrat - Francesc Alegre","code":"460","kind":"stop","lines":",tmb-bus:D40,tmb-bus:39,tmb-bus:191,"},"geometry":{"type":"Point","coordinates":[2.16773,41.41573]}},{"type":"Feature","properties":{"name":"Av Mare de Déu de Montserrat - França","code":"447","kind":"stop","lines":",tmb-bus:D40,tmb-bus:39,tmb-bus:191,"},"geometry":{"type":"Point","coordinates":[2.16489,41.41483]}},{"type":"Feature","properties":{"name":"Av Mare de Déu de Montserrat - Praga","code":"1316","kind":"stop","lines":",tmb-bus:D40,tmb-bus:V19,tmb-bus:39,tmb-bus:114,tmb-bus:191,"},"geometry":{"type":"Point","coordinates":[2.1623,41.41418]}},{"type":"Feature","properties":{"name":"Trav de Dalt - Riera de Can Toda","code":"2776","kind":"stop","lines":",tmb-bus:D40,tmb-bus:24,"},"geometry":{"type":"Point","coordinates":[2.15923,41.41239]}},{"type":"Feature","properties":{"name":"CAP Larrard","code":"2777","kind":"stop","lines":",tmb-bus:D40,tmb-bus:H6,tmb-bus:24,"},"geometry":{"type":"Point","coordinates":[2.15635,41.41058]}},{"type":"Feature","properties":{"name":"Trav de Dalt - Verdi","code":"1513","kind":"stop","lines":",tmb-bus:D40,tmb-bus:H6,tmb-bus:24,"},"geometry":{"type":"Point","coordinates":[2.15302,41.4089]}},{"type":"Feature","properties":{"name":"Pl Lesseps - Riera de Vallcarca","code":"1122","kind":"stop","lines":",tmb-bus:D40,tmb-bus:H6,tmb-bus:24,"},"geometry":{"type":"Point","coordinates":[2.14951,41.40674]}},{"type":"Feature","properties":{"name":"Guillem Tell - Av Riera de Cassoles","code":"1580","kind":"stop","lines":",tmb-bus:D40,tmb-bus:27,"},"geometry":{"type":"Point","coordinates":[2.149,41.4028]}},{"type":"Feature","properties":{"name":"Balmes - Via Augusta","code":"336","kind":"stop","lines":",tmb-bus:D40,tmb-bus:V15,tmb-bus:27,"},"geometry":{"type":"Point","coordinates":[2.14789,41.40086]}},{"type":"Feature","properties":{"name":"Balmes - Trav de Gràcia","code":"1390","kind":"stop","lines":",tmb-bus:D40,tmb-bus:V15,tmb-bus:27,"},"geometry":{"type":"Point","coordinates":[2.15113,41.39828]}},{"type":"Feature","properties":{"name":"Travessera de Gràcia - Muntaner","code":"3557","kind":"stop","lines":",tmb-bus:D40,tmb-bus:27,"},"geometry":{"type":"Point","coordinates":[2.14873,41.39565]}},{"type":"Feature","properties":{"name":"Travessera de Gràcia - Calvet","code":"3558","kind":"stop","lines":",tmb-bus:D40,tmb-bus:27,"},"geometry":{"type":"Point","coordinates":[2.14544,41.39348]}},{"type":"Feature","properties":{"name":"Josep Tarradellas - Francesc Macià","code":"65","kind":"stop","lines":",tmb-bus:D40,tmb-bus:H8,tmb-bus:V9,tmb-bus:27,"},"geometry":{"type":"Point","coordinates":[2.14375,41.3916]}},{"type":"Feature","properties":{"name":"Josep Tarradellas - Av Sarrià","code":"375","kind":"stop","lines":",tmb-bus:D40,tmb-bus:27,"},"geometry":{"type":"Point","coordinates":[2.14314,41.38951]}},{"type":"Feature","properties":{"name":"Josep Tarradellas - Entença","code":"397","kind":"stop","lines":",tmb-bus:D40,tmb-bus:27,"},"geometry":{"type":"Point","coordinates":[2.14248,41.3864]}},{"type":"Feature","properties":{"name":"Josep Tarradellas - Numància","code":"1414","kind":"stop","lines":",tmb-bus:D40,tmb-bus:27,"},"geometry":{"type":"Point","coordinates":[2.14209,41.38116]}},{"type":"Feature","properties":{"name":"València - Tarragona","code":"3762","kind":"stop","lines":",tmb-bus:D40,tmb-bus:V7,"},"geometry":{"type":"Point","coordinates":[2.14556,41.37925]}},{"type":"Feature","properties":{"name":"Centre Esportiu Ciutat Meridiana - Final trajecte","code":"1595","kind":"stop","lines":",tmb-bus:D50,"},"geometry":{"type":"Point","coordinates":[2.17626,41.45933]}},{"type":"Feature","properties":{"name":"Vallcivera - Pl Roja","code":"1705","kind":"stop","lines":",tmb-bus:D50,tmb-bus:62,tmb-bus:76,tmb-bus:183,"},"geometry":{"type":"Point","coordinates":[2.1794,41.46118]}},{"type":"Feature","properties":{"name":"Av de Vallbona - CAP Ctat Meridiana","code":"2281","kind":"stop","lines":",tmb-bus:D50,tmb-bus:76,tmb-bus:180,tmb-bus:183,"},"geometry":{"type":"Point","coordinates":[2.18071,41.46093]}},{"type":"Feature","properties":{"name":"Av de Vallbona","code":"2282","kind":"stop","lines":",tmb-bus:D50,tmb-bus:76,"},"geometry":{"type":"Point","coordinates":[2.18395,41.45837]}},{"type":"Feature","properties":{"name":"Aiguablava - Sa Tuna","code":"3769","kind":"stop","lines":",tmb-bus:D50,tmb-bus:76,tmb-bus:180,"},"geometry":{"type":"Point","coordinates":[2.18653,41.45273]}},{"type":"Feature","properties":{"name":"S'Agaró - Sa Tuna","code":"1622","kind":"stop","lines":",tmb-bus:D50,tmb-bus:H2,tmb-bus:76,"},"geometry":{"type":"Point","coordinates":[2.18792,41.45141]}},{"type":"Feature","properties":{"name":"S'Agaró - Llosa","code":"1168","kind":"stop","lines":",tmb-bus:D50,tmb-bus:H2,tmb-bus:76,"},"geometry":{"type":"Point","coordinates":[2.18754,41.44924]}},{"type":"Feature","properties":{"name":"Tamariu - Palamós","code":"82","kind":"stop","lines":",tmb-bus:D50,tmb-bus:H2,tmb-bus:76,"},"geometry":{"type":"Point","coordinates":[2.18543,41.4495]}},{"type":"Feature","properties":{"name":"Aiguablava - Tamariu - Trinitat Nova","code":"2985","kind":"stop","lines":",tmb-bus:D50,tmb-bus:H2,tmb-bus:76,tmb-bus:127,tmb-bus:180,"},"geometry":{"type":"Point","coordinates":[2.18406,41.45011]}},{"type":"Feature","properties":{"name":"Aiguablava - Pedrosa","code":"752","kind":"stop","lines":",tmb-bus:D50,tmb-bus:H2,tmb-bus:V29,tmb-bus:76,tmb-bus:127,tmb-bus:180,"},"geometry":{"type":"Point","coordinates":[2.18214,41.44892]}},{"type":"Feature","properties":{"name":"Aiguablava - Nou Barris","code":"1548","kind":"stop","lines":",tmb-bus:D50,tmb-bus:H2,tmb-bus:V29,tmb-bus:76,tmb-bus:127,tmb-bus:134,"},"geometry":{"type":"Point","coordinates":[2.1805,41.44738]}},{"type":"Feature","properties":{"name":"Via Júlia - Ptge Quintana","code":"810","kind":"stop","lines":",tmb-bus:D50,tmb-bus:H2,tmb-bus:76,"},"geometry":{"type":"Point","coordinates":[2.17894,41.445]}},{"type":"Feature","properties":{"name":"Metro Via Júlia - Pl Francesc Layret","code":"808","kind":"stop","lines":",tmb-bus:D50,tmb-bus:H2,tmb-bus:76,"},"geometry":{"type":"Point","coordinates":[2.17787,41.44252]}},{"type":"Feature","properties":{"name":"Pg Maragall - Rda Guinardó","code":"1232","kind":"stop","lines":",tmb-bus:D50,tmb-bus:H6,tmb-bus:V25,tmb-bus:19,tmb-bus:47,"},"geometry":{"type":"Point","coordinates":[2.17709,41.42424]}},{"type":"Feature","properties":{"name":"Pg Maragall - Segle XX","code":"1345","kind":"stop","lines":",tmb-bus:D50,tmb-bus:V25,tmb-bus:19,tmb-bus:47,tmb-bus:117,"},"geometry":{"type":"Point","coordinates":[2.17909,41.42208]}},{"type":"Feature","properties":{"name":"Pl Maragall - Xiprer","code":"1660","kind":"stop","lines":",tmb-bus:D50,tmb-bus:19,tmb-bus:47,"},"geometry":{"type":"Point","coordinates":[2.18048,41.41888]}},{"type":"Feature","properties":{"name":"Sant Antoni Maria Claret - Rambla Volart","code":"859","kind":"stop","lines":",tmb-bus:D50,tmb-bus:H8,tmb-bus:19,tmb-bus:47,tmb-bus:117,tmb-bus:191,tmb-bus:192,"},"geometry":{"type":"Point","coordinates":[2.17967,41.41527]}},{"type":"Feature","properties":{"name":"Sant Antoni Maria Claret - Independència","code":"233","kind":"stop","lines":",tmb-bus:D50,tmb-bus:H8,tmb-bus:V23,tmb-bus:19,tmb-bus:47,tmb-bus:117,tmb-bus:191,tmb-bus:192,"},"geometry":{"type":"Point","coordinates":[2.17698,41.41326]}},{"type":"Feature","properties":{"name":"Dos de Maig - Sant Antoni Maria Claret","code":"635","kind":"stop","lines":",tmb-bus:D50,tmb-bus:V23,tmb-bus:117,"},"geometry":{"type":"Point","coordinates":[2.17598,41.41157]}},{"type":"Feature","properties":{"name":"Dos de Maig - Còrsega","code":"1143","kind":"stop","lines":",tmb-bus:D50,tmb-bus:V23,"},"geometry":{"type":"Point","coordinates":[2.17828,41.40982]}},{"type":"Feature","properties":{"name":"Mallorca - Dos de Maig","code":"234","kind":"stop","lines":",tmb-bus:D50,tmb-bus:H10,tmb-bus:V23,tmb-bus:33,tmb-bus:34,"},"geometry":{"type":"Point","coordinates":[2.18042,41.40731]}},{"type":"Feature","properties":{"name":"Mallorca - Padilla","code":"1072","kind":"stop","lines":",tmb-bus:D50,tmb-bus:H10,tmb-bus:33,tmb-bus:34,"},"geometry":{"type":"Point","coordinates":[2.17812,41.40559]}},{"type":"Feature","properties":{"name":"Mallorca - Marina","code":"1297","kind":"stop","lines":",tmb-bus:D50,tmb-bus:H10,tmb-bus:19,tmb-bus:33,tmb-bus:34,"},"geometry":{"type":"Point","coordinates":[2.17594,41.40395]}},{"type":"Feature","properties":{"name":"Mallorca - Nàpols","code":"3341","kind":"stop","lines":",tmb-bus:D50,tmb-bus:H10,tmb-bus:19,tmb-bus:33,tmb-bus:34,"},"geometry":{"type":"Point","coordinates":[2.17235,41.40127]}},{"type":"Feature","properties":{"name":"Pg de Sant Joan - Pl Mossèn Jacint Verdaguer","code":"1492","kind":"stop","lines":",tmb-bus:D50,tmb-bus:V19,tmb-bus:6,tmb-bus:19,"},"geometry":{"type":"Point","coordinates":[2.17043,41.39862]}},{"type":"Feature","properties":{"name":"Pg Sant Joan - Consell de Cent","code":"3391","kind":"stop","lines":",tmb-bus:D50,tmb-bus:V19,tmb-bus:6,tmb-bus:19,"},"geometry":{"type":"Point","coordinates":[2.17252,41.39704]}},{"type":"Feature","properties":{"name":"Pg de Sant Joan - Diputació","code":"315","kind":"stop","lines":",tmb-bus:D50,tmb-bus:V19,tmb-bus:6,tmb-bus:19,"},"geometry":{"type":"Point","coordinates":[2.17467,41.39542]}},{"type":"Feature","properties":{"name":"Pg de St Joan - Ausiàs March","code":"3241","kind":"stop","lines":",tmb-bus:D50,tmb-bus:V19,tmb-bus:19,"},"geometry":{"type":"Point","coordinates":[2.17868,41.3924]}},{"type":"Feature","properties":{"name":"Ronda Sant Pere - Girona","code":"148","kind":"stop","lines":",tmb-bus:D50,tmb-bus:H16,tmb-bus:V17,tmb-bus:19,"},"geometry":{"type":"Point","coordinates":[2.17596,41.39025]}},{"type":"Feature","properties":{"name":"Metro Urquinaona","code":"1069","kind":"stop","lines":",tmb-bus:D50,tmb-bus:H16,tmb-bus:19,"},"geometry":{"type":"Point","coordinates":[2.17279,41.38902]}},{"type":"Feature","properties":{"name":"Pl Catalunya - Pg de Gràcia","code":"1210","kind":"stop","lines":",tmb-bus:D50,tmb-bus:H16,tmb-bus:55,"},"geometry":{"type":"Point","coordinates":[2.16932,41.38776]}},{"type":"Feature","properties":{"name":"Ronda Universitat - Pl Universitat","code":"1124","kind":"stop","lines":",tmb-bus:D50,tmb-bus:H16,tmb-bus:V13,tmb-bus:55,tmb-bus:59,tmb-bus:67,"},"geometry":{"type":"Point","coordinates":[2.16526,41.38626]}},{"type":"Feature","properties":{"name":"Sepúlveda - Muntaner","code":"3378","kind":"stop","lines":",tmb-bus:D50,tmb-bus:H16,tmb-bus:55,tmb-bus:120,"},"geometry":{"type":"Point","coordinates":[2.16268,41.38341]}},{"type":"Feature","properties":{"name":"Villarroel - Sepúlveda","code":"1366","kind":"stop","lines":",tmb-bus:D50,tmb-bus:H16,tmb-bus:V11,tmb-bus:55,tmb-bus:120,tmb-bus:141,"},"geometry":{"type":"Point","coordinates":[2.16156,41.38151]}},{"type":"Feature","properties":{"name":"Ronda Sant Antoni - Comte d'Urgell","code":"1464","kind":"stop","lines":",tmb-bus:D50,tmb-bus:H16,tmb-bus:V11,tmb-bus:55,tmb-bus:120,tmb-bus:141,"},"geometry":{"type":"Point","coordinates":[2.16307,41.37925]}},{"type":"Feature","properties":{"name":"Viladomat - Manso","code":"1058","kind":"stop","lines":",tmb-bus:D50,tmb-bus:V9,tmb-bus:V11,"},"geometry":{"type":"Point","coordinates":[2.16144,41.37648]}},{"type":"Feature","properties":{"name":"Ronda Sant Pau - Folch i Torres - Final trajecte","code":"3690","kind":"stop","lines":",tmb-bus:D50,"},"geometry":{"type":"Point","coordinates":[2.16616,41.37649]}},{"type":"Feature","properties":{"name":"Ronda Sant Pau - Parlament","code":"1006","kind":"stop","lines":",tmb-bus:D50,tmb-bus:V11,"},"geometry":{"type":"Point","coordinates":[2.16358,41.37845]}},{"type":"Feature","properties":{"name":"Floridablanca - Comte d'Urgell","code":"1545","kind":"stop","lines":",tmb-bus:D50,tmb-bus:H16,tmb-bus:55,tmb-bus:120,"},"geometry":{"type":"Point","coordinates":[2.16146,41.38065]}},{"type":"Feature","properties":{"name":"Ronda Sant Antoni - Pl Goya","code":"703","kind":"stop","lines":",tmb-bus:D50,tmb-bus:H16,tmb-bus:55,"},"geometry":{"type":"Point","coordinates":[2.16377,41.38304]}},{"type":"Feature","properties":{"name":"Pl Universitat - Pelai","code":"1076","kind":"stop","lines":",tmb-bus:D50,tmb-bus:H16,tmb-bus:55,"},"geometry":{"type":"Point","coordinates":[2.16449,41.38563]}},{"type":"Feature","properties":{"name":"Pl Catalunya - Ronda Sant Pere","code":"1257","kind":"stop","lines":",tmb-bus:D50,"},"geometry":{"type":"Point","coordinates":[2.17055,41.38773]}},{"type":"Feature","properties":{"name":"Gran Via - Pau Claris","code":"1070","kind":"stop","lines":",tmb-bus:D50,tmb-bus:H12,tmb-bus:X1,tmb-bus:7,"},"geometry":{"type":"Point","coordinates":[2.16938,41.39014]}},{"type":"Feature","properties":{"name":"Gran Via - Llúria","code":"149","kind":"stop","lines":",tmb-bus:D50,tmb-bus:H12,tmb-bus:7,"},"geometry":{"type":"Point","coordinates":[2.17168,41.39187]}},{"type":"Feature","properties":{"name":"Metro Tetuan","code":"125","kind":"stop","lines":",tmb-bus:D50,tmb-bus:H12,tmb-bus:X1,tmb-bus:7,"},"geometry":{"type":"Point","coordinates":[2.17422,41.39379]}},{"type":"Feature","properties":{"name":"Pl Tetuan - Pg de Sant Joan","code":"317","kind":"stop","lines":",tmb-bus:D50,tmb-bus:V19,tmb-bus:6,tmb-bus:19,"},"geometry":{"type":"Point","coordinates":[2.17527,41.39547]}},{"type":"Feature","properties":{"name":"Pg de Sant Joan - Aragó","code":"63","kind":"stop","lines":",tmb-bus:D50,tmb-bus:V19,tmb-bus:6,tmb-bus:19,"},"geometry":{"type":"Point","coordinates":[2.17239,41.39739]}},{"type":"Feature","properties":{"name":"València - Pg Sant Joan","code":"1228","kind":"stop","lines":",tmb-bus:D50,tmb-bus:H10,tmb-bus:19,tmb-bus:33,tmb-bus:34,"},"geometry":{"type":"Point","coordinates":[2.17163,41.39887]}},{"type":"Feature","properties":{"name":"València - Diagonal","code":"1318","kind":"stop","lines":",tmb-bus:D50,tmb-bus:H10,tmb-bus:19,tmb-bus:33,tmb-bus:34,"},"geometry":{"type":"Point","coordinates":[2.17406,41.40069]}},{"type":"Feature","properties":{"name":"València - Lepant","code":"784","kind":"stop","lines":",tmb-bus:D50,tmb-bus:H10,tmb-bus:33,tmb-bus:34,"},"geometry":{"type":"Point","coordinates":[2.17742,41.40321]}},{"type":"Feature","properties":{"name":"València - Padilla","code":"244","kind":"stop","lines":",tmb-bus:D50,tmb-bus:H10,tmb-bus:33,tmb-bus:34,"},"geometry":{"type":"Point","coordinates":[2.1794,41.40469]}},{"type":"Feature","properties":{"name":"València - Dos de Maig","code":"308","kind":"stop","lines":",tmb-bus:D50,tmb-bus:H10,tmb-bus:33,tmb-bus:34,"},"geometry":{"type":"Point","coordinates":[2.1818,41.40649]}},{"type":"Feature","properties":{"name":"Independència - Mallorca","code":"1142","kind":"stop","lines":",tmb-bus:D50,tmb-bus:V23,"},"geometry":{"type":"Point","coordinates":[2.1819,41.40898]}},{"type":"Feature","properties":{"name":"Independència - Freser","code":"220","kind":"stop","lines":",tmb-bus:D50,tmb-bus:V23,"},"geometry":{"type":"Point","coordinates":[2.1795,41.41081]}},{"type":"Feature","properties":{"name":"Indústria - Independència","code":"212","kind":"stop","lines":",tmb-bus:D50,tmb-bus:H8,tmb-bus:19,tmb-bus:47,tmb-bus:117,"},"geometry":{"type":"Point","coordinates":[2.17848,41.41261]}},{"type":"Feature","properties":{"name":"Pg Maragall - Indústria","code":"1305","kind":"stop","lines":",tmb-bus:D50,tmb-bus:19,tmb-bus:47,tmb-bus:191,"},"geometry":{"type":"Point","coordinates":[2.18078,41.41516]}},{"type":"Feature","properties":{"name":"Pg Maragall - Trinxant","code":"1008","kind":"stop","lines":",tmb-bus:D50,tmb-bus:V25,tmb-bus:19,tmb-bus:47,"},"geometry":{"type":"Point","coordinates":[2.18074,41.41903]}},{"type":"Feature","properties":{"name":"Pg Maragall - Manigua","code":"1037","kind":"stop","lines":",tmb-bus:D50,tmb-bus:V25,tmb-bus:19,tmb-bus:47,"},"geometry":{"type":"Point","coordinates":[2.17957,41.4218]}},{"type":"Feature","properties":{"name":"Via Júlia - Turó Blau","code":"1437","kind":"stop","lines":",tmb-bus:D50,tmb-bus:H2,tmb-bus:76,"},"geometry":{"type":"Point","coordinates":[2.17553,41.43928]}},{"type":"Feature","properties":{"name":"Via Júlia - Sant Francesc Xavier","code":"440","kind":"stop","lines":",tmb-bus:D50,tmb-bus:H2,tmb-bus:76,"},"geometry":{"type":"Point","coordinates":[2.17759,41.44159]}},{"type":"Feature","properties":{"name":"Metro Via Júlia - Mas Duran","code":"1517","kind":"stop","lines":",tmb-bus:D50,tmb-bus:H2,tmb-bus:76,tmb-bus:132,"},"geometry":{"type":"Point","coordinates":[2.17874,41.44351]}},{"type":"Feature","properties":{"name":"Via Júlia - Via Favència","code":"1518","kind":"stop","lines":",tmb-bus:D50,tmb-bus:H2,tmb-bus:132,"},"geometry":{"type":"Point","coordinates":[2.17956,41.44541]}},{"type":"Feature","properties":{"name":"Aiguablava - Via Favència","code":"471","kind":"stop","lines":",tmb-bus:D50,tmb-bus:H2,"},"geometry":{"type":"Point","coordinates":[2.18076,41.44745]}},{"type":"Feature","properties":{"name":"Aiguablava - La Fosca - Trinitat Nova","code":"753","kind":"stop","lines":",tmb-bus:D50,tmb-bus:H2,tmb-bus:180,"},"geometry":{"type":"Point","coordinates":[2.18176,41.4484]}},{"type":"Feature","properties":{"name":"La Fosca - Chafarinas","code":"1950","kind":"stop","lines":",tmb-bus:D50,tmb-bus:H2,"},"geometry":{"type":"Point","coordinates":[2.18325,41.44816]}},{"type":"Feature","properties":{"name":"Palamós - La Fosca","code":"1644","kind":"stop","lines":",tmb-bus:D50,tmb-bus:H2,tmb-bus:127,"},"geometry":{"type":"Point","coordinates":[2.18526,41.44787]}},{"type":"Feature","properties":{"name":"Palamós - Tamariu","code":"1621","kind":"stop","lines":",tmb-bus:D50,tmb-bus:H2,tmb-bus:127,"},"geometry":{"type":"Point","coordinates":[2.18613,41.44941]}},{"type":"Feature","properties":{"name":"Palamós - Plaça de l'Aigua","code":"624","kind":"stop","lines":",tmb-bus:D50,tmb-bus:127,"},"geometry":{"type":"Point","coordinates":[2.1874,41.45113]}},{"type":"Feature","properties":{"name":"Aiguablava - Sa Tuna","code":"3770","kind":"stop","lines":",tmb-bus:D50,tmb-bus:180,"},"geometry":{"type":"Point","coordinates":[2.1867,41.45298]}},{"type":"Feature","properties":{"name":"Torre Baró","code":"2327","kind":"stop","lines":",tmb-bus:D50,"},"geometry":{"type":"Point","coordinates":[2.18401,41.45843]}},{"type":"Feature","properties":{"name":"Estació RENFE","code":"2328","kind":"stop","lines":",tmb-bus:D50,tmb-bus:76,tmb-bus:183,"},"geometry":{"type":"Point","coordinates":[2.18042,41.46128]}},{"type":"Feature","properties":{"name":"Av Rasos de Peguera - Pl Roja","code":"2330","kind":"stop","lines":",tmb-bus:D50,tmb-bus:62,tmb-bus:76,tmb-bus:104,tmb-bus:183,"},"geometry":{"type":"Point","coordinates":[2.17849,41.46157]}},{"type":"Feature","properties":{"name":"Av Rasos de Peguera - Costabona","code":"2331","kind":"stop","lines":",tmb-bus:D50,tmb-bus:183,"},"geometry":{"type":"Point","coordinates":[2.17668,41.46028]}},{"type":"Feature","properties":{"name":"Pl Catalunya - Ronda Sant Pere","code":"1257","kind":"stop","lines":",tmb-bus:D50,"},"geometry":{"type":"Point","coordinates":[2.17034,41.3879]}},{"type":"Feature","properties":{"name":"Palamós - Sa Tuna - Final de trajecte","code":"623","kind":"stop","lines":",tmb-bus:H2,"},"geometry":{"type":"Point","coordinates":[2.18761,41.45149]}},{"type":"Feature","properties":{"name":"Pg Valldaura - Rambla Caçador","code":"406","kind":"stop","lines":",tmb-bus:H2,tmb-bus:H4,tmb-bus:47,tmb-bus:76,tmb-bus:182,"},"geometry":{"type":"Point","coordinates":[2.17348,41.43863]}},{"type":"Feature","properties":{"name":"Pg Valldaura - Mercat Guineueta","code":"586","kind":"stop","lines":",tmb-bus:H2,tmb-bus:H4,tmb-bus:47,tmb-bus:76,tmb-bus:182,"},"geometry":{"type":"Point","coordinates":[2.16973,41.43901]}},{"type":"Feature","properties":{"name":"Fabra i Puig - Pg Urrutia","code":"1963","kind":"stop","lines":",tmb-bus:H2,tmb-bus:V27,tmb-bus:122,"},"geometry":{"type":"Point","coordinates":[2.16449,41.43682]}},{"type":"Feature","properties":{"name":"Parc Turó de la Peira","code":"430","kind":"stop","lines":",tmb-bus:H2,tmb-bus:V27,"},"geometry":{"type":"Point","coordinates":[2.16319,41.43358]}},{"type":"Feature","properties":{"name":"Tajo - Pl Santes Creus","code":"3632","kind":"stop","lines":",tmb-bus:H2,tmb-bus:185,"},"geometry":{"type":"Point","coordinates":[2.1624,41.43]}},{"type":"Feature","properties":{"name":"Pg Maragall - Dante Alighieri","code":"475","kind":"stop","lines":",tmb-bus:H2,tmb-bus:V23,tmb-bus:V25,tmb-bus:19,"},"geometry":{"type":"Point","coordinates":[2.16285,41.42869]}},{"type":"Feature","properties":{"name":"Llobregós - Pg Maragall","code":"2234","kind":"stop","lines":",tmb-bus:H2,tmb-bus:V23,tmb-bus:19,tmb-bus:102,"},"geometry":{"type":"Point","coordinates":[2.16327,41.42777]}},{"type":"Feature","properties":{"name":"Llobregós - Torrent del Carmel","code":"2235","kind":"stop","lines":",tmb-bus:H2,tmb-bus:V23,tmb-bus:19,tmb-bus:102,"},"geometry":{"type":"Point","coordinates":[2.1603,41.42652]}},{"type":"Feature","properties":{"name":"Rambla del Carmel","code":"476","kind":"stop","lines":",tmb-bus:H2,tmb-bus:V21,tmb-bus:V23,tmb-bus:19,tmb-bus:102,"},"geometry":{"type":"Point","coordinates":[2.15831,41.42604]}},{"type":"Feature","properties":{"name":"Dante Alighieri - Pantà de Tremp","code":"2349","kind":"stop","lines":",tmb-bus:H2,tmb-bus:19,"},"geometry":{"type":"Point","coordinates":[2.15367,41.42554]}},{"type":"Feature","properties":{"name":"Josep Sangenís - Dante Alighieri","code":"1314","kind":"stop","lines":",tmb-bus:H2,tmb-bus:19,"},"geometry":{"type":"Point","coordinates":[2.15204,41.42522]}},{"type":"Feature","properties":{"name":"Josep Sangenís - Santa Gemma","code":"1315","kind":"stop","lines":",tmb-bus:H2,tmb-bus:19,"},"geometry":{"type":"Point","coordinates":[2.14879,41.42398]}},{"type":"Feature","properties":{"name":"Arenys - Rossell","code":"435","kind":"stop","lines":",tmb-bus:H2,tmb-bus:19,"},"geometry":{"type":"Point","coordinates":[2.14548,41.42276]}},{"type":"Feature","properties":{"name":"Arenys - Fastenrath","code":"436","kind":"stop","lines":",tmb-bus:H2,tmb-bus:19,"},"geometry":{"type":"Point","coordinates":[2.14301,41.42205]}},{"type":"Feature","properties":{"name":"Pg Vall d'Hebron - Natzaret","code":"1020","kind":"stop","lines":",tmb-bus:H2,tmb-bus:H4,tmb-bus:V17,tmb-bus:19,tmb-bus:27,tmb-bus:60,tmb-bus:119,"},"geometry":{"type":"Point","coordinates":[2.1405,41.42158]}},{"type":"Feature","properties":{"name":"Pg Vall d'Hebron - L'Arrabassada","code":"754","kind":"stop","lines":",tmb-bus:H2,tmb-bus:H4,tmb-bus:V17,tmb-bus:27,"},"geometry":{"type":"Point","coordinates":[2.13906,41.41862]}},{"type":"Feature","properties":{"name":"Josep Garí - Collserola","code":"73","kind":"stop","lines":",tmb-bus:H2,"},"geometry":{"type":"Point","coordinates":[2.13559,41.41573]}},{"type":"Feature","properties":{"name":"Adrià Margarit - Av Tibidabo","code":"3856","kind":"stop","lines":",tmb-bus:H2,tmb-bus:V13,tmb-bus:196,"},"geometry":{"type":"Point","coordinates":[2.13225,41.41477]}},{"type":"Feature","properties":{"name":"Rotonda de Bellesguard","code":"1540","kind":"stop","lines":",tmb-bus:H2,"},"geometry":{"type":"Point","coordinates":[2.12505,41.41029]}},{"type":"Feature","properties":{"name":"Terré - Iradier","code":"1541","kind":"stop","lines":",tmb-bus:H2,tmb-bus:V9,"},"geometry":{"type":"Point","coordinates":[2.12143,41.40696]}},{"type":"Feature","properties":{"name":"Pl Borràs","code":"3771","kind":"stop","lines":",tmb-bus:H2,tmb-bus:V7,"},"geometry":{"type":"Point","coordinates":[2.11684,41.40394]}},{"type":"Feature","properties":{"name":"Camí de Can Caralleu - Ronda de Dalt","code":"198","kind":"stop","lines":",tmb-bus:H2,tmb-bus:130,"},"geometry":{"type":"Point","coordinates":[2.11436,41.40184]}},{"type":"Feature","properties":{"name":"Ardena - Ronda de Dalt","code":"1021","kind":"stop","lines":",tmb-bus:H2,"},"geometry":{"type":"Point","coordinates":[2.10733,41.39062]}},{"type":"Feature","properties":{"name":"Av d'Esplugues - Eduard Toldrà","code":"552","kind":"stop","lines":",tmb-bus:H2,tmb-bus:H4,tmb-bus:63,tmb-bus:68,tmb-bus:78,tmb-bus:113,"},"geometry":{"type":"Point","coordinates":[2.10658,41.38788]}},{"type":"Feature","properties":{"name":"Parc Cervantes - Av d'Esplugues - Final trajecte","code":"2557","kind":"stop","lines":",tmb-bus:H2,"},"geometry":{"type":"Point","coordinates":[2.10489,41.38548]}},{"type":"Feature","properties":{"name":"Av d'Esplugues - González Tablas","code":"761","kind":"stop","lines":",tmb-bus:H2,tmb-bus:H4,tmb-bus:63,tmb-bus:68,tmb-bus:78,tmb-bus:175,"},"geometry":{"type":"Point","coordinates":[2.10666,41.38748]}},{"type":"Feature","properties":{"name":"Ronda de Dalt - Moneders","code":"1025","kind":"stop","lines":",tmb-bus:H2,"},"geometry":{"type":"Point","coordinates":[2.10809,41.38998]}},{"type":"Feature","properties":{"name":"Ronda de Dalt - Ràfols","code":"922","kind":"stop","lines":",tmb-bus:H2,tmb-bus:130,"},"geometry":{"type":"Point","coordinates":[2.11484,41.40158]}},{"type":"Feature","properties":{"name":"Pl Borràs","code":"1538","kind":"stop","lines":",tmb-bus:H2,tmb-bus:V7,tmb-bus:130,"},"geometry":{"type":"Point","coordinates":[2.11718,41.40396]}},{"type":"Feature","properties":{"name":"Terré - Pl de Benet XV","code":"70","kind":"stop","lines":",tmb-bus:H2,"},"geometry":{"type":"Point","coordinates":[2.1206,41.406]}},{"type":"Feature","properties":{"name":"Benedetti - Ronda de Dalt","code":"74","kind":"stop","lines":",tmb-bus:H2,"},"geometry":{"type":"Point","coordinates":[2.12426,41.40884]}},{"type":"Feature","properties":{"name":"Ronda de Dalt - Bellesguard","code":"71","kind":"stop","lines":",tmb-bus:H2,tmb-bus:123,tmb-bus:196,"},"geometry":{"type":"Point","coordinates":[2.12651,41.41048]}},{"type":"Feature","properties":{"name":"Ronda de Dalt - Císter","code":"2933","kind":"stop","lines":",tmb-bus:H2,tmb-bus:196,"},"geometry":{"type":"Point","coordinates":[2.12971,41.41257]}},{"type":"Feature","properties":{"name":"Ronda de Dalt - Pl de la Central","code":"3189","kind":"stop","lines":",tmb-bus:H2,tmb-bus:V13,tmb-bus:196,"},"geometry":{"type":"Point","coordinates":[2.13341,41.41437]}},{"type":"Feature","properties":{"name":"Isaac Newton - Lleó XIII","code":"1196","kind":"stop","lines":",tmb-bus:H2,tmb-bus:123,"},"geometry":{"type":"Point","coordinates":[2.13584,41.4149]}},{"type":"Feature","properties":{"name":"Pl Alfonso Comín - Av República Argentina","code":"534","kind":"stop","lines":",tmb-bus:H2,tmb-bus:H4,tmb-bus:V15,tmb-bus:V17,tmb-bus:V19,tmb-bus:123,tmb-bus:124,tmb-bus:131,"},"geometry":{"type":"Point","coordinates":[2.13826,41.4145]}},{"type":"Feature","properties":{"name":"Pl Alfonso Comín - Pg Vall d'Hebron","code":"1003","kind":"stop","lines":",tmb-bus:H2,tmb-bus:H4,tmb-bus:V17,tmb-bus:123,tmb-bus:124,"},"geometry":{"type":"Point","coordinates":[2.13823,41.41621]}},{"type":"Feature","properties":{"name":"Pg Vall d'Hebron - Av de Vallcarca","code":"605","kind":"stop","lines":",tmb-bus:H2,tmb-bus:H4,tmb-bus:V17,"},"geometry":{"type":"Point","coordinates":[2.13942,41.41843]}},{"type":"Feature","properties":{"name":"Pg Vall d'Hebron 115","code":"9633","kind":"stop","lines":",tmb-bus:H2,tmb-bus:H4,tmb-bus:19,tmb-bus:27,"},"geometry":{"type":"Point","coordinates":[2.14143,41.42263]}},{"type":"Feature","properties":{"name":"Coll i Alentorn - Av Martí i Codolar","code":"1859","kind":"stop","lines":",tmb-bus:H2,tmb-bus:19,tmb-bus:112,tmb-bus:185,"},"geometry":{"type":"Point","coordinates":[2.14784,41.42451]}},{"type":"Feature","properties":{"name":"Lisboa - Serrallonga","code":"1861","kind":"stop","lines":",tmb-bus:H2,tmb-bus:19,tmb-bus:112,tmb-bus:185,"},"geometry":{"type":"Point","coordinates":[2.1539,41.42746]}},{"type":"Feature","properties":{"name":"Dante Alighieri - Rambla del Carmel","code":"1410","kind":"stop","lines":",tmb-bus:H2,tmb-bus:19,"},"geometry":{"type":"Point","coordinates":[2.15758,41.42757]}},{"type":"Feature","properties":{"name":"Dante Alighieri - Santa Joana d'Arc","code":"402","kind":"stop","lines":",tmb-bus:H2,tmb-bus:19,"},"geometry":{"type":"Point","coordinates":[2.1601,41.42845]}},{"type":"Feature","properties":{"name":"Dante Alighieri - Estoril","code":"3699","kind":"stop","lines":",tmb-bus:H2,"},"geometry":{"type":"Point","coordinates":[2.16195,41.42899]}},{"type":"Feature","properties":{"name":"Petrarca - Pg Maragall","code":"3639","kind":"stop","lines":",tmb-bus:H2,"},"geometry":{"type":"Point","coordinates":[2.16398,41.42828]}},{"type":"Feature","properties":{"name":"Petrarca - Fabra i Puig","code":"3634","kind":"stop","lines":",tmb-bus:H2,"},"geometry":{"type":"Point","coordinates":[2.1673,41.43021]}},{"type":"Feature","properties":{"name":"Parc del Turó de la Peira","code":"1624","kind":"stop","lines":",tmb-bus:H2,tmb-bus:V27,"},"geometry":{"type":"Point","coordinates":[2.16335,41.43338]}},{"type":"Feature","properties":{"name":"Fabra i Puig - Pg Urrutia","code":"1961","kind":"stop","lines":",tmb-bus:H2,tmb-bus:V27,tmb-bus:122,"},"geometry":{"type":"Point","coordinates":[2.16455,41.43664]}},{"type":"Feature","properties":{"name":"Mercat de la Guineueta","code":"806","kind":"stop","lines":",tmb-bus:H2,tmb-bus:H4,tmb-bus:47,tmb-bus:76,tmb-bus:182,"},"geometry":{"type":"Point","coordinates":[2.17,41.43879]}},{"type":"Feature","properties":{"name":"Pg Valldaura - Pg de Verdum","code":"807","kind":"stop","lines":",tmb-bus:H2,tmb-bus:H4,tmb-bus:47,tmb-bus:76,tmb-bus:182,"},"geometry":{"type":"Point","coordinates":[2.1735,41.43843]}},{"type":"Feature","properties":{"name":"Av de l'Exèrcit - Trias i Giró - Final de trajecte","code":"712","kind":"stop","lines":",tmb-bus:H4,"},"geometry":{"type":"Point","coordinates":[2.11118,41.38567]}},{"type":"Feature","properties":{"name":"Gran Capità - Av de l'Exèrcit","code":"335","kind":"stop","lines":",tmb-bus:H4,tmb-bus:113,tmb-bus:175,"},"geometry":{"type":"Point","coordinates":[2.11159,41.38698]}},{"type":"Feature","properties":{"name":"Sor Eulàlia d'Anzizu - González Tablas","code":"554","kind":"stop","lines":",tmb-bus:H4,tmb-bus:175,"},"geometry":{"type":"Point","coordinates":[2.10867,41.38703]}},{"type":"Feature","properties":{"name":"Av d'Esplugues","code":"762","kind":"stop","lines":",tmb-bus:H4,tmb-bus:63,tmb-bus:68,tmb-bus:78,"},"geometry":{"type":"Point","coordinates":[2.10915,41.3899]}},{"type":"Feature","properties":{"name":"Av d'Esplugues - Av Pearson","code":"763","kind":"stop","lines":",tmb-bus:H4,tmb-bus:V5,tmb-bus:63,tmb-bus:68,tmb-bus:78,"},"geometry":{"type":"Point","coordinates":[2.112,41.39332]}},{"type":"Feature","properties":{"name":"Bisbe Català - Pl Pedralbes","code":"103","kind":"stop","lines":",tmb-bus:H4,tmb-bus:68,"},"geometry":{"type":"Point","coordinates":[2.11451,41.39606]}},{"type":"Feature","properties":{"name":"Pg Reina Elisenda - Av JV Foix","code":"2279","kind":"stop","lines":",tmb-bus:H4,tmb-bus:68,"},"geometry":{"type":"Point","coordinates":[2.11854,41.39839]}},{"type":"Feature","properties":{"name":"Pl de Sarrià","code":"921","kind":"stop","lines":",tmb-bus:H4,tmb-bus:68,"},"geometry":{"type":"Point","coordinates":[2.12138,41.39988]}},{"type":"Feature","properties":{"name":"Pg Bonanova - Anglí","code":"531","kind":"stop","lines":",tmb-bus:H4,"},"geometry":{"type":"Point","coordinates":[2.12345,41.40098]}},{"type":"Feature","properties":{"name":"Pg Bonanova - Escoles Pies","code":"532","kind":"stop","lines":",tmb-bus:H4,"},"geometry":{"type":"Point","coordinates":[2.12772,41.40337]}},{"type":"Feature","properties":{"name":"Pg Bonanova - Horaci","code":"996","kind":"stop","lines":",tmb-bus:H4,tmb-bus:V11,tmb-bus:70,"},"geometry":{"type":"Point","coordinates":[2.13049,41.40491]}},{"type":"Feature","properties":{"name":"Pl Bonanova","code":"1360","kind":"stop","lines":",tmb-bus:H4,tmb-bus:V13,"},"geometry":{"type":"Point","coordinates":[2.13376,41.4066]}},{"type":"Feature","properties":{"name":"Pg Sant Gervasi - Pl Kennedy","code":"261","kind":"stop","lines":",tmb-bus:H4,tmb-bus:131,"},"geometry":{"type":"Point","coordinates":[2.13766,41.41035]}},{"type":"Feature","properties":{"name":"Pg Sant Gervasi - Mas Yebra","code":"69","kind":"stop","lines":",tmb-bus:H4,tmb-bus:V15,tmb-bus:V17,tmb-bus:V19,tmb-bus:124,tmb-bus:131,"},"geometry":{"type":"Point","coordinates":[2.13819,41.4121]}},{"type":"Feature","properties":{"name":"Mercat Vall d'Hebron","code":"1252","kind":"stop","lines":",tmb-bus:H4,tmb-bus:27,tmb-bus:60,tmb-bus:76,tmb-bus:112,tmb-bus:119,"},"geometry":{"type":"Point","coordinates":[2.14291,41.4252]}},{"type":"Feature","properties":{"name":"Palau d'Esports Vall d'Hebron","code":"48","kind":"stop","lines":",tmb-bus:H4,tmb-bus:V21,tmb-bus:27,tmb-bus:60,tmb-bus:76,"},"geometry":{"type":"Point","coordinates":[2.14417,41.42792]}},{"type":"Feature","properties":{"name":"Parc de la Vall d'Hebron","code":"704","kind":"stop","lines":",tmb-bus:H4,tmb-bus:V21,tmb-bus:27,tmb-bus:60,tmb-bus:76,"},"geometry":{"type":"Point","coordinates":[2.14573,41.43131]}},{"type":"Feature","properties":{"name":"Pg Vall d'Hebron - Av Can Marcet","code":"614","kind":"stop","lines":",tmb-bus:H4,tmb-bus:27,tmb-bus:60,tmb-bus:76,"},"geometry":{"type":"Point","coordinates":[2.14835,41.43563]}},{"type":"Feature","properties":{"name":"Pg Vall d'Hebron - Ctra d'Horta","code":"1427","kind":"stop","lines":",tmb-bus:H4,tmb-bus:27,tmb-bus:60,tmb-bus:76,"},"geometry":{"type":"Point","coordinates":[2.15317,41.43797]}},{"type":"Feature","properties":{"name":"Pg Vall d'Hebron - Scala Dei","code":"1440","kind":"stop","lines":",tmb-bus:H4,tmb-bus:27,tmb-bus:60,tmb-bus:76,"},"geometry":{"type":"Point","coordinates":[2.15777,41.43909]}},{"type":"Feature","properties":{"name":"Pl Karl Marx","code":"1594","kind":"stop","lines":",tmb-bus:H4,tmb-bus:V27,tmb-bus:47,tmb-bus:76,tmb-bus:122,tmb-bus:182,"},"geometry":{"type":"Point","coordinates":[2.16249,41.43939]}},{"type":"Feature","properties":{"name":"Pg Valldaura - Fabra i Puig","code":"428","kind":"stop","lines":",tmb-bus:H4,tmb-bus:V27,tmb-bus:47,tmb-bus:76,tmb-bus:122,tmb-bus:182,"},"geometry":{"type":"Point","coordinates":[2.16576,41.4392]}},{"type":"Feature","properties":{"name":"Pg Valldaura - Escultor Ordóñez","code":"818","kind":"stop","lines":",tmb-bus:H4,tmb-bus:134,"},"geometry":{"type":"Point","coordinates":[2.17927,41.4389]}},{"type":"Feature","properties":{"name":"Pg Valldaura - Pg Andreu Nin","code":"154","kind":"stop","lines":",tmb-bus:H4,tmb-bus:132,tmb-bus:134,"},"geometry":{"type":"Point","coordinates":[2.1825,41.43928]}},{"type":"Feature","properties":{"name":"Pl de Mossèn Clapés","code":"1342","kind":"stop","lines":",tmb-bus:H4,tmb-bus:62,tmb-bus:96,tmb-bus:126,"},"geometry":{"type":"Point","coordinates":[2.18752,41.44173]}},{"type":"Feature","properties":{"name":"Pg Torras i Bages - Almirall Pròixida","code":"1420","kind":"stop","lines":",tmb-bus:H4,tmb-bus:126,"},"geometry":{"type":"Point","coordinates":[2.19077,41.44138]}},{"type":"Feature","properties":{"name":"Pg Torras i Bages - Residència","code":"496","kind":"stop","lines":",tmb-bus:H4,tmb-bus:V31,tmb-bus:126,"},"geometry":{"type":"Point","coordinates":[2.19091,41.43941]}},{"type":"Feature","properties":{"name":"Pg Torras i Bages - Joan Torras","code":"1028","kind":"stop","lines":",tmb-bus:H4,tmb-bus:V31,tmb-bus:126,"},"geometry":{"type":"Point","coordinates":[2.19109,41.43698]}},{"type":"Feature","properties":{"name":"Sant Adrià - Josep Soldevila","code":"3282","kind":"stop","lines":",tmb-bus:H4,tmb-bus:H8,tmb-bus:133,"},"geometry":{"type":"Point","coordinates":[2.19285,41.43423]}},{"type":"Feature","properties":{"name":"Ferran Junoy - Sant Adrià","code":"2583","kind":"stop","lines":",tmb-bus:H4,tmb-bus:H8,"},"geometry":{"type":"Point","coordinates":[2.19465,41.43575]}},{"type":"Feature","properties":{"name":"Sao Paulo - Centre Comercial La Maquinista","code":"2590","kind":"stop","lines":",tmb-bus:H4,tmb-bus:H8,"},"geometry":{"type":"Point","coordinates":[2.19769,41.43889]}},{"type":"Feature","properties":{"name":"Lima - Ciutat d'Asunción","code":"603","kind":"stop","lines":",tmb-bus:H4,tmb-bus:H8,tmb-bus:V33,tmb-bus:60,tmb-bus:133,"},"geometry":{"type":"Point","coordinates":[2.20079,41.4392]}},{"type":"Feature","properties":{"name":"Lima - Sas","code":"589","kind":"stop","lines":",tmb-bus:H4,"},"geometry":{"type":"Point","coordinates":[2.20482,41.43921]}},{"type":"Feature","properties":{"name":"Arbeca - Lima","code":"1446","kind":"stop","lines":",tmb-bus:H4,"},"geometry":{"type":"Point","coordinates":[2.20804,41.43926]}},{"type":"Feature","properties":{"name":"Sant Adrià - Biosca - Final de trajecte","code":"3420","kind":"stop","lines":",tmb-bus:H4,"},"geometry":{"type":"Point","coordinates":[2.20707,41.43651]}},{"type":"Feature","properties":{"name":"Sant Adrià - Sas","code":"1435","kind":"stop","lines":",tmb-bus:H4,tmb-bus:H8,tmb-bus:60,tmb-bus:133,"},"geometry":{"type":"Point","coordinates":[2.2037,41.43612]}},{"type":"Feature","properties":{"name":"Ciutat d'Asunción - Sant Adrià","code":"1436","kind":"stop","lines":",tmb-bus:H4,tmb-bus:H8,tmb-bus:60,"},"geometry":{"type":"Point","coordinates":[2.20098,41.43647]}},{"type":"Feature","properties":{"name":"Pg de l'Havana - Ciutat d'Asunción","code":"2593","kind":"stop","lines":",tmb-bus:H4,tmb-bus:H8,"},"geometry":{"type":"Point","coordinates":[2.19939,41.43867]}},{"type":"Feature","properties":{"name":"Parc de la Maquinista","code":"2594","kind":"stop","lines":",tmb-bus:H4,tmb-bus:H8,"},"geometry":{"type":"Point","coordinates":[2.19614,41.43678]}},{"type":"Feature","properties":{"name":"Segre - Pl de Can Fabra","code":"127","kind":"stop","lines":",tmb-bus:H4,tmb-bus:V31,"},"geometry":{"type":"Point","coordinates":[2.19186,41.43514]}},{"type":"Feature","properties":{"name":"Pg Torras i Bages - Els Segadors","code":"731","kind":"stop","lines":",tmb-bus:H4,tmb-bus:V31,"},"geometry":{"type":"Point","coordinates":[2.19128,41.43698]}},{"type":"Feature","properties":{"name":"Pg Torras i Bages - Residència","code":"1158","kind":"stop","lines":",tmb-bus:H4,tmb-bus:V31,"},"geometry":{"type":"Point","coordinates":[2.19111,41.43935]}},{"type":"Feature","properties":{"name":"Pg Torras i Bages - Palomar","code":"1159","kind":"stop","lines":",tmb-bus:H4,tmb-bus:V31,"},"geometry":{"type":"Point","coordinates":[2.19094,41.44181]}},{"type":"Feature","properties":{"name":"Pg de Santa Coloma - Ctra de Ribes","code":"1710","kind":"stop","lines":",tmb-bus:H4,tmb-bus:96,"},"geometry":{"type":"Point","coordinates":[2.18979,41.44513]}},{"type":"Feature","properties":{"name":"Gran de Sant Andreu - Palomar","code":"2322","kind":"stop","lines":",tmb-bus:H4,"},"geometry":{"type":"Point","coordinates":[2.18822,41.44224]}},{"type":"Feature","properties":{"name":"Pl Miquel Casablancas","code":"2323","kind":"stop","lines":",tmb-bus:H4,"},"geometry":{"type":"Point","coordinates":[2.18642,41.43971]}},{"type":"Feature","properties":{"name":"Pg Valldaura - Av Rio de Janeiro","code":"1242","kind":"stop","lines":",tmb-bus:H4,"},"geometry":{"type":"Point","coordinates":[2.1826,41.43944]}},{"type":"Feature","properties":{"name":"Pg Valldaura - Font de Canyelles","code":"805","kind":"stop","lines":",tmb-bus:H4,tmb-bus:134,"},"geometry":{"type":"Point","coordinates":[2.17916,41.43903]}},{"type":"Feature","properties":{"name":"Pg Valldaura - Guineueta","code":"755","kind":"stop","lines":",tmb-bus:H4,tmb-bus:V27,tmb-bus:47,tmb-bus:76,tmb-bus:122,tmb-bus:182,"},"geometry":{"type":"Point","coordinates":[2.16538,41.43944]}},{"type":"Feature","properties":{"name":"Pl Karl Marx - Pg Vall d'Hebron","code":"232","kind":"stop","lines":",tmb-bus:H4,tmb-bus:27,tmb-bus:60,tmb-bus:76,tmb-bus:185,"},"geometry":{"type":"Point","coordinates":[2.16172,41.44068]}},{"type":"Feature","properties":{"name":"Pg Vall d'Hebron - Cementiri d'Horta","code":"1441","kind":"stop","lines":",tmb-bus:H4,tmb-bus:27,tmb-bus:60,tmb-bus:76,tmb-bus:185,"},"geometry":{"type":"Point","coordinates":[2.15833,41.43972]}},{"type":"Feature","properties":{"name":"Pg Vall d'Hebron - Velòdrom","code":"607","kind":"stop","lines":",tmb-bus:H4,tmb-bus:27,tmb-bus:60,tmb-bus:76,"},"geometry":{"type":"Point","coordinates":[2.14974,41.43719]}},{"type":"Feature","properties":{"name":"Pg Vall d'Hebron - Mundet","code":"1148","kind":"stop","lines":",tmb-bus:H4,tmb-bus:27,tmb-bus:60,tmb-bus:76,"},"geometry":{"type":"Point","coordinates":[2.14704,41.43503]}},{"type":"Feature","properties":{"name":"IES Narcís Monturiol","code":"3476","kind":"stop","lines":",tmb-bus:H4,tmb-bus:V21,tmb-bus:27,tmb-bus:60,tmb-bus:76,"},"geometry":{"type":"Point","coordinates":[2.1454,41.43207]}},{"type":"Feature","properties":{"name":"Metro Montbau","code":"1147","kind":"stop","lines":",tmb-bus:H4,tmb-bus:V21,tmb-bus:27,tmb-bus:60,tmb-bus:76,"},"geometry":{"type":"Point","coordinates":[2.14475,41.43067]}},{"type":"Feature","properties":{"name":"Hospital Vall d'Hebron","code":"3221","kind":"stop","lines":",tmb-bus:H4,tmb-bus:27,tmb-bus:60,tmb-bus:76,"},"geometry":{"type":"Point","coordinates":[2.1434,41.42777]}},{"type":"Feature","properties":{"name":"Pg Vall d'Hebron - Av Jordà","code":"1019","kind":"stop","lines":",tmb-bus:H4,tmb-bus:V17,tmb-bus:19,tmb-bus:27,tmb-bus:60,tmb-bus:119,"},"geometry":{"type":"Point","coordinates":[2.14172,41.42433]}},{"type":"Feature","properties":{"name":"Pl Alfonso Comín - Isaac Newton","code":"1776","kind":"stop","lines":",tmb-bus:H4,tmb-bus:V17,tmb-bus:V19,tmb-bus:123,tmb-bus:124,tmb-bus:131,"},"geometry":{"type":"Point","coordinates":[2.1367,41.41464]}},{"type":"Feature","properties":{"name":"Av República Argentina - Pl Alfonso Comín","code":"1543","kind":"stop","lines":",tmb-bus:H4,tmb-bus:V17,tmb-bus:V19,tmb-bus:123,tmb-bus:124,tmb-bus:131,"},"geometry":{"type":"Point","coordinates":[2.13857,41.41343]}},{"type":"Feature","properties":{"name":"Craywinckel - Hurtado","code":"2878","kind":"stop","lines":",tmb-bus:H4,tmb-bus:V17,tmb-bus:V19,tmb-bus:123,tmb-bus:124,tmb-bus:131,"},"geometry":{"type":"Point","coordinates":[2.13893,41.41175]}},{"type":"Feature","properties":{"name":"Pg Sant Gervasi - Pl Kennedy","code":"937","kind":"stop","lines":",tmb-bus:H4,tmb-bus:V13,tmb-bus:123,"},"geometry":{"type":"Point","coordinates":[2.13581,41.41004]}},{"type":"Feature","properties":{"name":"Pg Sant Gervasi - Pl Bonanova","code":"936","kind":"stop","lines":",tmb-bus:H4,tmb-bus:V13,tmb-bus:123,"},"geometry":{"type":"Point","coordinates":[2.13425,41.40786]}},{"type":"Feature","properties":{"name":"Pg Bonanova - Ganduxer","code":"995","kind":"stop","lines":",tmb-bus:H4,tmb-bus:123,"},"geometry":{"type":"Point","coordinates":[2.13012,41.40484]}},{"type":"Feature","properties":{"name":"Pg Bonanova - Escoles Pies","code":"1531","kind":"stop","lines":",tmb-bus:H4,"},"geometry":{"type":"Point","coordinates":[2.12753,41.4034]}},{"type":"Feature","properties":{"name":"Pg Bonanova - Carrasco i Formiguera","code":"1532","kind":"stop","lines":",tmb-bus:H4,"},"geometry":{"type":"Point","coordinates":[2.12372,41.40127]}},{"type":"Feature","properties":{"name":"Pg Reina Elisenda - Major de Sarrià","code":"1637","kind":"stop","lines":",tmb-bus:H4,tmb-bus:68,"},"geometry":{"type":"Point","coordinates":[2.1208,41.39981]}},{"type":"Feature","properties":{"name":"Pg Reina Elisenda - Av JV Foix","code":"2681","kind":"stop","lines":",tmb-bus:H4,tmb-bus:68,"},"geometry":{"type":"Point","coordinates":[2.11846,41.39849]}},{"type":"Feature","properties":{"name":"Bisbe Català - Pl de Pedralbes","code":"764","kind":"stop","lines":",tmb-bus:H4,tmb-bus:68,"},"geometry":{"type":"Point","coordinates":[2.11428,41.39601]}},{"type":"Feature","properties":{"name":"Av d'Esplugues - Av Pearson","code":"549","kind":"stop","lines":",tmb-bus:H4,tmb-bus:63,tmb-bus:68,tmb-bus:78,"},"geometry":{"type":"Point","coordinates":[2.11163,41.39214]}},{"type":"Feature","properties":{"name":"Av d'Esplugues - Dr Joaquim Albarrán","code":"550","kind":"stop","lines":",tmb-bus:H4,tmb-bus:63,tmb-bus:68,tmb-bus:78,"},"geometry":{"type":"Point","coordinates":[2.10903,41.38994]}},{"type":"Feature","properties":{"name":"González Tablas - Sor Eulàlia d'Anzizu","code":"295","kind":"stop","lines":",tmb-bus:H4,tmb-bus:V1,tmb-bus:113,tmb-bus:175,"},"geometry":{"type":"Point","coordinates":[2.10886,41.38577]}},{"type":"Feature","properties":{"name":"Metro Onze de Setembre - Final de trajecte","code":"3645","kind":"stop","lines":",tmb-bus:H6,"},"geometry":{"type":"Point","coordinates":[2.19486,41.42816]}},{"type":"Feature","properties":{"name":"Onze de Setembre - Virgili","code":"1344","kind":"stop","lines":",tmb-bus:H6,tmb-bus:H8,tmb-bus:V31,tmb-bus:34,tmb-bus:126,tmb-bus:133,"},"geometry":{"type":"Point","coordinates":[2.19313,41.43016]}},{"type":"Feature","properties":{"name":"Fabra i Puig - Gran de Sant Andreu","code":"873","kind":"stop","lines":",tmb-bus:H6,tmb-bus:34,tmb-bus:126,tmb-bus:133,"},"geometry":{"type":"Point","coordinates":[2.18916,41.4302]}},{"type":"Feature","properties":{"name":"Fabra i Puig - Llenguadoc","code":"874","kind":"stop","lines":",tmb-bus:H6,tmb-bus:34,tmb-bus:126,tmb-bus:133,"},"geometry":{"type":"Point","coordinates":[2.18548,41.43025]}},{"type":"Feature","properties":{"name":"Fabra i Puig - Meridiana","code":"1590","kind":"stop","lines":",tmb-bus:H6,tmb-bus:V29,tmb-bus:34,tmb-bus:122,tmb-bus:134,"},"geometry":{"type":"Point","coordinates":[2.1819,41.43027]}},{"type":"Feature","properties":{"name":"Fabra i Puig - Arnau d'Oms","code":"1592","kind":"stop","lines":",tmb-bus:H6,tmb-bus:V27,tmb-bus:V29,tmb-bus:122,"},"geometry":{"type":"Point","coordinates":[2.17672,41.43034]}},{"type":"Feature","properties":{"name":"Av dels Quinze - Serrano","code":"3404","kind":"stop","lines":",tmb-bus:H6,tmb-bus:V27,tmb-bus:V29,tmb-bus:34,tmb-bus:132,"},"geometry":{"type":"Point","coordinates":[2.17428,41.42917]}},{"type":"Feature","properties":{"name":"Rda Guinardó - Segle XX - Maragall","code":"3540","kind":"stop","lines":",tmb-bus:H6,"},"geometry":{"type":"Point","coordinates":[2.17721,41.42247]}},{"type":"Feature","properties":{"name":"Rda Guinardó - Vinyals","code":"3541","kind":"stop","lines":",tmb-bus:H6,tmb-bus:117,"},"geometry":{"type":"Point","coordinates":[2.17611,41.41842]}},{"type":"Feature","properties":{"name":"Guinardó / Hospital de Sant Pau","code":"3542","kind":"stop","lines":",tmb-bus:H6,"},"geometry":{"type":"Point","coordinates":[2.17421,41.4166]}},{"type":"Feature","properties":{"name":"Rda Guinardó - Cartagena","code":"3543","kind":"stop","lines":",tmb-bus:H6,tmb-bus:V23,tmb-bus:191,"},"geometry":{"type":"Point","coordinates":[2.17104,41.41424]}},{"type":"Feature","properties":{"name":"Metro Alfons X","code":"3229","kind":"stop","lines":",tmb-bus:H6,"},"geometry":{"type":"Point","coordinates":[2.1664,41.41226]}},{"type":"Feature","properties":{"name":"Mitre - Pàdua","code":"1582","kind":"stop","lines":",tmb-bus:H6,"},"geometry":{"type":"Point","coordinates":[2.14615,41.40582]}},{"type":"Feature","properties":{"name":"Mitre - Saragossa","code":"99","kind":"stop","lines":",tmb-bus:H6,"},"geometry":{"type":"Point","coordinates":[2.14347,41.4054]}},{"type":"Feature","properties":{"name":"Mitre - Balmes","code":"933","kind":"stop","lines":",tmb-bus:H6,"},"geometry":{"type":"Point","coordinates":[2.14107,41.40468]}},{"type":"Feature","properties":{"name":"Mitre - Muntaner","code":"994","kind":"stop","lines":",tmb-bus:H6,"},"geometry":{"type":"Point","coordinates":[2.13756,41.40262]}},{"type":"Feature","properties":{"name":"Mitre - Mandri","code":"529","kind":"stop","lines":",tmb-bus:H6,tmb-bus:70,"},"geometry":{"type":"Point","coordinates":[2.13537,41.40065]}},{"type":"Feature","properties":{"name":"Mitre - Ganduxer","code":"1940","kind":"stop","lines":",tmb-bus:H6,tmb-bus:70,"},"geometry":{"type":"Point","coordinates":[2.13346,41.39875]}},{"type":"Feature","properties":{"name":"Mitre - Doctor Fleming","code":"1941","kind":"stop","lines":",tmb-bus:H6,tmb-bus:70,"},"geometry":{"type":"Point","coordinates":[2.13341,41.39478]}},{"type":"Feature","properties":{"name":"Mitre - Prat de la Riba","code":"487","kind":"stop","lines":",tmb-bus:H6,tmb-bus:70,"},"geometry":{"type":"Point","coordinates":[2.1313,41.39327]}},{"type":"Feature","properties":{"name":"Manuel Girona - Carles III","code":"239","kind":"stop","lines":",tmb-bus:H6,tmb-bus:V3,tmb-bus:6,tmb-bus:34,tmb-bus:70,"},"geometry":{"type":"Point","coordinates":[2.12812,41.39213]}},{"type":"Feature","properties":{"name":"Capità Arenas - Maria Cristina","code":"3232","kind":"stop","lines":",tmb-bus:H6,tmb-bus:V3,"},"geometry":{"type":"Point","coordinates":[2.12662,41.38896]}},{"type":"Feature","properties":{"name":"Pl Pius XII","code":"458","kind":"stop","lines":",tmb-bus:H6,tmb-bus:7,tmb-bus:33,"},"geometry":{"type":"Point","coordinates":[2.12155,41.38696]}},{"type":"Feature","properties":{"name":"Palau Reial","code":"21","kind":"stop","lines":",tmb-bus:H6,tmb-bus:7,tmb-bus:33,tmb-bus:67,tmb-bus:113,tmb-bus:175,"},"geometry":{"type":"Point","coordinates":[2.11614,41.38559]}},{"type":"Feature","properties":{"name":"Zona Universitària - Final de trajecte","code":"556","kind":"stop","lines":",tmb-bus:H6,"},"geometry":{"type":"Point","coordinates":[2.11091,41.38459]}},{"type":"Feature","properties":{"name":"ETS d'Arquitectura","code":"3233","kind":"stop","lines":",tmb-bus:H6,"},"geometry":{"type":"Point","coordinates":[2.11399,41.38484]}},{"type":"Feature","properties":{"name":"Palau Reial","code":"3222","kind":"stop","lines":",tmb-bus:H6,"},"geometry":{"type":"Point","coordinates":[2.11794,41.38583]}},{"type":"Feature","properties":{"name":"Pl Pius XII","code":"3234","kind":"stop","lines":",tmb-bus:H6,"},"geometry":{"type":"Point","coordinates":[2.12089,41.38659]}},{"type":"Feature","properties":{"name":"Pl Reina Maria Cristina","code":"3223","kind":"stop","lines":",tmb-bus:H6,"},"geometry":{"type":"Point","coordinates":[2.1258,41.38783]}},{"type":"Feature","properties":{"name":"Maria Cristina - Carles III","code":"481","kind":"stop","lines":",tmb-bus:H6,tmb-bus:V3,tmb-bus:70,"},"geometry":{"type":"Point","coordinates":[2.12803,41.38933]}},{"type":"Feature","properties":{"name":"Carles III - Numància","code":"516","kind":"stop","lines":",tmb-bus:H6,tmb-bus:V3,tmb-bus:70,"},"geometry":{"type":"Point","coordinates":[2.12924,41.39169]}},{"type":"Feature","properties":{"name":"Mitre - Av Sarrià","code":"940","kind":"stop","lines":",tmb-bus:H6,tmb-bus:70,"},"geometry":{"type":"Point","coordinates":[2.13115,41.39302]}},{"type":"Feature","properties":{"name":"Mitre - Doctor Fleming","code":"1938","kind":"stop","lines":",tmb-bus:H6,tmb-bus:70,"},"geometry":{"type":"Point","coordinates":[2.13372,41.39485]}},{"type":"Feature","properties":{"name":"Mitre - Ganduxer","code":"1939","kind":"stop","lines":",tmb-bus:H6,"},"geometry":{"type":"Point","coordinates":[2.13388,41.3989]}},{"type":"Feature","properties":{"name":"Mitre - Mandri","code":"934","kind":"stop","lines":",tmb-bus:H6,"},"geometry":{"type":"Point","coordinates":[2.13628,41.40113]}},{"type":"Feature","properties":{"name":"Mitre - Muntaner","code":"96","kind":"stop","lines":",tmb-bus:H6,"},"geometry":{"type":"Point","coordinates":[2.13847,41.4031]}},{"type":"Feature","properties":{"name":"Mitre - Balmes","code":"1742","kind":"stop","lines":",tmb-bus:H6,"},"geometry":{"type":"Point","coordinates":[2.14062,41.40425]}},{"type":"Feature","properties":{"name":"Mitre - Saragossa","code":"1581","kind":"stop","lines":",tmb-bus:H6,"},"geometry":{"type":"Point","coordinates":[2.14407,41.40529]}},{"type":"Feature","properties":{"name":"Mitre - Berna","code":"1120","kind":"stop","lines":",tmb-bus:H6,"},"geometry":{"type":"Point","coordinates":[2.14664,41.40562]}},{"type":"Feature","properties":{"name":"Pl Lesseps","code":"3566","kind":"stop","lines":",tmb-bus:H6,"},"geometry":{"type":"Point","coordinates":[2.14908,41.40622]}},{"type":"Feature","properties":{"name":"Rda Guinardó - Pi i Margall","code":"3637","kind":"stop","lines":",tmb-bus:H6,tmb-bus:V19,tmb-bus:114,tmb-bus:191,"},"geometry":{"type":"Point","coordinates":[2.164,41.41175]}},{"type":"Feature","properties":{"name":"Rda Guinardó - Lepant - Alfons X","code":"3226","kind":"stop","lines":",tmb-bus:H6,tmb-bus:191,"},"geometry":{"type":"Point","coordinates":[2.16749,41.41221]}},{"type":"Feature","properties":{"name":"Rda Guinardó - Castillejos","code":"3227","kind":"stop","lines":",tmb-bus:H6,tmb-bus:191,"},"geometry":{"type":"Point","coordinates":[2.17037,41.41352]}},{"type":"Feature","properties":{"name":"Guinardó / Hospital de Sant Pau","code":"3538","kind":"stop","lines":",tmb-bus:H6,tmb-bus:V23,tmb-bus:191,"},"geometry":{"type":"Point","coordinates":[2.17387,41.41585]}},{"type":"Feature","properties":{"name":"Rda Guinardó - Vinyals","code":"3539","kind":"stop","lines":",tmb-bus:H6,"},"geometry":{"type":"Point","coordinates":[2.17629,41.41844]}},{"type":"Feature","properties":{"name":"Escòcia","code":"875","kind":"stop","lines":",tmb-bus:H6,tmb-bus:V29,tmb-bus:34,tmb-bus:122,"},"geometry":{"type":"Point","coordinates":[2.17944,41.42862]}},{"type":"Feature","properties":{"name":"Dublín - Meridiana","code":"1339","kind":"stop","lines":",tmb-bus:H6,tmb-bus:34,"},"geometry":{"type":"Point","coordinates":[2.18514,41.42861]}},{"type":"Feature","properties":{"name":"Rovira i Virgili - Parc de la Pegaso","code":"1351","kind":"stop","lines":",tmb-bus:H6,tmb-bus:34,"},"geometry":{"type":"Point","coordinates":[2.18933,41.4279]}},{"type":"Feature","properties":{"name":"Pare Manyanet - Sant Sebastià","code":"1714","kind":"stop","lines":",tmb-bus:H6,"},"geometry":{"type":"Point","coordinates":[2.19135,41.4277]}},{"type":"Feature","properties":{"name":"Fabra i Puig","code":"1886","kind":"stop","lines":",tmb-bus:H6,"},"geometry":{"type":"Point","coordinates":[2.1836,41.42979]}},{"type":"Feature","properties":{"name":"Metro Ernest Lluch - Final de trajecte","code":"3797","kind":"stop","lines":",tmb-bus:H8,"},"geometry":{"type":"Point","coordinates":[2.11187,41.37662]}},{"type":"Feature","properties":{"name":"Cardenal Reig - Av St Ramon Nonat","code":"2685","kind":"stop","lines":",tmb-bus:H8,"},"geometry":{"type":"Point","coordinates":[2.11749,41.37855]}},{"type":"Feature","properties":{"name":"Travessera de les Corts - Comte de Güell","code":"3649","kind":"stop","lines":",tmb-bus:H8,"},"geometry":{"type":"Point","coordinates":[2.12195,41.37823]}},{"type":"Feature","properties":{"name":"Les Corts - Benavent","code":"3747","kind":"stop","lines":",tmb-bus:H8,"},"geometry":{"type":"Point","coordinates":[2.12454,41.37993]}},{"type":"Feature","properties":{"name":"Les Corts - Maternitat","code":"482","kind":"stop","lines":",tmb-bus:H8,"},"geometry":{"type":"Point","coordinates":[2.12665,41.38121]}},{"type":"Feature","properties":{"name":"Les Corts - Carles III","code":"709","kind":"stop","lines":",tmb-bus:H8,tmb-bus:V5,tmb-bus:59,"},"geometry":{"type":"Point","coordinates":[2.12884,41.38273]}},{"type":"Feature","properties":{"name":"Les Corts - Vallespir","code":"1577","kind":"stop","lines":",tmb-bus:H8,tmb-bus:59,"},"geometry":{"type":"Point","coordinates":[2.13267,41.38528]}},{"type":"Feature","properties":{"name":"Numància - Parc Les Corts","code":"990","kind":"stop","lines":",tmb-bus:H8,tmb-bus:V7,tmb-bus:59,tmb-bus:78,"},"geometry":{"type":"Point","coordinates":[2.13587,41.38614]}},{"type":"Feature","properties":{"name":"Numància - Marquès de Sentmenat","code":"109","kind":"stop","lines":",tmb-bus:H8,tmb-bus:59,tmb-bus:78,"},"geometry":{"type":"Point","coordinates":[2.13746,41.38461]}},{"type":"Feature","properties":{"name":"Berlín - Nicaragua","code":"396","kind":"stop","lines":",tmb-bus:H8,tmb-bus:54,tmb-bus:59,"},"geometry":{"type":"Point","coordinates":[2.14079,41.38413]}},{"type":"Feature","properties":{"name":"Josep Tarradellas - Comte Borrell","code":"1099","kind":"stop","lines":",tmb-bus:H8,"},"geometry":{"type":"Point","coordinates":[2.14426,41.39152]}},{"type":"Feature","properties":{"name":"Diagonal - Francesc Macià","code":"168","kind":"stop","lines":",tmb-bus:H8,tmb-bus:6,tmb-bus:7,tmb-bus:33,tmb-bus:34,"},"geometry":{"type":"Point","coordinates":[2.14635,41.39312]}},{"type":"Feature","properties":{"name":"Diagonal - Muntaner","code":"929","kind":"stop","lines":",tmb-bus:H8,tmb-bus:6,tmb-bus:7,tmb-bus:33,tmb-bus:34,"},"geometry":{"type":"Point","coordinates":[2.15052,41.39417]}},{"type":"Feature","properties":{"name":"Diagonal - Balmes","code":"94","kind":"stop","lines":",tmb-bus:H8,tmb-bus:6,tmb-bus:33,tmb-bus:34,"},"geometry":{"type":"Point","coordinates":[2.15538,41.3954]}},{"type":"Feature","properties":{"name":"Diagonal - Pau Claris","code":"1080","kind":"stop","lines":",tmb-bus:H8,tmb-bus:V17,tmb-bus:6,tmb-bus:33,tmb-bus:34,"},"geometry":{"type":"Point","coordinates":[2.16065,41.39674]}},{"type":"Feature","properties":{"name":"Rosselló - Bruc","code":"146","kind":"stop","lines":",tmb-bus:H8,tmb-bus:39,tmb-bus:47,tmb-bus:114,"},"geometry":{"type":"Point","coordinates":[2.16374,41.39808]}},{"type":"Feature","properties":{"name":"Rosselló - Bailèn","code":"1089","kind":"stop","lines":",tmb-bus:H8,tmb-bus:39,tmb-bus:47,tmb-bus:114,"},"geometry":{"type":"Point","coordinates":[2.16599,41.39977]}},{"type":"Feature","properties":{"name":"Pg de Sant Joan - Còrsega","code":"213","kind":"stop","lines":",tmb-bus:H8,tmb-bus:V19,tmb-bus:39,tmb-bus:47,tmb-bus:114,"},"geometry":{"type":"Point","coordinates":[2.16595,41.40243]}},{"type":"Feature","properties":{"name":"Indústria - Grassot","code":"3907","kind":"stop","lines":",tmb-bus:H8,tmb-bus:47,"},"geometry":{"type":"Point","coordinates":[2.16686,41.4038]}},{"type":"Feature","properties":{"name":"Indústria - Sardenya","code":"949","kind":"stop","lines":",tmb-bus:H8,tmb-bus:47,"},"geometry":{"type":"Point","coordinates":[2.17028,41.40638]}},{"type":"Feature","properties":{"name":"Indústria - Lepant","code":"913","kind":"stop","lines":",tmb-bus:H8,tmb-bus:47,"},"geometry":{"type":"Point","coordinates":[2.17272,41.40821]}},{"type":"Feature","properties":{"name":"Av Gaudí","code":"307","kind":"stop","lines":",tmb-bus:H8,tmb-bus:19,tmb-bus:47,"},"geometry":{"type":"Point","coordinates":[2.17515,41.41003]}},{"type":"Feature","properties":{"name":"Indústria - Freser","code":"2665","kind":"stop","lines":",tmb-bus:H8,tmb-bus:117,tmb-bus:192,"},"geometry":{"type":"Point","coordinates":[2.18178,41.41518]}},{"type":"Feature","properties":{"name":"Navas de Tolosa - Indústria","code":"2736","kind":"stop","lines":",tmb-bus:H8,tmb-bus:V25,tmb-bus:192,"},"geometry":{"type":"Point","coordinates":[2.18502,41.41661]}},{"type":"Feature","properties":{"name":"Meridiana - Josep Estivill","code":"705","kind":"stop","lines":",tmb-bus:H8,tmb-bus:62,"},"geometry":{"type":"Point","coordinates":[2.18708,41.41795]}},{"type":"Feature","properties":{"name":"Meridiana, 298","code":"9979","kind":"stop","lines":",tmb-bus:H8,tmb-bus:V29,tmb-bus:62,"},"geometry":{"type":"Point","coordinates":[2.1871,41.42266]}},{"type":"Feature","properties":{"name":"Garcilaso - La Sagrera","code":"2492","kind":"stop","lines":",tmb-bus:H8,tmb-bus:V29,tmb-bus:126,"},"geometry":{"type":"Point","coordinates":[2.18918,41.42264]}},{"type":"Feature","properties":{"name":"Berenguer de Palou - Pont del Treball Digne","code":"946","kind":"stop","lines":",tmb-bus:H8,tmb-bus:V29,tmb-bus:V31,tmb-bus:34,tmb-bus:126,"},"geometry":{"type":"Point","coordinates":[2.19178,41.42369]}},{"type":"Feature","properties":{"name":"Berenguer de Palou - Pare Manyanet","code":"947","kind":"stop","lines":",tmb-bus:H8,tmb-bus:V31,tmb-bus:34,tmb-bus:126,"},"geometry":{"type":"Point","coordinates":[2.19171,41.42701]}},{"type":"Feature","properties":{"name":"Pare Manyanet - Virgili","code":"327","kind":"stop","lines":",tmb-bus:H8,tmb-bus:V31,tmb-bus:34,tmb-bus:126,"},"geometry":{"type":"Point","coordinates":[2.19426,41.42815]}},{"type":"Feature","properties":{"name":"Segre - Borriana","code":"3284","kind":"stop","lines":",tmb-bus:H8,tmb-bus:V31,"},"geometry":{"type":"Point","coordinates":[2.19483,41.43093]}},{"type":"Feature","properties":{"name":"Sas - Pl Celestí Boada - Final de trajecte","code":"3642","kind":"stop","lines":",tmb-bus:H8,"},"geometry":{"type":"Point","coordinates":[2.20392,41.4389]}},{"type":"Feature","properties":{"name":"Sas - Claramunt","code":"13","kind":"stop","lines":",tmb-bus:H8,tmb-bus:V33,tmb-bus:60,tmb-bus:133,"},"geometry":{"type":"Point","coordinates":[2.20418,41.43759]}},{"type":"Feature","properties":{"name":"Josep Soldevila - Torrent Estadella","code":"3309","kind":"stop","lines":",tmb-bus:H8,tmb-bus:V31,"},"geometry":{"type":"Point","coordinates":[2.19356,41.43412]}},{"type":"Feature","properties":{"name":"Josep Soldevila - Onze de Setembre","code":"3310","kind":"stop","lines":",tmb-bus:H8,tmb-bus:V31,"},"geometry":{"type":"Point","coordinates":[2.19538,41.43171]}},{"type":"Feature","properties":{"name":"Gran de Sant Andreu - Fabra i Puig","code":"641","kind":"stop","lines":",tmb-bus:H8,tmb-bus:V31,tmb-bus:126,"},"geometry":{"type":"Point","coordinates":[2.18999,41.42933]}},{"type":"Feature","properties":{"name":"Sagrera - Parc de la Pegaso","code":"409","kind":"stop","lines":",tmb-bus:H8,tmb-bus:V31,tmb-bus:34,tmb-bus:126,"},"geometry":{"type":"Point","coordinates":[2.19092,41.42632]}},{"type":"Feature","properties":{"name":"Sagrera - Martí Molins","code":"454","kind":"stop","lines":",tmb-bus:H8,tmb-bus:V29,tmb-bus:34,tmb-bus:126,"},"geometry":{"type":"Point","coordinates":[2.19108,41.42303]}},{"type":"Feature","properties":{"name":"Av. Meridiana, 277","code":"9392","kind":"stop","lines":",tmb-bus:H8,tmb-bus:V27,tmb-bus:62,tmb-bus:96,"},"geometry":{"type":"Point","coordinates":[2.18676,41.42239]}},{"type":"Feature","properties":{"name":"Sant Antoni Maria Claret - Espronceda","code":"384","kind":"stop","lines":",tmb-bus:H8,"},"geometry":{"type":"Point","coordinates":[2.18597,41.41992]}},{"type":"Feature","properties":{"name":"Sant Antoni Maria Claret - Trinxant","code":"3313","kind":"stop","lines":",tmb-bus:H8,"},"geometry":{"type":"Point","coordinates":[2.18173,41.41681]}},{"type":"Feature","properties":{"name":"Av Gaudí - Castillejos","code":"243","kind":"stop","lines":",tmb-bus:H8,tmb-bus:19,tmb-bus:47,"},"geometry":{"type":"Point","coordinates":[2.17348,41.41062]}},{"type":"Feature","properties":{"name":"Sant Antoni Maria Claret - Lepant","code":"783","kind":"stop","lines":",tmb-bus:H8,tmb-bus:47,"},"geometry":{"type":"Point","coordinates":[2.1704,41.40831]}},{"type":"Feature","properties":{"name":"Sant Antoni Maria Claret - Sardenya","code":"3369","kind":"stop","lines":",tmb-bus:H8,tmb-bus:47,"},"geometry":{"type":"Point","coordinates":[2.16816,41.40662]}},{"type":"Feature","properties":{"name":"Sant Antoni Maria Claret - Nàpols","code":"1225","kind":"stop","lines":",tmb-bus:H8,tmb-bus:47,"},"geometry":{"type":"Point","coordinates":[2.16588,41.4049]}},{"type":"Feature","properties":{"name":"Pg de Sant Joan - Còrsega","code":"1265","kind":"stop","lines":",tmb-bus:H8,tmb-bus:V19,tmb-bus:47,"},"geometry":{"type":"Point","coordinates":[2.16566,41.40207]}},{"type":"Feature","properties":{"name":"Còrsega - Bailèn","code":"3314","kind":"stop","lines":",tmb-bus:H8,tmb-bus:47,"},"geometry":{"type":"Point","coordinates":[2.1645,41.4005]}},{"type":"Feature","properties":{"name":"Còrsega - Llúria","code":"3315","kind":"stop","lines":",tmb-bus:H8,"},"geometry":{"type":"Point","coordinates":[2.16235,41.39888]}},{"type":"Feature","properties":{"name":"Diagonal - Pg de Gràcia","code":"1520","kind":"stop","lines":",tmb-bus:H8,tmb-bus:V17,tmb-bus:6,tmb-bus:33,tmb-bus:34,"},"geometry":{"type":"Point","coordinates":[2.1603,41.39681]}},{"type":"Feature","properties":{"name":"Diagonal - Balmes","code":"1425","kind":"stop","lines":",tmb-bus:H8,tmb-bus:6,tmb-bus:7,tmb-bus:33,tmb-bus:34,"},"geometry":{"type":"Point","coordinates":[2.15491,41.39545]}},{"type":"Feature","properties":{"name":"Diagonal - Muntaner","code":"928","kind":"stop","lines":",tmb-bus:H8,tmb-bus:6,tmb-bus:7,tmb-bus:33,tmb-bus:34,"},"geometry":{"type":"Point","coordinates":[2.1504,41.3943]}},{"type":"Feature","properties":{"name":"Diagonal - Francesc Macià","code":"1098","kind":"stop","lines":",tmb-bus:H8,tmb-bus:6,tmb-bus:7,tmb-bus:33,tmb-bus:34,tmb-bus:63,tmb-bus:67,"},"geometry":{"type":"Point","coordinates":[2.14586,41.39315]}},{"type":"Feature","properties":{"name":"Les Corts - Pl Dr Ignasi Barraquer","code":"376","kind":"stop","lines":",tmb-bus:H8,tmb-bus:59,"},"geometry":{"type":"Point","coordinates":[2.14063,41.39012]}},{"type":"Feature","properties":{"name":"Les Corts - Numància","code":"991","kind":"stop","lines":",tmb-bus:H8,tmb-bus:59,"},"geometry":{"type":"Point","coordinates":[2.1358,41.38731]}},{"type":"Feature","properties":{"name":"Les Corts - Vallespir","code":"484","kind":"stop","lines":",tmb-bus:H8,tmb-bus:59,"},"geometry":{"type":"Point","coordinates":[2.13273,41.38552]}},{"type":"Feature","properties":{"name":"Mercat de Les Corts","code":"485","kind":"stop","lines":",tmb-bus:H8,tmb-bus:V5,tmb-bus:59,"},"geometry":{"type":"Point","coordinates":[2.12991,41.38369]}},{"type":"Feature","properties":{"name":"Les Corts - Mejía Lequerica","code":"923","kind":"stop","lines":",tmb-bus:H8,tmb-bus:175,"},"geometry":{"type":"Point","coordinates":[2.12726,41.38191]}},{"type":"Feature","properties":{"name":"Estadi del Futbol Club Barcelona","code":"8535","kind":"stop","lines":",tmb-bus:H8,tmb-bus:175,"},"geometry":{"type":"Point","coordinates":[2.12285,41.379]}},{"type":"Feature","properties":{"name":"Av Marquès de Mont-roig - Final de trajecte","code":"2996","kind":"stop","lines":",tmb-bus:H10,"},"geometry":{"type":"Point","coordinates":[2.23411,41.44087]}},{"type":"Feature","properties":{"name":"Pavelló Olímpic","code":"2997","kind":"stop","lines":",tmb-bus:H10,"},"geometry":{"type":"Point","coordinates":[2.23122,41.44106]}},{"type":"Feature","properties":{"name":"La Salut / Congrés","code":"2998","kind":"stop","lines":",tmb-bus:H10,"},"geometry":{"type":"Point","coordinates":[2.22824,41.43949]}},{"type":"Feature","properties":{"name":"Jumilla, 53","code":"9463","kind":"stop","lines":",tmb-bus:H10,"},"geometry":{"type":"Point","coordinates":[2.22535,41.43737]}},{"type":"Feature","properties":{"name":"Maresme 155-226","code":"9462","kind":"stop","lines":",tmb-bus:H10,"},"geometry":{"type":"Point","coordinates":[2.22214,41.43541]}},{"type":"Feature","properties":{"name":"Barri Artigues","code":"3350","kind":"stop","lines":",tmb-bus:H10,"},"geometry":{"type":"Point","coordinates":[2.21901,41.43459]}},{"type":"Feature","properties":{"name":"Sant Adrià Centre","code":"329","kind":"stop","lines":",tmb-bus:H10,"},"geometry":{"type":"Point","coordinates":[2.21588,41.4328]}},{"type":"Feature","properties":{"name":"La Verneda - Polígon Montsolís","code":"1744","kind":"stop","lines":",tmb-bus:H10,tmb-bus:V33,"},"geometry":{"type":"Point","coordinates":[2.21048,41.42683]}},{"type":"Feature","properties":{"name":"Guipúscoa - Verneda","code":"1033","kind":"stop","lines":",tmb-bus:H10,"},"geometry":{"type":"Point","coordinates":[2.20842,41.42507]}},{"type":"Feature","properties":{"name":"Metro La Pau","code":"1092","kind":"stop","lines":",tmb-bus:H10,"},"geometry":{"type":"Point","coordinates":[2.20549,41.42287]}},{"type":"Feature","properties":{"name":"Guipúscoa - Cantàbria","code":"542","kind":"stop","lines":",tmb-bus:H10,tmb-bus:33,"},"geometry":{"type":"Point","coordinates":[2.20175,41.42006]}},{"type":"Feature","properties":{"name":"Guipúscoa - Selva de Mar","code":"1405","kind":"stop","lines":",tmb-bus:H10,tmb-bus:33,"},"geometry":{"type":"Point","coordinates":[2.19823,41.41742]}},{"type":"Feature","properties":{"name":"Guipúscoa - Bac de Roda","code":"106","kind":"stop","lines":",tmb-bus:H10,tmb-bus:33,"},"geometry":{"type":"Point","coordinates":[2.19506,41.41505]}},{"type":"Feature","properties":{"name":"Mallorca - Clot","code":"387","kind":"stop","lines":",tmb-bus:H10,tmb-bus:33,tmb-bus:34,"},"geometry":{"type":"Point","coordinates":[2.19051,41.41492]}},{"type":"Feature","properties":{"name":"Mallorca - Meridiana","code":"871","kind":"stop","lines":",tmb-bus:H10,tmb-bus:33,tmb-bus:34,"},"geometry":{"type":"Point","coordinates":[2.18736,41.41252]}},{"type":"Feature","properties":{"name":"Mallorca - Rogent","code":"1224","kind":"stop","lines":",tmb-bus:H10,tmb-bus:33,tmb-bus:34,"},"geometry":{"type":"Point","coordinates":[2.18443,41.41032]}},{"type":"Feature","properties":{"name":"Mallorca - Pg Sant Joan","code":"1227","kind":"stop","lines":",tmb-bus:H10,tmb-bus:33,tmb-bus:34,"},"geometry":{"type":"Point","coordinates":[2.17043,41.39984]}},{"type":"Feature","properties":{"name":"Mallorca - Girona","code":"504","kind":"stop","lines":",tmb-bus:H10,"},"geometry":{"type":"Point","coordinates":[2.16792,41.39795]}},{"type":"Feature","properties":{"name":"Mallorca - Pau Claris","code":"1066","kind":"stop","lines":",tmb-bus:H10,"},"geometry":{"type":"Point","coordinates":[2.16445,41.39534]}},{"type":"Feature","properties":{"name":"Mallorca - Pg de Gràcia","code":"1207","kind":"stop","lines":",tmb-bus:H10,"},"geometry":{"type":"Point","coordinates":[2.1618,41.39334]}},{"type":"Feature","properties":{"name":"Mallorca - Balmes","code":"4","kind":"stop","lines":",tmb-bus:H10,"},"geometry":{"type":"Point","coordinates":[2.15873,41.39102]}},{"type":"Feature","properties":{"name":"Mallorca - Muntaner","code":"166","kind":"stop","lines":",tmb-bus:H10,"},"geometry":{"type":"Point","coordinates":[2.15672,41.38951]}},{"type":"Feature","properties":{"name":"Mallorca - Comte d'Urgell","code":"139","kind":"stop","lines":",tmb-bus:H10,tmb-bus:109,"},"geometry":{"type":"Point","coordinates":[2.15312,41.38679]}},{"type":"Feature","properties":{"name":"Mallorca - Viladomat","code":"207","kind":"stop","lines":",tmb-bus:H10,tmb-bus:109,"},"geometry":{"type":"Point","coordinates":[2.15006,41.3845]}},{"type":"Feature","properties":{"name":"Av de Roma - Entença","code":"378","kind":"stop","lines":",tmb-bus:H10,tmb-bus:109,"},"geometry":{"type":"Point","coordinates":[2.14627,41.38201]}},{"type":"Feature","properties":{"name":"Pg Sant Antoni - Pl Sants - Final de trajecte","code":"3644","kind":"stop","lines":",tmb-bus:H10,"},"geometry":{"type":"Point","coordinates":[2.13555,41.37555]}},{"type":"Feature","properties":{"name":"Pg Sant Antoni - Parc de l'Espanya Industrial","code":"3878","kind":"stop","lines":",tmb-bus:H10,tmb-bus:V5,tmb-bus:27,tmb-bus:78,tmb-bus:115,"},"geometry":{"type":"Point","coordinates":[2.14077,41.37833]}},{"type":"Feature","properties":{"name":"València - Entença","code":"380","kind":"stop","lines":",tmb-bus:H10,tmb-bus:109,"},"geometry":{"type":"Point","coordinates":[2.14795,41.38105]}},{"type":"Feature","properties":{"name":"València - Viladomat","code":"2345","kind":"stop","lines":",tmb-bus:H10,tmb-bus:109,"},"geometry":{"type":"Point","coordinates":[2.1513,41.38358]}},{"type":"Feature","properties":{"name":"València - Comte d'Urgell","code":"138","kind":"stop","lines":",tmb-bus:H10,tmb-bus:V11,tmb-bus:109,"},"geometry":{"type":"Point","coordinates":[2.15454,41.38602]}},{"type":"Feature","properties":{"name":"València - Muntaner","code":"3","kind":"stop","lines":",tmb-bus:H10,tmb-bus:63,"},"geometry":{"type":"Point","coordinates":[2.15789,41.38855]}},{"type":"Feature","properties":{"name":"València - Balmes","code":"98","kind":"stop","lines":",tmb-bus:H10,tmb-bus:63,"},"geometry":{"type":"Point","coordinates":[2.16008,41.3902]}},{"type":"Feature","properties":{"name":"València - Pg de Gràcia","code":"1078","kind":"stop","lines":",tmb-bus:H10,"},"geometry":{"type":"Point","coordinates":[2.16295,41.39235]}},{"type":"Feature","properties":{"name":"València - Roger de Llúria","code":"1247","kind":"stop","lines":",tmb-bus:H10,"},"geometry":{"type":"Point","coordinates":[2.16603,41.39467]}},{"type":"Feature","properties":{"name":"Mercat de la Concepció","code":"126","kind":"stop","lines":",tmb-bus:H10,"},"geometry":{"type":"Point","coordinates":[2.16911,41.39699]}},{"type":"Feature","properties":{"name":"València - Rogent","code":"2335","kind":"stop","lines":",tmb-bus:H10,tmb-bus:33,tmb-bus:34,"},"geometry":{"type":"Point","coordinates":[2.18561,41.40935]}},{"type":"Feature","properties":{"name":"València - Muntanya","code":"337","kind":"stop","lines":",tmb-bus:H10,tmb-bus:33,tmb-bus:34,"},"geometry":{"type":"Point","coordinates":[2.18809,41.41123]}},{"type":"Feature","properties":{"name":"Espronceda - Guipúscoa","code":"2946","kind":"stop","lines":",tmb-bus:H10,tmb-bus:V27,"},"geometry":{"type":"Point","coordinates":[2.19284,41.41415]}},{"type":"Feature","properties":{"name":"Guipúscoa - Bac de Roda","code":"105","kind":"stop","lines":",tmb-bus:H10,tmb-bus:33,"},"geometry":{"type":"Point","coordinates":[2.19555,41.41497]}},{"type":"Feature","properties":{"name":"Guipúscoa - Julián Besteiro","code":"398","kind":"stop","lines":",tmb-bus:H10,tmb-bus:33,"},"geometry":{"type":"Point","coordinates":[2.19757,41.41648]}},{"type":"Feature","properties":{"name":"Guipúscoa - Treball","code":"541","kind":"stop","lines":",tmb-bus:H10,tmb-bus:33,"},"geometry":{"type":"Point","coordinates":[2.1998,41.41816]}},{"type":"Feature","properties":{"name":"Guipúscoa - Cantàbria","code":"1451","kind":"stop","lines":",tmb-bus:H10,tmb-bus:33,"},"geometry":{"type":"Point","coordinates":[2.20208,41.41986]}},{"type":"Feature","properties":{"name":"Metro La Pau","code":"3343","kind":"stop","lines":",tmb-bus:H10,"},"geometry":{"type":"Point","coordinates":[2.20577,41.42263]}},{"type":"Feature","properties":{"name":"Guipúscoa - Extremadura","code":"1665","kind":"stop","lines":",tmb-bus:H10,"},"geometry":{"type":"Point","coordinates":[2.20852,41.42469]}},{"type":"Feature","properties":{"name":"La Verneda - Polígon Montsolís","code":"899","kind":"stop","lines":",tmb-bus:H10,tmb-bus:V33,"},"geometry":{"type":"Point","coordinates":[2.21107,41.42683]}},{"type":"Feature","properties":{"name":"Sant Adrià Centre","code":"3340","kind":"stop","lines":",tmb-bus:H10,"},"geometry":{"type":"Point","coordinates":[2.21604,41.43271]}},{"type":"Feature","properties":{"name":"Barri Artigues","code":"3349","kind":"stop","lines":",tmb-bus:H10,"},"geometry":{"type":"Point","coordinates":[2.22008,41.43499]}},{"type":"Feature","properties":{"name":"Av. Maresme, 163","code":"9553","kind":"stop","lines":",tmb-bus:H10,"},"geometry":{"type":"Point","coordinates":[2.22146,41.43527]}},{"type":"Feature","properties":{"name":"Almeria, 39","code":"9464","kind":"stop","lines":",tmb-bus:H10,"},"geometry":{"type":"Point","coordinates":[2.2254,41.43637]}},{"type":"Feature","properties":{"name":"La Salut / Congrés","code":"3353","kind":"stop","lines":",tmb-bus:H10,"},"geometry":{"type":"Point","coordinates":[2.22834,41.43938]}},{"type":"Feature","properties":{"name":"Pavelló Olímpic","code":"2995","kind":"stop","lines":",tmb-bus:H10,"},"geometry":{"type":"Point","coordinates":[2.23179,41.4412]}},{"type":"Feature","properties":{"name":"Besòs - Verneda - Final de trajecte","code":"572","kind":"stop","lines":",tmb-bus:H12,"},"geometry":{"type":"Point","coordinates":[2.21039,41.42229]}},{"type":"Feature","properties":{"name":"Gran Via - Ca n'Oliva","code":"2547","kind":"stop","lines":",tmb-bus:H12,tmb-bus:60,"},"geometry":{"type":"Point","coordinates":[2.20915,41.4203]}},{"type":"Feature","properties":{"name":"Gran Via - Maresme","code":"889","kind":"stop","lines":",tmb-bus:H12,"},"geometry":{"type":"Point","coordinates":[2.20697,41.41866]}},{"type":"Feature","properties":{"name":"Gran Via - Agricultura","code":"540","kind":"stop","lines":",tmb-bus:H12,"},"geometry":{"type":"Point","coordinates":[2.20337,41.41597]}},{"type":"Feature","properties":{"name":"Gran Via - Pl dels Porxos","code":"466","kind":"stop","lines":",tmb-bus:H12,"},"geometry":{"type":"Point","coordinates":[2.20062,41.41391]}},{"type":"Feature","properties":{"name":"Gran Via - Espronceda","code":"383","kind":"stop","lines":",tmb-bus:H12,"},"geometry":{"type":"Point","coordinates":[2.19764,41.41168]}},{"type":"Feature","properties":{"name":"Gran Via - Bilbao","code":"716","kind":"stop","lines":",tmb-bus:H12,"},"geometry":{"type":"Point","coordinates":[2.19487,41.40961]}},{"type":"Feature","properties":{"name":"Diagonal - Roc Boronat","code":"1880","kind":"stop","lines":",tmb-bus:H12,tmb-bus:V25,tmb-bus:7,"},"geometry":{"type":"Point","coordinates":[2.19123,41.40457]}},{"type":"Feature","properties":{"name":"Metro Glòries","code":"247","kind":"stop","lines":",tmb-bus:H12,tmb-bus:7,"},"geometry":{"type":"Point","coordinates":[2.18709,41.40243]}},{"type":"Feature","properties":{"name":"Gran Via - Padilla","code":"785","kind":"stop","lines":",tmb-bus:H12,tmb-bus:7,"},"geometry":{"type":"Point","coordinates":[2.18269,41.40056]}},{"type":"Feature","properties":{"name":"Gran Via - Sardenya","code":"1298","kind":"stop","lines":",tmb-bus:H12,tmb-bus:6,tmb-bus:7,"},"geometry":{"type":"Point","coordinates":[2.1803,41.39874]}},{"type":"Feature","properties":{"name":"Gran Via - Roger de Flor","code":"1230","kind":"stop","lines":",tmb-bus:H12,tmb-bus:6,tmb-bus:7,"},"geometry":{"type":"Point","coordinates":[2.1769,41.39619]}},{"type":"Feature","properties":{"name":"Metro Tetuan","code":"503","kind":"stop","lines":",tmb-bus:H12,tmb-bus:7,tmb-bus:54,"},"geometry":{"type":"Point","coordinates":[2.17367,41.39376]}},{"type":"Feature","properties":{"name":"Gran Via - Llúria","code":"1246","kind":"stop","lines":",tmb-bus:H12,tmb-bus:7,tmb-bus:54,"},"geometry":{"type":"Point","coordinates":[2.17124,41.39194]}},{"type":"Feature","properties":{"name":"Gran Via - Pau Claris","code":"1081","kind":"stop","lines":",tmb-bus:H12,tmb-bus:7,tmb-bus:54,"},"geometry":{"type":"Point","coordinates":[2.16906,41.3903]}},{"type":"Feature","properties":{"name":"Gran Via/Balmes","code":"8085","kind":"stop","lines":",tmb-bus:H12,tmb-bus:52,tmb-bus:54,"},"geometry":{"type":"Point","coordinates":[2.16645,41.38835]}},{"type":"Feature","properties":{"name":"Pl Universitat","code":"7","kind":"stop","lines":",tmb-bus:H12,tmb-bus:52,"},"geometry":{"type":"Point","coordinates":[2.16331,41.38591]}},{"type":"Feature","properties":{"name":"Gran Via - Casanova","code":"167","kind":"stop","lines":",tmb-bus:H12,tmb-bus:52,tmb-bus:59,"},"geometry":{"type":"Point","coordinates":[2.161,41.38425]}},{"type":"Feature","properties":{"name":"Gran Via - Villarroel","code":"1468","kind":"stop","lines":",tmb-bus:H12,tmb-bus:52,"},"geometry":{"type":"Point","coordinates":[2.15892,41.38269]}},{"type":"Feature","properties":{"name":"Gran Via - Calàbria","code":"206","kind":"stop","lines":",tmb-bus:H12,tmb-bus:52,"},"geometry":{"type":"Point","coordinates":[2.15551,41.38012]}},{"type":"Feature","properties":{"name":"Gran Via - Vilamarí","code":"774","kind":"stop","lines":",tmb-bus:H12,tmb-bus:52,"},"geometry":{"type":"Point","coordinates":[2.15192,41.37742]}},{"type":"Feature","properties":{"name":"Gran Via - Pl Espanya","code":"3236","kind":"stop","lines":",tmb-bus:H12,tmb-bus:52,"},"geometry":{"type":"Point","coordinates":[2.14962,41.37569]}},{"type":"Feature","properties":{"name":"Pl Espanya - FGC","code":"108","kind":"stop","lines":",tmb-bus:H12,tmb-bus:H16,tmb-bus:X2,tmb-bus:46,tmb-bus:65,tmb-bus:109,"},"geometry":{"type":"Point","coordinates":[2.14718,41.37376]}},{"type":"Feature","properties":{"name":"Gran Via - Farell","code":"421","kind":"stop","lines":",tmb-bus:H12,tmb-bus:H16,tmb-bus:46,tmb-bus:65,tmb-bus:109,"},"geometry":{"type":"Point","coordinates":[2.14495,41.37199]}},{"type":"Feature","properties":{"name":"Gran Via - Moianès","code":"907","kind":"stop","lines":",tmb-bus:H12,tmb-bus:H16,tmb-bus:46,tmb-bus:65,tmb-bus:109,"},"geometry":{"type":"Point","coordinates":[2.14262,41.37023]}},{"type":"Feature","properties":{"name":"La Campana","code":"895","kind":"stop","lines":",tmb-bus:H12,tmb-bus:H16,tmb-bus:V5,tmb-bus:X2,tmb-bus:46,tmb-bus:65,tmb-bus:109,"},"geometry":{"type":"Point","coordinates":[2.14002,41.3683]}},{"type":"Feature","properties":{"name":"Gran Via - Ildefons Cerdà","code":"183","kind":"stop","lines":",tmb-bus:H12,tmb-bus:H16,tmb-bus:46,tmb-bus:65,tmb-bus:109,"},"geometry":{"type":"Point","coordinates":[2.13656,41.36583]}},{"type":"Feature","properties":{"name":"Ildefons Cerdà - Ciutat de la Justícia","code":"3023","kind":"stop","lines":",tmb-bus:H12,tmb-bus:V3,tmb-bus:46,tmb-bus:65,"},"geometry":{"type":"Point","coordinates":[2.13384,41.36381]}},{"type":"Feature","properties":{"name":"Av Granvia - Alhambra","code":"3024","kind":"stop","lines":",tmb-bus:H12,tmb-bus:46,tmb-bus:65,"},"geometry":{"type":"Point","coordinates":[2.1313,41.3619]}},{"type":"Feature","properties":{"name":"Av Granvia - Centre Comercial","code":"2965","kind":"stop","lines":",tmb-bus:H12,tmb-bus:46,tmb-bus:65,"},"geometry":{"type":"Point","coordinates":[2.12846,41.35977]}},{"type":"Feature","properties":{"name":"Pl Europa","code":"92","kind":"stop","lines":",tmb-bus:H12,tmb-bus:46,tmb-bus:65,"},"geometry":{"type":"Point","coordinates":[2.12658,41.35835]}},{"type":"Feature","properties":{"name":"Amadeu Torner","code":"2966","kind":"stop","lines":",tmb-bus:H12,tmb-bus:46,tmb-bus:65,"},"geometry":{"type":"Point","coordinates":[2.12416,41.35654]}},{"type":"Feature","properties":{"name":"Av Granvia - Can Tries","code":"1434","kind":"stop","lines":",tmb-bus:H12,tmb-bus:46,tmb-bus:65,"},"geometry":{"type":"Point","coordinates":[2.12208,41.35497]}},{"type":"Feature","properties":{"name":"Gornal - Final de trajecte","code":"3225","kind":"stop","lines":",tmb-bus:H12,"},"geometry":{"type":"Point","coordinates":[2.11963,41.35313]}},{"type":"Feature","properties":{"name":"Av Granvia - Miguel Hernández","code":"91","kind":"stop","lines":",tmb-bus:H12,tmb-bus:46,tmb-bus:65,"},"geometry":{"type":"Point","coordinates":[2.12021,41.35276]}},{"type":"Feature","properties":{"name":"Amadeu Torner","code":"2968","kind":"stop","lines":",tmb-bus:H12,tmb-bus:46,tmb-bus:65,"},"geometry":{"type":"Point","coordinates":[2.12385,41.3555]}},{"type":"Feature","properties":{"name":"Pl Europa - Fira","code":"472","kind":"stop","lines":",tmb-bus:H12,tmb-bus:46,tmb-bus:65,"},"geometry":{"type":"Point","coordinates":[2.1264,41.35742]}},{"type":"Feature","properties":{"name":"Av Granvia - Centre Comercial","code":"2970","kind":"stop","lines":",tmb-bus:H12,tmb-bus:46,tmb-bus:65,"},"geometry":{"type":"Point","coordinates":[2.12886,41.3593]}},{"type":"Feature","properties":{"name":"Av Granvia - Bloc I. Cerdà","code":"185","kind":"stop","lines":",tmb-bus:H12,tmb-bus:46,tmb-bus:65,"},"geometry":{"type":"Point","coordinates":[2.13196,41.36178]}},{"type":"Feature","properties":{"name":"Gran Via - Radi","code":"2363","kind":"stop","lines":",tmb-bus:H12,tmb-bus:V3,tmb-bus:46,tmb-bus:65,"},"geometry":{"type":"Point","coordinates":[2.13444,41.36366]}},{"type":"Feature","properties":{"name":"Gran Via - Física","code":"1173","kind":"stop","lines":",tmb-bus:H12,tmb-bus:H16,tmb-bus:46,tmb-bus:65,tmb-bus:109,"},"geometry":{"type":"Point","coordinates":[2.1364,41.36522]}},{"type":"Feature","properties":{"name":"La Campana","code":"868","kind":"stop","lines":",tmb-bus:H12,tmb-bus:H16,tmb-bus:X2,tmb-bus:46,tmb-bus:65,tmb-bus:109,"},"geometry":{"type":"Point","coordinates":[2.13998,41.36803]}},{"type":"Feature","properties":{"name":"Gran Via - Mandoni","code":"941","kind":"stop","lines":",tmb-bus:H12,tmb-bus:H16,tmb-bus:46,tmb-bus:65,tmb-bus:109,"},"geometry":{"type":"Point","coordinates":[2.14195,41.3695]}},{"type":"Feature","properties":{"name":"Gran Via - Santa Dorotea","code":"1310","kind":"stop","lines":",tmb-bus:H12,tmb-bus:H16,tmb-bus:46,tmb-bus:65,tmb-bus:91,tmb-bus:109,"},"geometry":{"type":"Point","coordinates":[2.14488,41.37171]}},{"type":"Feature","properties":{"name":"Gran Via Corts Catalanes","code":"8373","kind":"stop","lines":",tmb-bus:H12,tmb-bus:H16,tmb-bus:91,tmb-bus:109,"},"geometry":{"type":"Point","coordinates":[2.14809,41.37398]}},{"type":"Feature","properties":{"name":"Gran Via - Entença","code":"1254","kind":"stop","lines":",tmb-bus:H12,tmb-bus:52,"},"geometry":{"type":"Point","coordinates":[2.15372,41.37839]}},{"type":"Feature","properties":{"name":"Gran Via - Viladomat","code":"1556","kind":"stop","lines":",tmb-bus:H12,tmb-bus:52,"},"geometry":{"type":"Point","coordinates":[2.15591,41.38004]}},{"type":"Feature","properties":{"name":"Gran Via - Urgell","code":"1469","kind":"stop","lines":",tmb-bus:H12,tmb-bus:52,"},"geometry":{"type":"Point","coordinates":[2.15909,41.38242]}},{"type":"Feature","properties":{"name":"Gran Via - Muntaner","code":"927","kind":"stop","lines":",tmb-bus:H12,tmb-bus:52,tmb-bus:59,"},"geometry":{"type":"Point","coordinates":[2.16169,41.38438]}},{"type":"Feature","properties":{"name":"Pl Universitat","code":"1075","kind":"stop","lines":",tmb-bus:H12,tmb-bus:V13,tmb-bus:X1,tmb-bus:52,tmb-bus:54,tmb-bus:59,"},"geometry":{"type":"Point","coordinates":[2.16397,41.38607]}},{"type":"Feature","properties":{"name":"Gran Via - Balmes","code":"1209","kind":"stop","lines":",tmb-bus:H12,tmb-bus:7,tmb-bus:52,tmb-bus:54,tmb-bus:67,"},"geometry":{"type":"Point","coordinates":[2.16643,41.38793]}},{"type":"Feature","properties":{"name":"Gran Via - Roger de Flor","code":"1319","kind":"stop","lines":",tmb-bus:H12,tmb-bus:6,tmb-bus:7,"},"geometry":{"type":"Point","coordinates":[2.1773,41.3961]}},{"type":"Feature","properties":{"name":"Gran Via - Marina","code":"914","kind":"stop","lines":",tmb-bus:H12,tmb-bus:6,tmb-bus:7,"},"geometry":{"type":"Point","coordinates":[2.18065,41.39861]}},{"type":"Feature","properties":{"name":"Gran Via - Padilla","code":"499","kind":"stop","lines":",tmb-bus:H12,tmb-bus:X1,tmb-bus:7,"},"geometry":{"type":"Point","coordinates":[2.18327,41.40039]}},{"type":"Feature","properties":{"name":"Metro Glòries","code":"32","kind":"stop","lines":",tmb-bus:H12,tmb-bus:X1,tmb-bus:7,"},"geometry":{"type":"Point","coordinates":[2.18808,41.40302]}},{"type":"Feature","properties":{"name":"Av. Meridiana, 82-86","code":"9610","kind":"stop","lines":",tmb-bus:H12,tmb-bus:V25,tmb-bus:192,"},"geometry":{"type":"Point","coordinates":[2.18712,41.40621]}},{"type":"Feature","properties":{"name":"Bilbao, 217","code":"9465","kind":"stop","lines":",tmb-bus:H12,"},"geometry":{"type":"Point","coordinates":[2.19354,41.41017]}},{"type":"Feature","properties":{"name":"Gran Via - Bac de Roda","code":"464","kind":"stop","lines":",tmb-bus:H12,"},"geometry":{"type":"Point","coordinates":[2.19743,41.41109]}},{"type":"Feature","properties":{"name":"Gran Via - Selva de Mar","code":"717","kind":"stop","lines":",tmb-bus:H12,"},"geometry":{"type":"Point","coordinates":[2.20088,41.41367]}},{"type":"Feature","properties":{"name":"Gran Via - St Martí Provençals","code":"2949","kind":"stop","lines":",tmb-bus:H12,"},"geometry":{"type":"Point","coordinates":[2.20374,41.41581]}},{"type":"Feature","properties":{"name":"Gran Via - Maresme","code":"888","kind":"stop","lines":",tmb-bus:H12,"},"geometry":{"type":"Point","coordinates":[2.20619,41.41763]}},{"type":"Feature","properties":{"name":"Metro Besòs","code":"962","kind":"stop","lines":",tmb-bus:H12,tmb-bus:V31,tmb-bus:136,"},"geometry":{"type":"Point","coordinates":[2.2077,41.42048]}},{"type":"Feature","properties":{"name":"Pl Glòries","code":"3934","kind":"stop","lines":",tmb-bus:H12,"},"geometry":{"type":"Point","coordinates":[2.18802,41.4031]}},{"type":"Feature","properties":{"name":"Ciutat de la Justícia - Final de trajecte","code":"8280","kind":"stop","lines":",tmb-bus:H12,"},"geometry":{"type":"Point","coordinates":[2.13379,41.36377]}},{"type":"Feature","properties":{"name":"Radi - Gran Via","code":"3936","kind":"stop","lines":",tmb-bus:H12,"},"geometry":{"type":"Point","coordinates":[2.1346,41.36297]}},{"type":"Feature","properties":{"name":"Plaça de les Glòries - Final de trajecte","code":"2729","kind":"stop","lines":",tmb-bus:H12,"},"geometry":{"type":"Point","coordinates":[2.18811,41.40304]}},{"type":"Feature","properties":{"name":"Rda St Pau - Carrer de les Flors - Final trajecte","code":"3417","kind":"stop","lines":",tmb-bus:H14,"},"geometry":{"type":"Point","coordinates":[2.16721,41.37569]}},{"type":"Feature","properties":{"name":"Pg Isabel II - Pla de Palau","code":"3395","kind":"stop","lines":",tmb-bus:H14,"},"geometry":{"type":"Point","coordinates":[2.18379,41.38282]}},{"type":"Feature","properties":{"name":"Estació de França","code":"1382","kind":"stop","lines":",tmb-bus:H14,tmb-bus:V17,tmb-bus:V19,"},"geometry":{"type":"Point","coordinates":[2.1854,41.38484]}},{"type":"Feature","properties":{"name":"Parc de la Ciutadella - Princesa","code":"1129","kind":"stop","lines":",tmb-bus:H14,tmb-bus:V17,tmb-bus:V19,"},"geometry":{"type":"Point","coordinates":[2.18305,41.3878]}},{"type":"Feature","properties":{"name":"Pg Pujades - Parc de la Ciutadella","code":"1616","kind":"stop","lines":",tmb-bus:H14,tmb-bus:H16,"},"geometry":{"type":"Point","coordinates":[2.18505,41.38998]}},{"type":"Feature","properties":{"name":"Buenaventura Muñoz - Sardenya","code":"1302","kind":"stop","lines":",tmb-bus:H14,"},"geometry":{"type":"Point","coordinates":[2.18755,41.39358]}},{"type":"Feature","properties":{"name":"Pallars - Zamora","code":"697","kind":"stop","lines":",tmb-bus:H14,tmb-bus:6,"},"geometry":{"type":"Point","coordinates":[2.19092,41.39597]}},{"type":"Feature","properties":{"name":"Pallars - Pere IV","code":"1109","kind":"stop","lines":",tmb-bus:H14,tmb-bus:6,"},"geometry":{"type":"Point","coordinates":[2.19462,41.39871]}},{"type":"Feature","properties":{"name":"Pallars - Rambla del Poblenou","code":"1275","kind":"stop","lines":",tmb-bus:H14,"},"geometry":{"type":"Point","coordinates":[2.19905,41.40203]}},{"type":"Feature","properties":{"name":"Pallars - Bilbao","code":"1948","kind":"stop","lines":",tmb-bus:H14,"},"geometry":{"type":"Point","coordinates":[2.20147,41.40385]}},{"type":"Feature","properties":{"name":"Pallars - Bac de Roda","code":"3467","kind":"stop","lines":",tmb-bus:H14,"},"geometry":{"type":"Point","coordinates":[2.20557,41.40695]}},{"type":"Feature","properties":{"name":"Pallars - Selva de Mar","code":"3881","kind":"stop","lines":",tmb-bus:H14,"},"geometry":{"type":"Point","coordinates":[2.2092,41.40969]}},{"type":"Feature","properties":{"name":"Pallars - Josep Pla","code":"3882","kind":"stop","lines":",tmb-bus:H14,"},"geometry":{"type":"Point","coordinates":[2.21274,41.41236]}},{"type":"Feature","properties":{"name":"Rambla Prim - Ferrer Bassa","code":"469","kind":"stop","lines":",tmb-bus:H14,tmb-bus:V31,tmb-bus:136,"},"geometry":{"type":"Point","coordinates":[2.2151,41.4148]}},{"type":"Feature","properties":{"name":"Cristóbal de Moura - Perpinyà","code":"3556","kind":"stop","lines":",tmb-bus:H14,tmb-bus:V33,"},"geometry":{"type":"Point","coordinates":[2.2158,41.41791]}},{"type":"Feature","properties":{"name":"Parc del Besòs","code":"3337","kind":"stop","lines":",tmb-bus:H14,"},"geometry":{"type":"Point","coordinates":[2.21834,41.41981]}},{"type":"Feature","properties":{"name":"La Catalana","code":"3338","kind":"stop","lines":",tmb-bus:H14,"},"geometry":{"type":"Point","coordinates":[2.22206,41.42259]}},{"type":"Feature","properties":{"name":"Torrassa","code":"2421","kind":"stop","lines":",tmb-bus:H14,"},"geometry":{"type":"Point","coordinates":[2.22553,41.42633]}},{"type":"Feature","properties":{"name":"Av de la Platja - Final de trajecte","code":"3356","kind":"stop","lines":",tmb-bus:H14,"},"geometry":{"type":"Point","coordinates":[2.22955,41.42547]}},{"type":"Feature","properties":{"name":"Torrassa","code":"2422","kind":"stop","lines":",tmb-bus:H14,"},"geometry":{"type":"Point","coordinates":[2.22524,41.42629]}},{"type":"Feature","properties":{"name":"La Catalana","code":"2420","kind":"stop","lines":",tmb-bus:H14,"},"geometry":{"type":"Point","coordinates":[2.22161,41.42254]}},{"type":"Feature","properties":{"name":"Parc del Besòs","code":"2418","kind":"stop","lines":",tmb-bus:H14,"},"geometry":{"type":"Point","coordinates":[2.21876,41.42043]}},{"type":"Feature","properties":{"name":"Cristóbal de Moura - Perpinyà","code":"3547","kind":"stop","lines":",tmb-bus:H14,tmb-bus:V33,"},"geometry":{"type":"Point","coordinates":[2.21556,41.41799]}},{"type":"Feature","properties":{"name":"Cristóbal de Moura - Rambla Prim","code":"3548","kind":"stop","lines":",tmb-bus:H14,"},"geometry":{"type":"Point","coordinates":[2.21245,41.41567]}},{"type":"Feature","properties":{"name":"Marroc - Puigcerdà","code":"3550","kind":"stop","lines":",tmb-bus:H14,"},"geometry":{"type":"Point","coordinates":[2.20873,41.41457]}},{"type":"Feature","properties":{"name":"Marroc - Treball","code":"3641","kind":"stop","lines":",tmb-bus:H14,"},"geometry":{"type":"Point","coordinates":[2.20648,41.41289]}},{"type":"Feature","properties":{"name":"Pere IV, 315","code":"9189","kind":"stop","lines":",tmb-bus:H14,"},"geometry":{"type":"Point","coordinates":[2.20314,41.41017]}},{"type":"Feature","properties":{"name":"Marroc - Bac de Roda","code":"3551","kind":"stop","lines":",tmb-bus:H14,"},"geometry":{"type":"Point","coordinates":[2.20132,41.409]}},{"type":"Feature","properties":{"name":"Marroc 33-30","code":"9101","kind":"stop","lines":",tmb-bus:H14,"},"geometry":{"type":"Point","coordinates":[2.19926,41.40743]}},{"type":"Feature","properties":{"name":"Tànger - Llacuna","code":"3469","kind":"stop","lines":",tmb-bus:H14,"},"geometry":{"type":"Point","coordinates":[2.19446,41.40382]}},{"type":"Feature","properties":{"name":"Tànger - Badajoz","code":"3480","kind":"stop","lines":",tmb-bus:H14,"},"geometry":{"type":"Point","coordinates":[2.19124,41.40141]}},{"type":"Feature","properties":{"name":"Tànger - Av Meridiana","code":"3552","kind":"stop","lines":",tmb-bus:H14,"},"geometry":{"type":"Point","coordinates":[2.18743,41.39858]}},{"type":"Feature","properties":{"name":"Meridiana - Almogàvers","code":"3397","kind":"stop","lines":",tmb-bus:H14,tmb-bus:H16,"},"geometry":{"type":"Point","coordinates":[2.18676,41.39414]}},{"type":"Feature","properties":{"name":"Pg Pujades - Parc de la Ciutadella","code":"1226","kind":"stop","lines":",tmb-bus:H14,tmb-bus:H16,"},"geometry":{"type":"Point","coordinates":[2.18537,41.39046]}},{"type":"Feature","properties":{"name":"Pg Picasso - Princesa","code":"1163","kind":"stop","lines":",tmb-bus:H14,tmb-bus:V17,tmb-bus:V19,"},"geometry":{"type":"Point","coordinates":[2.18352,41.38713]}},{"type":"Feature","properties":{"name":"Av Marquès de l'Argentera - Pg Picasso","code":"1108","kind":"stop","lines":",tmb-bus:H14,tmb-bus:V17,tmb-bus:V19,"},"geometry":{"type":"Point","coordinates":[2.18519,41.38509]}},{"type":"Feature","properties":{"name":"Pla de Palau - Av Marquès de l'Argentera","code":"3396","kind":"stop","lines":",tmb-bus:H14,"},"geometry":{"type":"Point","coordinates":[2.18382,41.38347]}},{"type":"Feature","properties":{"name":"Ramon Viñas, 4","code":"9910","kind":"stop","lines":",tmb-bus:H14,"},"geometry":{"type":"Point","coordinates":[2.23078,41.42706]}},{"type":"Feature","properties":{"name":"Platja, 148","code":"9909","kind":"stop","lines":",tmb-bus:H14,"},"geometry":{"type":"Point","coordinates":[2.23027,41.42482]}},{"type":"Feature","properties":{"name":"Pl del Nou - Final de trajecte","code":"1011","kind":"stop","lines":",tmb-bus:H16,"},"geometry":{"type":"Point","coordinates":[2.14114,41.35325]}},{"type":"Feature","properties":{"name":"Pg Zona Franca - Cisell","code":"1323","kind":"stop","lines":",tmb-bus:H16,tmb-bus:V3,tmb-bus:23,tmb-bus:109,"},"geometry":{"type":"Point","coordinates":[2.14317,41.35477]}},{"type":"Feature","properties":{"name":"Pg Zona Franca - Foc","code":"44","kind":"stop","lines":",tmb-bus:H16,tmb-bus:V3,tmb-bus:109,"},"geometry":{"type":"Point","coordinates":[2.14154,41.35686]}},{"type":"Feature","properties":{"name":"Pg Zona Franca - Foneria","code":"450","kind":"stop","lines":",tmb-bus:H16,tmb-bus:V3,tmb-bus:109,"},"geometry":{"type":"Point","coordinates":[2.13962,41.35957]}},{"type":"Feature","properties":{"name":"Pg Zona Franca - Mineria","code":"867","kind":"stop","lines":",tmb-bus:H16,tmb-bus:V3,tmb-bus:109,tmb-bus:125,"},"geometry":{"type":"Point","coordinates":[2.13764,41.3623]}},{"type":"Feature","properties":{"name":"Floridablanca - Av Mistral","code":"204","kind":"stop","lines":",tmb-bus:H16,tmb-bus:13,tmb-bus:55,tmb-bus:91,"},"geometry":{"type":"Point","coordinates":[2.15606,41.37658]}},{"type":"Feature","properties":{"name":"Floridablanca - Viladomat","code":"137","kind":"stop","lines":",tmb-bus:H16,tmb-bus:13,tmb-bus:55,tmb-bus:91,tmb-bus:120,"},"geometry":{"type":"Point","coordinates":[2.15816,41.37817]}},{"type":"Feature","properties":{"name":"Pl Catalunya - Portal de l'Àngel","code":"1103","kind":"stop","lines":",tmb-bus:H16,tmb-bus:V15,tmb-bus:55,tmb-bus:59,"},"geometry":{"type":"Point","coordinates":[2.17085,41.38644]}},{"type":"Feature","properties":{"name":"Pl Urquinaona","code":"1040","kind":"stop","lines":",tmb-bus:H16,tmb-bus:V17,tmb-bus:19,"},"geometry":{"type":"Point","coordinates":[2.17332,41.38878]}},{"type":"Feature","properties":{"name":"Trafalgar - Bruc","code":"780","kind":"stop","lines":",tmb-bus:H16,tmb-bus:V17,tmb-bus:19,"},"geometry":{"type":"Point","coordinates":[2.177,41.38972]}},{"type":"Feature","properties":{"name":"Pg Lluís Companys - Arc de Triomf","code":"1127","kind":"stop","lines":",tmb-bus:H16,tmb-bus:V17,tmb-bus:V19,"},"geometry":{"type":"Point","coordinates":[2.18025,41.39069]}},{"type":"Feature","properties":{"name":"Pg Lluís Companys - Parc de la Ciutadella","code":"1128","kind":"stop","lines":",tmb-bus:H16,tmb-bus:V17,tmb-bus:V19,"},"geometry":{"type":"Point","coordinates":[2.1827,41.38884]}},{"type":"Feature","properties":{"name":"Sardenya - Pujades","code":"2293","kind":"stop","lines":",tmb-bus:H16,"},"geometry":{"type":"Point","coordinates":[2.18854,41.39181]}},{"type":"Feature","properties":{"name":"Ramon Trias Fargas - Doctor Trueta","code":"2294","kind":"stop","lines":",tmb-bus:H16,"},"geometry":{"type":"Point","coordinates":[2.19074,41.39016]}},{"type":"Feature","properties":{"name":"Icària - Parc Carles I","code":"2295","kind":"stop","lines":",tmb-bus:H16,"},"geometry":{"type":"Point","coordinates":[2.19393,41.38843]}},{"type":"Feature","properties":{"name":"Av Icària - Joan Miró","code":"698","kind":"stop","lines":",tmb-bus:H16,tmb-bus:V27,tmb-bus:59,"},"geometry":{"type":"Point","coordinates":[2.19631,41.39042]}},{"type":"Feature","properties":{"name":"Av Icària - Av Bogatell","code":"34","kind":"stop","lines":",tmb-bus:H16,tmb-bus:V27,tmb-bus:59,"},"geometry":{"type":"Point","coordinates":[2.19932,41.39303]}},{"type":"Feature","properties":{"name":"Carmen Amaya - Taulat","code":"3605","kind":"stop","lines":",tmb-bus:H16,tmb-bus:V25,tmb-bus:V27,"},"geometry":{"type":"Point","coordinates":[2.20277,41.39435]}},{"type":"Feature","properties":{"name":"Pg Calvell - Rambla del Poblenou","code":"700","kind":"stop","lines":",tmb-bus:H16,tmb-bus:V27,"},"geometry":{"type":"Point","coordinates":[2.20652,41.39745]}},{"type":"Feature","properties":{"name":"Pg Taulat - Jonquera","code":"3317","kind":"stop","lines":",tmb-bus:H16,tmb-bus:V27,"},"geometry":{"type":"Point","coordinates":[2.2076,41.40063]}},{"type":"Feature","properties":{"name":"Pg Taulat - Bac de Roda","code":"3318","kind":"stop","lines":",tmb-bus:H16,"},"geometry":{"type":"Point","coordinates":[2.21078,41.40303]}},{"type":"Feature","properties":{"name":"Pg Taulat - Provençals","code":"2151","kind":"stop","lines":",tmb-bus:H16,"},"geometry":{"type":"Point","coordinates":[2.21312,41.40479]}},{"type":"Feature","properties":{"name":"Pg Taulat - Diagonal Mar","code":"2266","kind":"stop","lines":",tmb-bus:H16,"},"geometry":{"type":"Point","coordinates":[2.21548,41.40699]}},{"type":"Feature","properties":{"name":"Pg Taulat - Pl de Llevant","code":"3477","kind":"stop","lines":",tmb-bus:H16,"},"geometry":{"type":"Point","coordinates":[2.21806,41.4097]}},{"type":"Feature","properties":{"name":"Sant Ramon de Penyafort - Ronda Litoral","code":"3594","kind":"stop","lines":",tmb-bus:H16,tmb-bus:V33,"},"geometry":{"type":"Point","coordinates":[2.22176,41.4132]}},{"type":"Feature","properties":{"name":"UPC - Campus Diagonal Besòs - Final de trajecte","code":"3479","kind":"stop","lines":",tmb-bus:H16,"},"geometry":{"type":"Point","coordinates":[2.22021,41.41245]}},{"type":"Feature","properties":{"name":"Diagonal Mar","code":"2689","kind":"stop","lines":",tmb-bus:H16,"},"geometry":{"type":"Point","coordinates":[2.21831,41.41028]}},{"type":"Feature","properties":{"name":"Pg Taulat - Diagonal Mar","code":"2265","kind":"stop","lines":",tmb-bus:H16,"},"geometry":{"type":"Point","coordinates":[2.21533,41.40703]}},{"type":"Feature","properties":{"name":"Pg Taulat - Provençals","code":"2264","kind":"stop","lines":",tmb-bus:H16,"},"geometry":{"type":"Point","coordinates":[2.21238,41.40494]}},{"type":"Feature","properties":{"name":"Pg Taulat - Bac de Roda","code":"2907","kind":"stop","lines":",tmb-bus:H16,"},"geometry":{"type":"Point","coordinates":[2.20954,41.40262]}},{"type":"Feature","properties":{"name":"Pg Garcia Fària - Jonquera","code":"3320","kind":"stop","lines":",tmb-bus:H16,tmb-bus:V27,"},"geometry":{"type":"Point","coordinates":[2.2087,41.3997]}},{"type":"Feature","properties":{"name":"Pg Calvell - Rambla del Poblenou","code":"1022","kind":"stop","lines":",tmb-bus:H16,tmb-bus:V27,"},"geometry":{"type":"Point","coordinates":[2.20592,41.39701]}},{"type":"Feature","properties":{"name":"Cementiri de l'Est","code":"342","kind":"stop","lines":",tmb-bus:H16,tmb-bus:V27,"},"geometry":{"type":"Point","coordinates":[2.20239,41.39428]}},{"type":"Feature","properties":{"name":"Av Icària - Àlaba","code":"2","kind":"stop","lines":",tmb-bus:H16,tmb-bus:V27,tmb-bus:59,"},"geometry":{"type":"Point","coordinates":[2.19899,41.3931]}},{"type":"Feature","properties":{"name":"Av Icària - Joan Miró","code":"1764","kind":"stop","lines":",tmb-bus:H16,tmb-bus:V27,tmb-bus:59,"},"geometry":{"type":"Point","coordinates":[2.19577,41.39033]}},{"type":"Feature","properties":{"name":"Marina - Doctor Trueta","code":"1278","kind":"stop","lines":",tmb-bus:H16,tmb-bus:V21,tmb-bus:136,"},"geometry":{"type":"Point","coordinates":[2.19218,41.39094]}},{"type":"Feature","properties":{"name":"Marina - Llull","code":"3509","kind":"stop","lines":",tmb-bus:H16,tmb-bus:V21,"},"geometry":{"type":"Point","coordinates":[2.18984,41.39271]}},{"type":"Feature","properties":{"name":"Pg Lluís Companys - Parc de la Ciutadella","code":"130","kind":"stop","lines":",tmb-bus:H16,tmb-bus:V17,tmb-bus:V19,"},"geometry":{"type":"Point","coordinates":[2.18353,41.3895]}},{"type":"Feature","properties":{"name":"Pg Lluís Companys - Almogàvers","code":"3141","kind":"stop","lines":",tmb-bus:H16,tmb-bus:V17,tmb-bus:V19,"},"geometry":{"type":"Point","coordinates":[2.1813,41.39119]}},{"type":"Feature","properties":{"name":"Arc de Triomf","code":"123","kind":"stop","lines":",tmb-bus:H16,tmb-bus:V17,tmb-bus:19,"},"geometry":{"type":"Point","coordinates":[2.17872,41.39127]}},{"type":"Feature","properties":{"name":"Manso - Rocafort","code":"3438","kind":"stop","lines":",tmb-bus:H16,tmb-bus:121,"},"geometry":{"type":"Point","coordinates":[2.15927,41.37574]}},{"type":"Feature","properties":{"name":"Pg Zona Franca - Ctra del Prat","code":"449","kind":"stop","lines":",tmb-bus:H16,tmb-bus:V3,tmb-bus:109,"},"geometry":{"type":"Point","coordinates":[2.13745,41.36207]}},{"type":"Feature","properties":{"name":"Pg Zona Franca - Foneria","code":"43","kind":"stop","lines":",tmb-bus:H16,tmb-bus:V3,tmb-bus:109,"},"geometry":{"type":"Point","coordinates":[2.13908,41.35983]}},{"type":"Feature","properties":{"name":"Pg Zona Franca - Foc","code":"2336","kind":"stop","lines":",tmb-bus:H16,tmb-bus:V3,tmb-bus:109,"},"geometry":{"type":"Point","coordinates":[2.14134,41.35671]}},{"type":"Feature","properties":{"name":"Pg Zona Franca - Cisell","code":"199","kind":"stop","lines":",tmb-bus:H16,tmb-bus:V3,tmb-bus:23,tmb-bus:109,"},"geometry":{"type":"Point","coordinates":[2.14298,41.3544]}},{"type":"Feature","properties":{"name":"Primer de maig - Botànica - Final de trajecte","code":"3710","kind":"stop","lines":",tmb-bus:V1,"},"geometry":{"type":"Point","coordinates":[2.12213,41.34608]}},{"type":"Feature","properties":{"name":"Botànica - Primer de Maig","code":"3711","kind":"stop","lines":",tmb-bus:V1,"},"geometry":{"type":"Point","coordinates":[2.1233,41.34767]}},{"type":"Feature","properties":{"name":"Botànica - Miguel Hernández","code":"2185","kind":"stop","lines":",tmb-bus:V1,tmb-bus:X3,"},"geometry":{"type":"Point","coordinates":[2.12646,41.34939]}},{"type":"Feature","properties":{"name":"Av Joan Carles I - Botànica","code":"3720","kind":"stop","lines":",tmb-bus:V1,"},"geometry":{"type":"Point","coordinates":[2.12986,41.35201]}},{"type":"Feature","properties":{"name":"Av Joan Carles I - Ciències","code":"3712","kind":"stop","lines":",tmb-bus:V1,"},"geometry":{"type":"Point","coordinates":[2.12614,41.35564]}},{"type":"Feature","properties":{"name":"Metro/FGC Europa - Fira","code":"3713","kind":"stop","lines":",tmb-bus:V1,"},"geometry":{"type":"Point","coordinates":[2.12482,41.35787]}},{"type":"Feature","properties":{"name":"Amadeu Torner - Aprestadora","code":"3714","kind":"stop","lines":",tmb-bus:V1,"},"geometry":{"type":"Point","coordinates":[2.12247,41.36185]}},{"type":"Feature","properties":{"name":"Av Carrilet - Cooperativa","code":"3715","kind":"stop","lines":",tmb-bus:V1,"},"geometry":{"type":"Point","coordinates":[2.12241,41.365]}},{"type":"Feature","properties":{"name":"Av Carrilet - Comerç","code":"3716","kind":"stop","lines":",tmb-bus:V1,"},"geometry":{"type":"Point","coordinates":[2.12627,41.36456]}},{"type":"Feature","properties":{"name":"Ciutat de la Justícia","code":"3938","kind":"stop","lines":",tmb-bus:V1,"},"geometry":{"type":"Point","coordinates":[2.13228,41.36528]}},{"type":"Feature","properties":{"name":"Riera Blanca - Santa Eulàlia","code":"3718","kind":"stop","lines":",tmb-bus:V1,"},"geometry":{"type":"Point","coordinates":[2.1317,41.36791]}},{"type":"Feature","properties":{"name":"Riera Blanca - Santiago Ramón y Cajal","code":"3652","kind":"stop","lines":",tmb-bus:V1,"},"geometry":{"type":"Point","coordinates":[2.13091,41.36919]}},{"type":"Feature","properties":{"name":"Riera Blanca - Pavia","code":"3653","kind":"stop","lines":",tmb-bus:V1,"},"geometry":{"type":"Point","coordinates":[2.12823,41.3712]}},{"type":"Feature","properties":{"name":"Riera Blanca - Sant Frederic","code":"3654","kind":"stop","lines":",tmb-bus:V1,"},"geometry":{"type":"Point","coordinates":[2.12602,41.37258]}},{"type":"Feature","properties":{"name":"Riera Blanca - Regent Mendieta","code":"3661","kind":"stop","lines":",tmb-bus:V1,"},"geometry":{"type":"Point","coordinates":[2.12181,41.37622]}},{"type":"Feature","properties":{"name":"Arístides Maillol - Trav de les Corts","code":"3662","kind":"stop","lines":",tmb-bus:V1,"},"geometry":{"type":"Point","coordinates":[2.12124,41.37835]}},{"type":"Feature","properties":{"name":"Av Doctor Marañón - Baldiri i Reixac","code":"296","kind":"stop","lines":",tmb-bus:V1,"},"geometry":{"type":"Point","coordinates":[2.11397,41.38206]}},{"type":"Feature","properties":{"name":"Zona Universitària - Facultat d'Economia i Empresa","code":"548","kind":"stop","lines":",tmb-bus:V1,tmb-bus:33,tmb-bus:113,tmb-bus:175,"},"geometry":{"type":"Point","coordinates":[2.11102,41.3847]}},{"type":"Feature","properties":{"name":"González Tablas - Cavallers","code":"3746","kind":"stop","lines":",tmb-bus:V1,"},"geometry":{"type":"Point","coordinates":[2.10785,41.38639]}},{"type":"Feature","properties":{"name":"Av d'Esplugues - González Tablas","code":"3358","kind":"stop","lines":",tmb-bus:V1,tmb-bus:63,"},"geometry":{"type":"Point","coordinates":[2.10577,41.38697]}},{"type":"Feature","properties":{"name":"Parc de Cervantes - Final de trajecte","code":"3646","kind":"stop","lines":",tmb-bus:V1,"},"geometry":{"type":"Point","coordinates":[2.10538,41.38603]}},{"type":"Feature","properties":{"name":"Diagonal - Complex Esportiu Universitari","code":"3174","kind":"stop","lines":",tmb-bus:V1,tmb-bus:113,"},"geometry":{"type":"Point","coordinates":[2.11171,41.38408]}},{"type":"Feature","properties":{"name":"Av Doctor Marañón - Av de Xile","code":"1650","kind":"stop","lines":",tmb-bus:V1,tmb-bus:113,"},"geometry":{"type":"Point","coordinates":[2.11435,41.38144]}},{"type":"Feature","properties":{"name":"Mini Estadi del F C Barcelona","code":"2550","kind":"stop","lines":",tmb-bus:V1,"},"geometry":{"type":"Point","coordinates":[2.11782,41.38069]}},{"type":"Feature","properties":{"name":"Riera Blanca - Les Corts","code":"2399","kind":"stop","lines":",tmb-bus:V1,tmb-bus:54,"},"geometry":{"type":"Point","coordinates":[2.12142,41.37749]}},{"type":"Feature","properties":{"name":"Riera Blanca - Plaça Guernica","code":"3647","kind":"stop","lines":",tmb-bus:V1,"},"geometry":{"type":"Point","coordinates":[2.1228,41.375]}},{"type":"Feature","properties":{"name":"Riera Blanca - Rambla Catalana","code":"3648","kind":"stop","lines":",tmb-bus:V1,"},"geometry":{"type":"Point","coordinates":[2.12626,41.37226]}},{"type":"Feature","properties":{"name":"Riera Blanca - Congost","code":"3650","kind":"stop","lines":",tmb-bus:V1,"},"geometry":{"type":"Point","coordinates":[2.12878,41.37091]}},{"type":"Feature","properties":{"name":"Metro Santa Eulàlia","code":"3651","kind":"stop","lines":",tmb-bus:V1,"},"geometry":{"type":"Point","coordinates":[2.13079,41.36916]}},{"type":"Feature","properties":{"name":"Riera Blanca - Santa Eulàlia","code":"3700","kind":"stop","lines":",tmb-bus:V1,"},"geometry":{"type":"Point","coordinates":[2.13164,41.36775]}},{"type":"Feature","properties":{"name":"Aprestadora - Buenos Aires","code":"3701","kind":"stop","lines":",tmb-bus:V1,"},"geometry":{"type":"Point","coordinates":[2.13102,41.36548]}},{"type":"Feature","properties":{"name":"Pl Francesc Macià","code":"3702","kind":"stop","lines":",tmb-bus:V1,"},"geometry":{"type":"Point","coordinates":[2.12776,41.36321]}},{"type":"Feature","properties":{"name":"Metro Provençana","code":"3703","kind":"stop","lines":",tmb-bus:V1,"},"geometry":{"type":"Point","coordinates":[2.12412,41.36144]}},{"type":"Feature","properties":{"name":"CAP Amadeu Torner","code":"3704","kind":"stop","lines":",tmb-bus:V1,"},"geometry":{"type":"Point","coordinates":[2.12302,41.36049]}},{"type":"Feature","properties":{"name":"Amadeu Torner - Jerusalem","code":"3705","kind":"stop","lines":",tmb-bus:V1,"},"geometry":{"type":"Point","coordinates":[2.12435,41.35824]}},{"type":"Feature","properties":{"name":"Av Joan Carles I - Av Gran Via","code":"3706","kind":"stop","lines":",tmb-bus:V1,"},"geometry":{"type":"Point","coordinates":[2.12584,41.35571]}},{"type":"Feature","properties":{"name":"Av Joan Carles I - Ciències","code":"3707","kind":"stop","lines":",tmb-bus:V1,"},"geometry":{"type":"Point","coordinates":[2.12756,41.3536]}},{"type":"Feature","properties":{"name":"Av Joan Carles I - Botànica","code":"3708","kind":"stop","lines":",tmb-bus:V1,"},"geometry":{"type":"Point","coordinates":[2.12966,41.35187]}},{"type":"Feature","properties":{"name":"Pablo Iglesias - Av Joan Carles I","code":"2709","kind":"stop","lines":",tmb-bus:V1,tmb-bus:X3,"},"geometry":{"type":"Point","coordinates":[2.13105,41.34907]}},{"type":"Feature","properties":{"name":"Pablo Iglesias - Miguel Hernández","code":"3709","kind":"stop","lines":",tmb-bus:V1,"},"geometry":{"type":"Point","coordinates":[2.12472,41.34635]}},{"type":"Feature","properties":{"name":"Pol. Ind. Zona Franca - Final de trajecte","code":"3322","kind":"stop","lines":",tmb-bus:V3,"},"geometry":{"type":"Point","coordinates":[2.14276,41.34549]}},{"type":"Feature","properties":{"name":"Transports Metropolitans de Barcelona","code":"1670","kind":"stop","lines":",tmb-bus:V3,tmb-bus:21,tmb-bus:23,tmb-bus:109,"},"geometry":{"type":"Point","coordinates":[2.14228,41.34674]}},{"type":"Feature","properties":{"name":"Pg Zona Franca - Motors","code":"200","kind":"stop","lines":",tmb-bus:V3,tmb-bus:23,tmb-bus:109,"},"geometry":{"type":"Point","coordinates":[2.14534,41.3517]}},{"type":"Feature","properties":{"name":"Ildefons Cerdà - Rambla Badal","code":"3323","kind":"stop","lines":",tmb-bus:V3,"},"geometry":{"type":"Point","coordinates":[2.13574,41.36508]}},{"type":"Feature","properties":{"name":"Badal - Av Carrilet","code":"760","kind":"stop","lines":",tmb-bus:V3,tmb-bus:91,"},"geometry":{"type":"Point","coordinates":[2.13461,41.36662]}},{"type":"Feature","properties":{"name":"Badal - Constitució","code":"1769","kind":"stop","lines":",tmb-bus:V3,"},"geometry":{"type":"Point","coordinates":[2.13305,41.36938]}},{"type":"Feature","properties":{"name":"Carles III - Les Corts","code":"2532","kind":"stop","lines":",tmb-bus:V3,tmb-bus:70,tmb-bus:175,"},"geometry":{"type":"Point","coordinates":[2.12847,41.38215]}},{"type":"Feature","properties":{"name":"Carles III - Mejía Lequerica","code":"291","kind":"stop","lines":",tmb-bus:V3,tmb-bus:V5,tmb-bus:59,tmb-bus:70,tmb-bus:175,"},"geometry":{"type":"Point","coordinates":[2.12752,41.38524]}},{"type":"Feature","properties":{"name":"Diagonal - Joan Güell","code":"491","kind":"stop","lines":",tmb-bus:V3,tmb-bus:70,"},"geometry":{"type":"Point","coordinates":[2.12812,41.38803]}},{"type":"Feature","properties":{"name":"Benet Mateu - Manuel de Falla","code":"699","kind":"stop","lines":",tmb-bus:V3,tmb-bus:34,tmb-bus:130,"},"geometry":{"type":"Point","coordinates":[2.12624,41.39385]}},{"type":"Feature","properties":{"name":"Santa Amèlia - Capità Arenas","code":"2362","kind":"stop","lines":",tmb-bus:V3,"},"geometry":{"type":"Point","coordinates":[2.12407,41.39419]}},{"type":"Feature","properties":{"name":"Santa Amèlia","code":"2384","kind":"stop","lines":",tmb-bus:V3,"},"geometry":{"type":"Point","coordinates":[2.12198,41.39308]}},{"type":"Feature","properties":{"name":"Av J V Foix - Pedró de la Creu","code":"2385","kind":"stop","lines":",tmb-bus:V3,"},"geometry":{"type":"Point","coordinates":[2.12011,41.39558]}},{"type":"Feature","properties":{"name":"Av J V Foix - Pg Reina Elisenda","code":"2387","kind":"stop","lines":",tmb-bus:V3,tmb-bus:130,"},"geometry":{"type":"Point","coordinates":[2.11922,41.3981]}},{"type":"Feature","properties":{"name":"Av J V Foix - Monestir","code":"2388","kind":"stop","lines":",tmb-bus:V3,"},"geometry":{"type":"Point","coordinates":[2.11671,41.39959]}},{"type":"Feature","properties":{"name":"Ronda de Dalt - Av J V Foix","code":"2383","kind":"stop","lines":",tmb-bus:V3,"},"geometry":{"type":"Point","coordinates":[2.11421,41.40146]}},{"type":"Feature","properties":{"name":"Esports - Ronda de Dalt","code":"2856","kind":"stop","lines":",tmb-bus:V3,tmb-bus:130,"},"geometry":{"type":"Point","coordinates":[2.11218,41.40086]}},{"type":"Feature","properties":{"name":"Can Caralleu - Final de trajecte","code":"195","kind":"stop","lines":",tmb-bus:V3,"},"geometry":{"type":"Point","coordinates":[2.11163,41.40197]}},{"type":"Feature","properties":{"name":"Ronda de Dalt - Av J V Foix","code":"3325","kind":"stop","lines":",tmb-bus:V3,"},"geometry":{"type":"Point","coordinates":[2.114,41.40091]}},{"type":"Feature","properties":{"name":"Av J V Foix - Monestir","code":"2389","kind":"stop","lines":",tmb-bus:V3,"},"geometry":{"type":"Point","coordinates":[2.11739,41.39907]}},{"type":"Feature","properties":{"name":"Av J V Foix - Pg Reina Elisenda","code":"2390","kind":"stop","lines":",tmb-bus:V3,"},"geometry":{"type":"Point","coordinates":[2.11909,41.39802]}},{"type":"Feature","properties":{"name":"Av J V Foix - Pedró de la Creu","code":"1570","kind":"stop","lines":",tmb-bus:V3,tmb-bus:130,"},"geometry":{"type":"Point","coordinates":[2.11996,41.39554]}},{"type":"Feature","properties":{"name":"Eduardo Conde - Santa Amèlia","code":"1571","kind":"stop","lines":",tmb-bus:V3,tmb-bus:130,"},"geometry":{"type":"Point","coordinates":[2.12109,41.39334]}},{"type":"Feature","properties":{"name":"Capità Arenas - Manuel de Falla","code":"2128","kind":"stop","lines":",tmb-bus:V3,tmb-bus:34,"},"geometry":{"type":"Point","coordinates":[2.12483,41.39303]}},{"type":"Feature","properties":{"name":"Carles III - Maria Cristina","code":"1376","kind":"stop","lines":",tmb-bus:V3,tmb-bus:V5,tmb-bus:70,tmb-bus:175,"},"geometry":{"type":"Point","coordinates":[2.12695,41.38744]}},{"type":"Feature","properties":{"name":"Carles III - Mejía Lequerica","code":"1378","kind":"stop","lines":",tmb-bus:V3,tmb-bus:V5,tmb-bus:59,tmb-bus:70,tmb-bus:175,"},"geometry":{"type":"Point","coordinates":[2.12723,41.38421]}},{"type":"Feature","properties":{"name":"Carles III - Les Corts","code":"412","kind":"stop","lines":",tmb-bus:V3,tmb-bus:70,"},"geometry":{"type":"Point","coordinates":[2.12801,41.38183]}},{"type":"Feature","properties":{"name":"Carles III - Av Madrid","code":"858","kind":"stop","lines":",tmb-bus:V3,"},"geometry":{"type":"Point","coordinates":[2.12873,41.37979]}},{"type":"Feature","properties":{"name":"Rambla de Badal - Constitució","code":"2916","kind":"stop","lines":",tmb-bus:V3,tmb-bus:115,"},"geometry":{"type":"Point","coordinates":[2.13298,41.36825]}},{"type":"Feature","properties":{"name":"Badal - Av Carrilet","code":"1976","kind":"stop","lines":",tmb-bus:V3,"},"geometry":{"type":"Point","coordinates":[2.13411,41.36654]}},{"type":"Feature","properties":{"name":"Pg Zona Franca - Motors","code":"1045","kind":"stop","lines":",tmb-bus:V3,tmb-bus:23,tmb-bus:109,"},"geometry":{"type":"Point","coordinates":[2.14514,41.35148]}},{"type":"Feature","properties":{"name":"Pg Zona Franca - Sant Eloi - Final de trajecte","code":"3546","kind":"stop","lines":",tmb-bus:V5,"},"geometry":{"type":"Point","coordinates":[2.14277,41.3553]}},{"type":"Feature","properties":{"name":"Foc - Mare de Déu de Port","code":"1914","kind":"stop","lines":",tmb-bus:V5,tmb-bus:X3,tmb-bus:13,tmb-bus:23,"},"geometry":{"type":"Point","coordinates":[2.14404,41.35842]}},{"type":"Feature","properties":{"name":"Ferrocarrils Catalans - Aviador Duran","code":"1917","kind":"stop","lines":",tmb-bus:V5,tmb-bus:13,tmb-bus:125,"},"geometry":{"type":"Point","coordinates":[2.14134,41.36131]}},{"type":"Feature","properties":{"name":"Mare de Déu de Port - L'Anoia","code":"3518","kind":"stop","lines":",tmb-bus:V5,"},"geometry":{"type":"Point","coordinates":[2.13945,41.36406]}},{"type":"Feature","properties":{"name":"Mineria - Font Florida","code":"3519","kind":"stop","lines":",tmb-bus:V5,"},"geometry":{"type":"Point","coordinates":[2.13988,41.36636]}},{"type":"Feature","properties":{"name":"Mossèn Amadeu Oller - Gran Via","code":"2837","kind":"stop","lines":",tmb-bus:V5,tmb-bus:115,"},"geometry":{"type":"Point","coordinates":[2.13916,41.36805]}},{"type":"Feature","properties":{"name":"Olzinelles - Constitució","code":"1849","kind":"stop","lines":",tmb-bus:V5,tmb-bus:115,"},"geometry":{"type":"Point","coordinates":[2.13771,41.37036]}},{"type":"Feature","properties":{"name":"Olzinelles - Noguera Pallaresa","code":"1850","kind":"stop","lines":",tmb-bus:V5,tmb-bus:115,"},"geometry":{"type":"Point","coordinates":[2.13705,41.37194]}},{"type":"Feature","properties":{"name":"Pl Bonet i Muixí","code":"1851","kind":"stop","lines":",tmb-bus:V5,tmb-bus:115,"},"geometry":{"type":"Point","coordinates":[2.13637,41.37423]}},{"type":"Feature","properties":{"name":"Pl Sants","code":"3520","kind":"stop","lines":",tmb-bus:V5,tmb-bus:115,"},"geometry":{"type":"Point","coordinates":[2.13615,41.37571]}},{"type":"Feature","properties":{"name":"Comtes de Bell-lloc - Berlín","code":"3521","kind":"stop","lines":",tmb-bus:V5,"},"geometry":{"type":"Point","coordinates":[2.13617,41.38232]}},{"type":"Feature","properties":{"name":"Can Bruixa - Comtes de Bell-lloc","code":"3522","kind":"stop","lines":",tmb-bus:V5,"},"geometry":{"type":"Point","coordinates":[2.13416,41.3846]}},{"type":"Feature","properties":{"name":"Diagonal - Pl Reina Maria Cristina","code":"237","kind":"stop","lines":",tmb-bus:V5,tmb-bus:7,tmb-bus:33,tmb-bus:63,tmb-bus:67,tmb-bus:78,tmb-bus:175,"},"geometry":{"type":"Point","coordinates":[2.12739,41.38844]}},{"type":"Feature","properties":{"name":"Pl Pius XII","code":"765","kind":"stop","lines":",tmb-bus:V5,tmb-bus:63,tmb-bus:78,"},"geometry":{"type":"Point","coordinates":[2.12162,41.38812]}},{"type":"Feature","properties":{"name":"Av Pedralbes - Tòquio","code":"1413","kind":"stop","lines":",tmb-bus:V5,tmb-bus:63,tmb-bus:78,"},"geometry":{"type":"Point","coordinates":[2.11908,41.39008]}},{"type":"Feature","properties":{"name":"Av Pedralbes - Cavallers","code":"172","kind":"stop","lines":",tmb-bus:V5,tmb-bus:63,tmb-bus:78,"},"geometry":{"type":"Point","coordinates":[2.11524,41.39305]}},{"type":"Feature","properties":{"name":"Av Pearson - Av d'Esplugues","code":"3544","kind":"stop","lines":",tmb-bus:V5,"},"geometry":{"type":"Point","coordinates":[2.11197,41.39406]}},{"type":"Feature","properties":{"name":"Av Pearson - Pl Joan d'Alòs - Final de trajecte","code":"3545","kind":"stop","lines":",tmb-bus:V5,"},"geometry":{"type":"Point","coordinates":[2.11035,41.39377]}},{"type":"Feature","properties":{"name":"Av Pedralbes - Cavallers","code":"711","kind":"stop","lines":",tmb-bus:V5,tmb-bus:63,tmb-bus:78,"},"geometry":{"type":"Point","coordinates":[2.11519,41.3929]}},{"type":"Feature","properties":{"name":"Av Pedralbes - Pg Manuel Girona","code":"297","kind":"stop","lines":",tmb-bus:V5,tmb-bus:63,tmb-bus:78,"},"geometry":{"type":"Point","coordinates":[2.11894,41.39]}},{"type":"Feature","properties":{"name":"Diagonal - Av Joan XXIII","code":"492","kind":"stop","lines":",tmb-bus:V5,tmb-bus:7,tmb-bus:33,tmb-bus:63,tmb-bus:67,tmb-bus:78,tmb-bus:175,"},"geometry":{"type":"Point","coordinates":[2.12299,41.38693]}},{"type":"Feature","properties":{"name":"Joan Güell - Travessera de les Corts","code":"3524","kind":"stop","lines":",tmb-bus:V5,"},"geometry":{"type":"Point","coordinates":[2.13102,41.38366]}},{"type":"Feature","properties":{"name":"Joan Güell - Av Madrid","code":"3525","kind":"stop","lines":",tmb-bus:V5,"},"geometry":{"type":"Point","coordinates":[2.13254,41.3803]}},{"type":"Feature","properties":{"name":"Joan Güell, 47","code":"8944","kind":"stop","lines":",tmb-bus:V5,"},"geometry":{"type":"Point","coordinates":[2.13354,41.37817]}},{"type":"Feature","properties":{"name":"Sant antoni - Pl de Sants","code":"7019","kind":"stop","lines":",tmb-bus:V5,"},"geometry":{"type":"Point","coordinates":[2.13634,41.37606]}},{"type":"Feature","properties":{"name":"Consell de Cent - Rector Triadó","code":"1841","kind":"stop","lines":",tmb-bus:V5,tmb-bus:115,"},"geometry":{"type":"Point","coordinates":[2.1457,41.37656]}},{"type":"Feature","properties":{"name":"Moianès - Vilardell","code":"1842","kind":"stop","lines":",tmb-bus:V5,tmb-bus:115,"},"geometry":{"type":"Point","coordinates":[2.14247,41.37427]}},{"type":"Feature","properties":{"name":"Moianès - Cuyàs","code":"2835","kind":"stop","lines":",tmb-bus:V5,tmb-bus:91,tmb-bus:115,"},"geometry":{"type":"Point","coordinates":[2.14235,41.37125]}},{"type":"Feature","properties":{"name":"Química - Gran Via","code":"3527","kind":"stop","lines":",tmb-bus:V5,"},"geometry":{"type":"Point","coordinates":[2.1383,41.36578]}},{"type":"Feature","properties":{"name":"Mare de Déu de Port - Mineria","code":"2503","kind":"stop","lines":",tmb-bus:V5,tmb-bus:125,"},"geometry":{"type":"Point","coordinates":[2.1392,41.364]}},{"type":"Feature","properties":{"name":"Mare de Déu de Port - Foneria","code":"1912","kind":"stop","lines":",tmb-bus:V5,tmb-bus:13,tmb-bus:125,"},"geometry":{"type":"Point","coordinates":[2.14033,41.36059]}},{"type":"Feature","properties":{"name":"Mare de Déu de Port - Foc","code":"3528","kind":"stop","lines":",tmb-bus:V5,"},"geometry":{"type":"Point","coordinates":[2.14334,41.35831]}},{"type":"Feature","properties":{"name":"Mare de Déu de Port - Cisell","code":"2495","kind":"stop","lines":",tmb-bus:V5,tmb-bus:125,"},"geometry":{"type":"Point","coordinates":[2.14469,41.35632]}},{"type":"Feature","properties":{"name":"Cisell - Mare de Déu de Port","code":"3517","kind":"stop","lines":",tmb-bus:V5,tmb-bus:125,"},"geometry":{"type":"Point","coordinates":[2.14539,41.35493]}},{"type":"Feature","properties":{"name":"Sarrià - Final de trajecte","code":"3263","kind":"stop","lines":",tmb-bus:V7,"},"geometry":{"type":"Point","coordinates":[2.11458,41.40392]}},{"type":"Feature","properties":{"name":"Via Augusta - Margenat","code":"1745","kind":"stop","lines":",tmb-bus:V7,tmb-bus:130,"},"geometry":{"type":"Point","coordinates":[2.12044,41.40201]}},{"type":"Feature","properties":{"name":"Pg Bonanova","code":"622","kind":"stop","lines":",tmb-bus:V7,tmb-bus:68,"},"geometry":{"type":"Point","coordinates":[2.12335,41.39997]}},{"type":"Feature","properties":{"name":"Via Augusta - Els Vergós","code":"1573","kind":"stop","lines":",tmb-bus:V7,tmb-bus:68,"},"geometry":{"type":"Point","coordinates":[2.12575,41.39826]}},{"type":"Feature","properties":{"name":"Els Vergós","code":"701","kind":"stop","lines":",tmb-bus:V7,"},"geometry":{"type":"Point","coordinates":[2.127,41.39708]}},{"type":"Feature","properties":{"name":"Pg Sant Joan Bosco","code":"3265","kind":"stop","lines":",tmb-bus:V7,"},"geometry":{"type":"Point","coordinates":[2.12689,41.39483]}},{"type":"Feature","properties":{"name":"Sant Joan Bosco, 41","code":"1951","kind":"stop","lines":",tmb-bus:V7,"},"geometry":{"type":"Point","coordinates":[2.12775,41.39417]}},{"type":"Feature","properties":{"name":"Numància - Ronda General Mitre","code":"1953","kind":"stop","lines":",tmb-bus:V7,"},"geometry":{"type":"Point","coordinates":[2.13082,41.39137]}},{"type":"Feature","properties":{"name":"Numància - Diagonal","code":"1380","kind":"stop","lines":",tmb-bus:V7,tmb-bus:78,"},"geometry":{"type":"Point","coordinates":[2.13286,41.38915]}},{"type":"Feature","properties":{"name":"Vilamarí - Diputació","code":"9196","kind":"stop","lines":",tmb-bus:V7,"},"geometry":{"type":"Point","coordinates":[2.15022,41.37814]}},{"type":"Feature","properties":{"name":"Nicaragua - Josep Tarradellas","code":"110","kind":"stop","lines":",tmb-bus:V7,tmb-bus:78,"},"geometry":{"type":"Point","coordinates":[2.14184,41.3829]}},{"type":"Feature","properties":{"name":"Nicaragua - Parc Les Corts","code":"1377","kind":"stop","lines":",tmb-bus:V7,tmb-bus:78,"},"geometry":{"type":"Point","coordinates":[2.13778,41.38625]}},{"type":"Feature","properties":{"name":"Constança","code":"3267","kind":"stop","lines":",tmb-bus:V7,"},"geometry":{"type":"Point","coordinates":[2.13484,41.38928]}},{"type":"Feature","properties":{"name":"Av Sarrià","code":"3268","kind":"stop","lines":",tmb-bus:V7,"},"geometry":{"type":"Point","coordinates":[2.13275,41.39143]}},{"type":"Feature","properties":{"name":"Av Sarrià - Prat de la Riba","code":"3269","kind":"stop","lines":",tmb-bus:V7,"},"geometry":{"type":"Point","coordinates":[2.1307,41.39252]}},{"type":"Feature","properties":{"name":"Pg Sant Joan Bosco","code":"3293","kind":"stop","lines":",tmb-bus:V7,"},"geometry":{"type":"Point","coordinates":[2.1275,41.39452]}},{"type":"Feature","properties":{"name":"Els Vergós","code":"3264","kind":"stop","lines":",tmb-bus:V7,"},"geometry":{"type":"Point","coordinates":[2.12629,41.39648]}},{"type":"Feature","properties":{"name":"Via Augusta - Pau Alcover","code":"133","kind":"stop","lines":",tmb-bus:V7,tmb-bus:68,"},"geometry":{"type":"Point","coordinates":[2.12593,41.39843]}},{"type":"Feature","properties":{"name":"Pg Bonanova","code":"134","kind":"stop","lines":",tmb-bus:V7,tmb-bus:68,"},"geometry":{"type":"Point","coordinates":[2.12404,41.39994]}},{"type":"Feature","properties":{"name":"CAP Sarrià","code":"1587","kind":"stop","lines":",tmb-bus:V7,"},"geometry":{"type":"Point","coordinates":[2.12148,41.40192]}},{"type":"Feature","properties":{"name":"Anglí - Pl Benet XV - Final de trajecte","code":"3583","kind":"stop","lines":",tmb-bus:V9,"},"geometry":{"type":"Point","coordinates":[2.12066,41.40545]}},{"type":"Feature","properties":{"name":"Anglí - Margenat","code":"3584","kind":"stop","lines":",tmb-bus:V9,"},"geometry":{"type":"Point","coordinates":[2.12268,41.40339]}},{"type":"Feature","properties":{"name":"Anglí - Pg Bonanova","code":"3585","kind":"stop","lines":",tmb-bus:V9,"},"geometry":{"type":"Point","coordinates":[2.12469,41.40134]}},{"type":"Feature","properties":{"name":"Anglí - Via Augusta","code":"3586","kind":"stop","lines":",tmb-bus:V9,"},"geometry":{"type":"Point","coordinates":[2.12784,41.39812]}},{"type":"Feature","properties":{"name":"Via Augusta - Ronda General Mitre","code":"523","kind":"stop","lines":",tmb-bus:V9,tmb-bus:68,"},"geometry":{"type":"Point","coordinates":[2.13208,41.3977]}},{"type":"Feature","properties":{"name":"Dr Fleming - Ronda General Mitre","code":"3587","kind":"stop","lines":",tmb-bus:V9,"},"geometry":{"type":"Point","coordinates":[2.1346,41.3948]}},{"type":"Feature","properties":{"name":"Dr Fleming - Bori i Fontestà","code":"3588","kind":"stop","lines":",tmb-bus:V9,"},"geometry":{"type":"Point","coordinates":[2.13605,41.39182]}},{"type":"Feature","properties":{"name":"Diagonal - Av de Sarrià","code":"822","kind":"stop","lines":",tmb-bus:V9,tmb-bus:6,tmb-bus:7,tmb-bus:33,tmb-bus:34,tmb-bus:63,tmb-bus:67,"},"geometry":{"type":"Point","coordinates":[2.14031,41.39133]}},{"type":"Feature","properties":{"name":"Viladomat - Còrsega","code":"3590","kind":"stop","lines":",tmb-bus:V9,"},"geometry":{"type":"Point","coordinates":[2.14753,41.38697]}},{"type":"Feature","properties":{"name":"Viladomat - Mallorca","code":"3426","kind":"stop","lines":",tmb-bus:V9,"},"geometry":{"type":"Point","coordinates":[2.14975,41.38529]}},{"type":"Feature","properties":{"name":"Viladomat - Aragó","code":"3591","kind":"stop","lines":",tmb-bus:V9,"},"geometry":{"type":"Point","coordinates":[2.15319,41.38272]}},{"type":"Feature","properties":{"name":"Viladomat - Diputació","code":"3592","kind":"stop","lines":",tmb-bus:V9,"},"geometry":{"type":"Point","coordinates":[2.15591,41.38066]}},{"type":"Feature","properties":{"name":"Viladomat - Sepúlveda","code":"3568","kind":"stop","lines":",tmb-bus:V9,"},"geometry":{"type":"Point","coordinates":[2.15803,41.37906]}},{"type":"Feature","properties":{"name":"Poble Sec - Final de trajecte","code":"3574","kind":"stop","lines":",tmb-bus:V9,"},"geometry":{"type":"Point","coordinates":[2.16275,41.37549]}},{"type":"Feature","properties":{"name":"Entença - Av Mistral","code":"3575","kind":"stop","lines":",tmb-bus:V9,"},"geometry":{"type":"Point","coordinates":[2.15461,41.37667]}},{"type":"Feature","properties":{"name":"Entença - Gran Via","code":"319","kind":"stop","lines":",tmb-bus:V9,"},"geometry":{"type":"Point","coordinates":[2.15235,41.37837]}},{"type":"Feature","properties":{"name":"Entença - Consell de Cent","code":"59","kind":"stop","lines":",tmb-bus:V9,"},"geometry":{"type":"Point","coordinates":[2.15009,41.38008]}},{"type":"Feature","properties":{"name":"Entença - València","code":"3576","kind":"stop","lines":",tmb-bus:V9,"},"geometry":{"type":"Point","coordinates":[2.14777,41.38184]}},{"type":"Feature","properties":{"name":"Entença - Rosselló","code":"3577","kind":"stop","lines":",tmb-bus:V9,"},"geometry":{"type":"Point","coordinates":[2.14456,41.38426]}},{"type":"Feature","properties":{"name":"Entença - Av Josep Tarradellas","code":"3578","kind":"stop","lines":",tmb-bus:V9,"},"geometry":{"type":"Point","coordinates":[2.14208,41.38616]}},{"type":"Feature","properties":{"name":"Entença - Montnegre","code":"1381","kind":"stop","lines":",tmb-bus:V9,tmb-bus:78,"},"geometry":{"type":"Point","coordinates":[2.13946,41.38853]}},{"type":"Feature","properties":{"name":"Entença - Déu i Mata","code":"3579","kind":"stop","lines":",tmb-bus:V9,"},"geometry":{"type":"Point","coordinates":[2.13776,41.39033]}},{"type":"Feature","properties":{"name":"Doctor Fleming - Santa Fe de Nou Mèxic","code":"3580","kind":"stop","lines":",tmb-bus:V9,"},"geometry":{"type":"Point","coordinates":[2.135,41.39434]}},{"type":"Feature","properties":{"name":"Via Augusta - Ronda General Mitre","code":"2288","kind":"stop","lines":",tmb-bus:V9,tmb-bus:68,"},"geometry":{"type":"Point","coordinates":[2.1336,41.39785]}},{"type":"Feature","properties":{"name":"Calatrava - Vergós","code":"3581","kind":"stop","lines":",tmb-bus:V9,"},"geometry":{"type":"Point","coordinates":[2.13029,41.39954]}},{"type":"Feature","properties":{"name":"Iradier - Pg Bonanova","code":"3582","kind":"stop","lines":",tmb-bus:V9,"},"geometry":{"type":"Point","coordinates":[2.12669,41.40321]}},{"type":"Feature","properties":{"name":"Iradier - Planella","code":"2435","kind":"stop","lines":",tmb-bus:V9,tmb-bus:123,"},"geometry":{"type":"Point","coordinates":[2.12459,41.40536]}},{"type":"Feature","properties":{"name":"Iradier - Terré","code":"3719","kind":"stop","lines":",tmb-bus:V9,"},"geometry":{"type":"Point","coordinates":[2.12289,41.4071]}},{"type":"Feature","properties":{"name":"Moll de Barcelona - Final de trajecte","code":"2243","kind":"stop","lines":",tmb-bus:V11,"},"geometry":{"type":"Point","coordinates":[2.17976,41.37242]}},{"type":"Feature","properties":{"name":"Pl Josep Maria Folch","code":"1005","kind":"stop","lines":",tmb-bus:V11,tmb-bus:121,"},"geometry":{"type":"Point","coordinates":[2.16593,41.37665]}},{"type":"Feature","properties":{"name":"Comte d'Urgell - Floridablanca","code":"442","kind":"stop","lines":",tmb-bus:V11,"},"geometry":{"type":"Point","coordinates":[2.16036,41.38089]}},{"type":"Feature","properties":{"name":"Comte d'Urgell - Gran Via","code":"312","kind":"stop","lines":",tmb-bus:V11,"},"geometry":{"type":"Point","coordinates":[2.158,41.38267]}},{"type":"Feature","properties":{"name":"Comte d'Urgell - Aragó","code":"54","kind":"stop","lines":",tmb-bus:V11,"},"geometry":{"type":"Point","coordinates":[2.15547,41.38457]}},{"type":"Feature","properties":{"name":"Casanova - Hospital Clínic","code":"214","kind":"stop","lines":",tmb-bus:V11,tmb-bus:59,tmb-bus:63,"},"geometry":{"type":"Point","coordinates":[2.15257,41.39044]}},{"type":"Feature","properties":{"name":"Casanova - Diagonal","code":"282","kind":"stop","lines":",tmb-bus:V11,tmb-bus:68,"},"geometry":{"type":"Point","coordinates":[2.14858,41.39318]}},{"type":"Feature","properties":{"name":"Santaló - Mercat Galvany","code":"989","kind":"stop","lines":",tmb-bus:V11,tmb-bus:68,"},"geometry":{"type":"Point","coordinates":[2.14423,41.39694]}},{"type":"Feature","properties":{"name":"Via Augusta - Amigó","code":"1527","kind":"stop","lines":",tmb-bus:V11,tmb-bus:68,"},"geometry":{"type":"Point","coordinates":[2.14077,41.39806]}},{"type":"Feature","properties":{"name":"Via Augusta - Modolell","code":"525","kind":"stop","lines":",tmb-bus:V11,tmb-bus:68,"},"geometry":{"type":"Point","coordinates":[2.13668,41.39786]}},{"type":"Feature","properties":{"name":"Ganduxer - Alacant","code":"526","kind":"stop","lines":",tmb-bus:V11,tmb-bus:70,"},"geometry":{"type":"Point","coordinates":[2.13357,41.40019]}},{"type":"Feature","properties":{"name":"Ganduxer - Emancipació","code":"527","kind":"stop","lines":",tmb-bus:V11,tmb-bus:70,"},"geometry":{"type":"Point","coordinates":[2.13128,41.40315]}},{"type":"Feature","properties":{"name":"Mandri - Jardins Ca n'Altimira - Final de trajecte","code":"997","kind":"stop","lines":",tmb-bus:V11,"},"geometry":{"type":"Point","coordinates":[2.13268,41.40419]}},{"type":"Feature","properties":{"name":"Mandri - Artesa de Segre","code":"993","kind":"stop","lines":",tmb-bus:V11,tmb-bus:70,"},"geometry":{"type":"Point","coordinates":[2.13402,41.40297]}},{"type":"Feature","properties":{"name":"Vico - Ronda General Mitre","code":"3834","kind":"stop","lines":",tmb-bus:V11,"},"geometry":{"type":"Point","coordinates":[2.13601,41.40042]}},{"type":"Feature","properties":{"name":"Freixa - Vallmajor","code":"3835","kind":"stop","lines":",tmb-bus:V11,"},"geometry":{"type":"Point","coordinates":[2.13836,41.39924]}},{"type":"Feature","properties":{"name":"Via Augusta - Calvet","code":"202","kind":"stop","lines":",tmb-bus:V11,tmb-bus:68,"},"geometry":{"type":"Point","coordinates":[2.1391,41.39772]}},{"type":"Feature","properties":{"name":"Calvet - Tenor Viñas","code":"1426","kind":"stop","lines":",tmb-bus:V11,tmb-bus:68,"},"geometry":{"type":"Point","coordinates":[2.14183,41.39601]}},{"type":"Feature","properties":{"name":"Calvet - Diagonal","code":"287","kind":"stop","lines":",tmb-bus:V11,tmb-bus:68,"},"geometry":{"type":"Point","coordinates":[2.14498,41.39346]}},{"type":"Feature","properties":{"name":"Villarroel - Buenos Aires","code":"814","kind":"stop","lines":",tmb-bus:V11,tmb-bus:59,tmb-bus:63,tmb-bus:67,tmb-bus:68,tmb-bus:141,"},"geometry":{"type":"Point","coordinates":[2.1476,41.39205]}},{"type":"Feature","properties":{"name":"Villarroel - Hospital Clínic","code":"1264","kind":"stop","lines":",tmb-bus:V11,tmb-bus:X1,tmb-bus:59,tmb-bus:63,tmb-bus:141,"},"geometry":{"type":"Point","coordinates":[2.15113,41.38938]}},{"type":"Feature","properties":{"name":"Villarroel - Mercat del Ninot","code":"1488","kind":"stop","lines":",tmb-bus:V11,tmb-bus:59,tmb-bus:141,"},"geometry":{"type":"Point","coordinates":[2.15455,41.3868]}},{"type":"Feature","properties":{"name":"Villarroel - Aragó","code":"173","kind":"stop","lines":",tmb-bus:V11,tmb-bus:59,tmb-bus:141,"},"geometry":{"type":"Point","coordinates":[2.15655,41.38529]}},{"type":"Feature","properties":{"name":"Villarroel - Gran Via","code":"560","kind":"stop","lines":",tmb-bus:V11,tmb-bus:59,tmb-bus:141,"},"geometry":{"type":"Point","coordinates":[2.1592,41.38329]}},{"type":"Feature","properties":{"name":"Santaló - Trav de Gràcia","code":"988","kind":"stop","lines":",tmb-bus:V11,tmb-bus:68,"},"geometry":{"type":"Point","coordinates":[2.14691,41.39484]}},{"type":"Feature","properties":{"name":"Pl Catalunya - Bergara - Final de trajecte","code":"1271","kind":"stop","lines":",tmb-bus:V13,"},"geometry":{"type":"Point","coordinates":[2.16953,41.38655]}},{"type":"Feature","properties":{"name":"Aribau - Gran Via","code":"316","kind":"stop","lines":",tmb-bus:V13,tmb-bus:54,tmb-bus:63,tmb-bus:67,"},"geometry":{"type":"Point","coordinates":[2.16253,41.38604]}},{"type":"Feature","properties":{"name":"Aribau - Aragó","code":"58","kind":"stop","lines":",tmb-bus:V13,tmb-bus:54,tmb-bus:63,tmb-bus:67,"},"geometry":{"type":"Point","coordinates":[2.16008,41.3879]}},{"type":"Feature","properties":{"name":"Aribau - Mallorca","code":"842","kind":"stop","lines":",tmb-bus:V13,tmb-bus:54,tmb-bus:67,"},"geometry":{"type":"Point","coordinates":[2.15771,41.38969]}},{"type":"Feature","properties":{"name":"Aribau - Còrsega","code":"222","kind":"stop","lines":",tmb-bus:V13,"},"geometry":{"type":"Point","coordinates":[2.15432,41.39225]}},{"type":"Feature","properties":{"name":"Aribau - Diagonal","code":"1386","kind":"stop","lines":",tmb-bus:V13,"},"geometry":{"type":"Point","coordinates":[2.1504,41.39521]}},{"type":"Feature","properties":{"name":"Aribau - Laforja","code":"1036","kind":"stop","lines":",tmb-bus:V13,"},"geometry":{"type":"Point","coordinates":[2.14732,41.39793]}},{"type":"Feature","properties":{"name":"Via Augusta - Muntaner","code":"931","kind":"stop","lines":",tmb-bus:V13,"},"geometry":{"type":"Point","coordinates":[2.14354,41.39918]}},{"type":"Feature","properties":{"name":"Santaló - Plató","code":"610","kind":"stop","lines":",tmb-bus:V13,"},"geometry":{"type":"Point","coordinates":[2.14072,41.39979]}},{"type":"Feature","properties":{"name":"Pl d'Adrià","code":"611","kind":"stop","lines":",tmb-bus:V13,"},"geometry":{"type":"Point","coordinates":[2.13924,41.401]}},{"type":"Feature","properties":{"name":"Mandri - Mitre","code":"3425","kind":"stop","lines":",tmb-bus:V13,"},"geometry":{"type":"Point","coordinates":[2.13555,41.40178]}},{"type":"Feature","properties":{"name":"Mandri - Maó","code":"2342","kind":"stop","lines":",tmb-bus:V13,"},"geometry":{"type":"Point","coordinates":[2.13312,41.40399]}},{"type":"Feature","properties":{"name":"Pg de la Bonanova - Sant Delfí","code":"2344","kind":"stop","lines":",tmb-bus:V13,"},"geometry":{"type":"Point","coordinates":[2.13201,41.40576]}},{"type":"Feature","properties":{"name":"Pl Kennedy","code":"2584","kind":"stop","lines":",tmb-bus:V13,tmb-bus:123,"},"geometry":{"type":"Point","coordinates":[2.13703,41.41011]}},{"type":"Feature","properties":{"name":"Av Tibidabo - García Mariño","code":"3674","kind":"stop","lines":",tmb-bus:V13,tmb-bus:196,"},"geometry":{"type":"Point","coordinates":[2.13574,41.41211]}},{"type":"Feature","properties":{"name":"Av Tibidabo - Ronda de Dalt","code":"1775","kind":"stop","lines":",tmb-bus:V13,tmb-bus:123,tmb-bus:196,"},"geometry":{"type":"Point","coordinates":[2.13414,41.41429]}},{"type":"Feature","properties":{"name":"Av Tibidabo - Bosch i Alsina - Final de trajecte","code":"3675","kind":"stop","lines":",tmb-bus:V13,"},"geometry":{"type":"Point","coordinates":[2.13436,41.41372]}},{"type":"Feature","properties":{"name":"Av Tibidabo - Pg Sant Gervasi","code":"3474","kind":"stop","lines":",tmb-bus:V13,tmb-bus:V15,tmb-bus:196,"},"geometry":{"type":"Point","coordinates":[2.13653,41.41076]}},{"type":"Feature","properties":{"name":"Muntaner - Pl Bonanova","code":"612","kind":"stop","lines":",tmb-bus:V13,"},"geometry":{"type":"Point","coordinates":[2.13417,41.40579]}},{"type":"Feature","properties":{"name":"Muntaner - Bisbe Sivilla","code":"3424","kind":"stop","lines":",tmb-bus:V13,"},"geometry":{"type":"Point","coordinates":[2.13598,41.40446]}},{"type":"Feature","properties":{"name":"Muntaner - Mitre","code":"613","kind":"stop","lines":",tmb-bus:V13,"},"geometry":{"type":"Point","coordinates":[2.13754,41.40306]}},{"type":"Feature","properties":{"name":"Muntaner - Parc de Monterols","code":"1535","kind":"stop","lines":",tmb-bus:V13,"},"geometry":{"type":"Point","coordinates":[2.13993,41.40125]}},{"type":"Feature","properties":{"name":"Muntaner - Plató","code":"1536","kind":"stop","lines":",tmb-bus:V13,"},"geometry":{"type":"Point","coordinates":[2.14178,41.39986]}},{"type":"Feature","properties":{"name":"Muntaner - Via Augusta","code":"1392","kind":"stop","lines":",tmb-bus:V13,"},"geometry":{"type":"Point","coordinates":[2.1435,41.39857]}},{"type":"Feature","properties":{"name":"Madrazo, 104","code":"9999","kind":"stop","lines":",tmb-bus:V13,"},"geometry":{"type":"Point","coordinates":[2.14451,41.39689]}},{"type":"Feature","properties":{"name":"Muntaner - Diagonal","code":"285","kind":"stop","lines":",tmb-bus:V13,"},"geometry":{"type":"Point","coordinates":[2.14892,41.39447]}},{"type":"Feature","properties":{"name":"Muntaner - Rosselló","code":"1268","kind":"stop","lines":",tmb-bus:V13,tmb-bus:54,tmb-bus:68,"},"geometry":{"type":"Point","coordinates":[2.15344,41.39106]}},{"type":"Feature","properties":{"name":"Muntaner - València","code":"1495","kind":"stop","lines":",tmb-bus:V13,tmb-bus:54,"},"geometry":{"type":"Point","coordinates":[2.15687,41.38847]}},{"type":"Feature","properties":{"name":"Muntaner - Diputació","code":"564","kind":"stop","lines":",tmb-bus:V13,tmb-bus:54,"},"geometry":{"type":"Point","coordinates":[2.15995,41.38614]}},{"type":"Feature","properties":{"name":"Pg Sant Gervasi - Balmes","code":"3452","kind":"stop","lines":",tmb-bus:V13,"},"geometry":{"type":"Point","coordinates":[2.13623,41.40995]}},{"type":"Feature","properties":{"name":"Pg Joan de Borbó - Moll Oriental - Final trajecte","code":"3030","kind":"stop","lines":",tmb-bus:V15,"},"geometry":{"type":"Point","coordinates":[2.18795,41.36915]}},{"type":"Feature","properties":{"name":"Pg Joan de Borbó - Moll de Catalunya","code":"2559","kind":"stop","lines":",tmb-bus:V15,tmb-bus:V19,"},"geometry":{"type":"Point","coordinates":[2.18772,41.37074]}},{"type":"Feature","properties":{"name":"Pg Joan de Borbó - Pl del Mar","code":"960","kind":"stop","lines":",tmb-bus:V15,tmb-bus:V19,"},"geometry":{"type":"Point","coordinates":[2.18857,41.37433]}},{"type":"Feature","properties":{"name":"Pg Joan de Borbó - Judici","code":"959","kind":"stop","lines":",tmb-bus:V15,tmb-bus:V19,"},"geometry":{"type":"Point","coordinates":[2.18894,41.3761]}},{"type":"Feature","properties":{"name":"Pg Joan de Borbó - Pepe Rubianes","code":"954","kind":"stop","lines":",tmb-bus:V15,tmb-bus:V19,"},"geometry":{"type":"Point","coordinates":[2.18836,41.37765]}},{"type":"Feature","properties":{"name":"Via Laietana - Manresa","code":"1599","kind":"stop","lines":",tmb-bus:V15,tmb-bus:47,tmb-bus:120,"},"geometry":{"type":"Point","coordinates":[2.18036,41.38282]}},{"type":"Feature","properties":{"name":"Via Laietana - Pl Ramon Berenguer","code":"1600","kind":"stop","lines":",tmb-bus:V15,tmb-bus:47,tmb-bus:120,"},"geometry":{"type":"Point","coordinates":[2.17739,41.38507]}},{"type":"Feature","properties":{"name":"Via Laietana - Comtal","code":"1039","kind":"stop","lines":",tmb-bus:V15,tmb-bus:47,"},"geometry":{"type":"Point","coordinates":[2.17475,41.38704]}},{"type":"Feature","properties":{"name":"Ronda Sant Pere-Pau Claris","code":"2192","kind":"stop","lines":",tmb-bus:V15,"},"geometry":{"type":"Point","coordinates":[2.17171,41.38868]}},{"type":"Feature","properties":{"name":"Pg de Gràcia - Casp","code":"561","kind":"stop","lines":",tmb-bus:V15,tmb-bus:22,"},"geometry":{"type":"Point","coordinates":[2.16925,41.38891]}},{"type":"Feature","properties":{"name":"Pg de Gràcia - Gran Via","code":"313","kind":"stop","lines":",tmb-bus:V15,tmb-bus:7,tmb-bus:22,tmb-bus:24,"},"geometry":{"type":"Point","coordinates":[2.16756,41.39014]}},{"type":"Feature","properties":{"name":"Pg de Gràcia - Aragó","code":"55","kind":"stop","lines":",tmb-bus:V15,tmb-bus:7,tmb-bus:22,tmb-bus:24,"},"geometry":{"type":"Point","coordinates":[2.1655,41.3918]}},{"type":"Feature","properties":{"name":"Pg de Gràcia - Mallorca","code":"1136","kind":"stop","lines":",tmb-bus:V15,tmb-bus:7,tmb-bus:22,tmb-bus:24,"},"geometry":{"type":"Point","coordinates":[2.16336,41.39352]}},{"type":"Feature","properties":{"name":"Pg de Gràcia - Diagonal","code":"281","kind":"stop","lines":",tmb-bus:V15,tmb-bus:7,tmb-bus:22,tmb-bus:24,"},"geometry":{"type":"Point","coordinates":[2.16012,41.39614]}},{"type":"Feature","properties":{"name":"Via Augusta - Diagonal","code":"1389","kind":"stop","lines":",tmb-bus:V15,tmb-bus:V17,tmb-bus:22,tmb-bus:24,"},"geometry":{"type":"Point","coordinates":[2.15556,41.39607]}},{"type":"Feature","properties":{"name":"via Augusta, 107","code":"9191","kind":"stop","lines":",tmb-bus:V15,"},"geometry":{"type":"Point","coordinates":[2.1481,41.40131]}},{"type":"Feature","properties":{"name":"Balmes - Pàdua","code":"515","kind":"stop","lines":",tmb-bus:V15,"},"geometry":{"type":"Point","coordinates":[2.14396,41.40305]}},{"type":"Feature","properties":{"name":"Balmes - Mitre","code":"1352","kind":"stop","lines":",tmb-bus:V15,tmb-bus:131,"},"geometry":{"type":"Point","coordinates":[2.14017,41.40484]}},{"type":"Feature","properties":{"name":"Balmes - Joaquim Folguera","code":"1353","kind":"stop","lines":",tmb-bus:V15,tmb-bus:131,"},"geometry":{"type":"Point","coordinates":[2.13874,41.40678]}},{"type":"Feature","properties":{"name":"Balmes - Pl Kennedy","code":"1354","kind":"stop","lines":",tmb-bus:V15,tmb-bus:131,"},"geometry":{"type":"Point","coordinates":[2.13736,41.40945]}},{"type":"Feature","properties":{"name":"Josep Garí - Av Tibidabo - Final de trajecte","code":"3640","kind":"stop","lines":",tmb-bus:V15,"},"geometry":{"type":"Point","coordinates":[2.13443,41.41522]}},{"type":"Feature","properties":{"name":"Av Tibidabo - Josep Maria Florensa","code":"1358","kind":"stop","lines":",tmb-bus:V15,tmb-bus:196,"},"geometry":{"type":"Point","coordinates":[2.13492,41.41295]}},{"type":"Feature","properties":{"name":"Balmes - Pl Kennedy","code":"517","kind":"stop","lines":",tmb-bus:V15,"},"geometry":{"type":"Point","coordinates":[2.13726,41.40924]}},{"type":"Feature","properties":{"name":"Balmes - Pl Joaquim Folguera","code":"519","kind":"stop","lines":",tmb-bus:V15,"},"geometry":{"type":"Point","coordinates":[2.13923,41.40544]}},{"type":"Feature","properties":{"name":"Balmes, 359","code":"9933","kind":"stop","lines":",tmb-bus:V15,"},"geometry":{"type":"Point","coordinates":[2.14154,41.40403]}},{"type":"Feature","properties":{"name":"Balmes - Copèrnic","code":"1530","kind":"stop","lines":",tmb-bus:V15,"},"geometry":{"type":"Point","coordinates":[2.14535,41.40235]}},{"type":"Feature","properties":{"name":"Balmes - Diagonal","code":"289","kind":"stop","lines":",tmb-bus:V15,"},"geometry":{"type":"Point","coordinates":[2.15402,41.39578]}},{"type":"Feature","properties":{"name":"Balmes - Rosselló","code":"221","kind":"stop","lines":",tmb-bus:V15,tmb-bus:7,tmb-bus:67,"},"geometry":{"type":"Point","coordinates":[2.15688,41.39356]}},{"type":"Feature","properties":{"name":"Balmes - València","code":"1493","kind":"stop","lines":",tmb-bus:V15,tmb-bus:7,tmb-bus:67,"},"geometry":{"type":"Point","coordinates":[2.16008,41.39114]}},{"type":"Feature","properties":{"name":"Balmes - Aragó","code":"175","kind":"stop","lines":",tmb-bus:V15,tmb-bus:7,tmb-bus:63,tmb-bus:67,"},"geometry":{"type":"Point","coordinates":[2.1624,41.38938]}},{"type":"Feature","properties":{"name":"Balmes - Gran Via","code":"562","kind":"stop","lines":",tmb-bus:V15,tmb-bus:63,"},"geometry":{"type":"Point","coordinates":[2.16474,41.38761]}},{"type":"Feature","properties":{"name":"Via Laietana - Comtal","code":"211","kind":"stop","lines":",tmb-bus:V15,tmb-bus:47,tmb-bus:59,"},"geometry":{"type":"Point","coordinates":[2.17446,41.38709]}},{"type":"Feature","properties":{"name":"Via Laietana - Pl Ramon Berenguer","code":"1602","kind":"stop","lines":",tmb-bus:V15,tmb-bus:47,tmb-bus:59,"},"geometry":{"type":"Point","coordinates":[2.17728,41.38496]}},{"type":"Feature","properties":{"name":"Via Laietana - Salvador Aulet","code":"667","kind":"stop","lines":",tmb-bus:V15,tmb-bus:47,tmb-bus:59,tmb-bus:120,"},"geometry":{"type":"Point","coordinates":[2.17971,41.38315]}},{"type":"Feature","properties":{"name":"Pas Sota Muralla - Pl Pau Vila","code":"1477","kind":"stop","lines":",tmb-bus:V15,tmb-bus:V17,tmb-bus:47,tmb-bus:59,"},"geometry":{"type":"Point","coordinates":[2.18444,41.38116]}},{"type":"Feature","properties":{"name":"Pg Joan de Borbó - Pepe Rubianes","code":"957","kind":"stop","lines":",tmb-bus:V15,tmb-bus:V19,"},"geometry":{"type":"Point","coordinates":[2.18816,41.37756]}},{"type":"Feature","properties":{"name":"Pg Joan de Borbó - Pl del Mar","code":"2626","kind":"stop","lines":",tmb-bus:V15,tmb-bus:V19,"},"geometry":{"type":"Point","coordinates":[2.18825,41.37413]}},{"type":"Feature","properties":{"name":"Pg Joan de Borbó - Moll de Catalunya","code":"2558","kind":"stop","lines":",tmb-bus:V15,tmb-bus:V19,"},"geometry":{"type":"Point","coordinates":[2.1876,41.37069]}},{"type":"Feature","properties":{"name":"Maremagnum - Final de trajecte","code":"1482","kind":"stop","lines":",tmb-bus:V17,"},"geometry":{"type":"Point","coordinates":[2.1824,41.37572]}},{"type":"Feature","properties":{"name":"Port Vell","code":"1483","kind":"stop","lines":",tmb-bus:V17,"},"geometry":{"type":"Point","coordinates":[2.1835,41.37704]}},{"type":"Feature","properties":{"name":"Llúria - Urquinaona","code":"230","kind":"stop","lines":",tmb-bus:V17,tmb-bus:39,tmb-bus:47,"},"geometry":{"type":"Point","coordinates":[2.17284,41.39019]}},{"type":"Feature","properties":{"name":"Llúria - Gran Via","code":"321","kind":"stop","lines":",tmb-bus:V17,tmb-bus:39,tmb-bus:47,"},"geometry":{"type":"Point","coordinates":[2.17042,41.39201]}},{"type":"Feature","properties":{"name":"Llúria - Aragó","code":"60","kind":"stop","lines":",tmb-bus:V17,tmb-bus:39,tmb-bus:47,"},"geometry":{"type":"Point","coordinates":[2.16793,41.3939]}},{"type":"Feature","properties":{"name":"Llúria - Mallorca","code":"841","kind":"stop","lines":",tmb-bus:V17,tmb-bus:39,tmb-bus:47,"},"geometry":{"type":"Point","coordinates":[2.16571,41.39558]}},{"type":"Feature","properties":{"name":"Bolívar - Ballester","code":"118","kind":"stop","lines":",tmb-bus:V17,tmb-bus:22,"},"geometry":{"type":"Point","coordinates":[2.14771,41.40925]}},{"type":"Feature","properties":{"name":"Av República Argentina - Vallcarca","code":"2800","kind":"stop","lines":",tmb-bus:V17,tmb-bus:22,"},"geometry":{"type":"Point","coordinates":[2.14457,41.41142]}},{"type":"Feature","properties":{"name":"Av República Argentina - Baixada Gomis","code":"262","kind":"stop","lines":",tmb-bus:V17,tmb-bus:V19,"},"geometry":{"type":"Point","coordinates":[2.14244,41.41161]}},{"type":"Feature","properties":{"name":"Pg Vall d'Hebron - Trueba - Final de trajecte","code":"2890","kind":"stop","lines":",tmb-bus:V17,"},"geometry":{"type":"Point","coordinates":[2.14181,41.42341]}},{"type":"Feature","properties":{"name":"Coll i Alentorn - Basses d'Horta","code":"2725","kind":"stop","lines":",tmb-bus:V17,tmb-bus:185,"},"geometry":{"type":"Point","coordinates":[2.14326,41.42438]}},{"type":"Feature","properties":{"name":"Av Martí Codolar - Coll i Alentorn","code":"2891","kind":"stop","lines":",tmb-bus:V17,"},"geometry":{"type":"Point","coordinates":[2.14784,41.42471]}},{"type":"Feature","properties":{"name":"Granja Vella - Av Martí i Codolar","code":"2022","kind":"stop","lines":",tmb-bus:V17,tmb-bus:112,tmb-bus:185,"},"geometry":{"type":"Point","coordinates":[2.14795,41.42686]}},{"type":"Feature","properties":{"name":"Granja Vella - Basses d'Horta","code":"1857","kind":"stop","lines":",tmb-bus:V17,tmb-bus:112,tmb-bus:185,"},"geometry":{"type":"Point","coordinates":[2.1449,41.42713]}},{"type":"Feature","properties":{"name":"Hospital Vall d'Hebron","code":"28","kind":"stop","lines":",tmb-bus:V17,tmb-bus:112,tmb-bus:119,tmb-bus:185,"},"geometry":{"type":"Point","coordinates":[2.14299,41.42689]}},{"type":"Feature","properties":{"name":"Av República Argentina - Mare de Déu del Carmel","code":"1509","kind":"stop","lines":",tmb-bus:V17,tmb-bus:V19,"},"geometry":{"type":"Point","coordinates":[2.14152,41.4116]}},{"type":"Feature","properties":{"name":"Av República Argentina - Vallcarca","code":"22","kind":"stop","lines":",tmb-bus:V17,tmb-bus:V19,tmb-bus:22,"},"geometry":{"type":"Point","coordinates":[2.14397,41.41137]}},{"type":"Feature","properties":{"name":"Av República Argentina - Escipió","code":"1119","kind":"stop","lines":",tmb-bus:V17,tmb-bus:22,"},"geometry":{"type":"Point","coordinates":[2.14706,41.40863]}},{"type":"Feature","properties":{"name":"Pl Lesseps - Av Riera de Cassoles","code":"557","kind":"stop","lines":",tmb-bus:V17,tmb-bus:22,tmb-bus:27,"},"geometry":{"type":"Point","coordinates":[2.14984,41.40612]}},{"type":"Feature","properties":{"name":"Av Riera de Cassoles - Guillem Tell","code":"1533","kind":"stop","lines":",tmb-bus:V17,tmb-bus:22,tmb-bus:24,"},"geometry":{"type":"Point","coordinates":[2.15003,41.40281]}},{"type":"Feature","properties":{"name":"Av Riera de Cassoles - Via Augusta","code":"1522","kind":"stop","lines":",tmb-bus:V17,tmb-bus:22,tmb-bus:24,"},"geometry":{"type":"Point","coordinates":[2.15111,41.40123]}},{"type":"Feature","properties":{"name":"Gal·la Placídia","code":"1387","kind":"stop","lines":",tmb-bus:V17,tmb-bus:22,tmb-bus:24,"},"geometry":{"type":"Point","coordinates":[2.15238,41.3992]}},{"type":"Feature","properties":{"name":"Via Augusta - Diagonal","code":"286","kind":"stop","lines":",tmb-bus:V17,tmb-bus:22,tmb-bus:24,"},"geometry":{"type":"Point","coordinates":[2.15504,41.39642]}},{"type":"Feature","properties":{"name":"Pau Claris - Mallorca","code":"1490","kind":"stop","lines":",tmb-bus:V17,tmb-bus:39,tmb-bus:47,"},"geometry":{"type":"Point","coordinates":[2.16461,41.39455]}},{"type":"Feature","properties":{"name":"Pau Claris - Aragó","code":"174","kind":"stop","lines":",tmb-bus:V17,tmb-bus:39,tmb-bus:47,"},"geometry":{"type":"Point","coordinates":[2.16699,41.39275]}},{"type":"Feature","properties":{"name":"Pau Claris - Gran Via","code":"226","kind":"stop","lines":",tmb-bus:V17,tmb-bus:39,tmb-bus:47,"},"geometry":{"type":"Point","coordinates":[2.16937,41.39095]}},{"type":"Feature","properties":{"name":"Port Vell","code":"1479","kind":"stop","lines":",tmb-bus:V17,"},"geometry":{"type":"Point","coordinates":[2.18293,41.3766]}},{"type":"Feature","properties":{"name":"Còrsega - Pg de Gràcia","code":"3388","kind":"stop","lines":",tmb-bus:V17,"},"geometry":{"type":"Point","coordinates":[2.16001,41.3971]}},{"type":"Feature","properties":{"name":"Gran de Gràcia - Jesús","code":"1391","kind":"stop","lines":",tmb-bus:V17,tmb-bus:22,tmb-bus:24,"},"geometry":{"type":"Point","coordinates":[2.15731,41.39836]}},{"type":"Feature","properties":{"name":"Gran de Gràcia - Trav de Gràcia","code":"1260","kind":"stop","lines":",tmb-bus:V17,tmb-bus:22,tmb-bus:24,"},"geometry":{"type":"Point","coordinates":[2.15503,41.40028]}},{"type":"Feature","properties":{"name":"Gran de Gràcia - Metro Fontana","code":"1261","kind":"stop","lines":",tmb-bus:V17,tmb-bus:22,tmb-bus:24,"},"geometry":{"type":"Point","coordinates":[2.15327,41.40181]}},{"type":"Feature","properties":{"name":"Gran de Gràcia - Pl Trilla","code":"1117","kind":"stop","lines":",tmb-bus:V17,tmb-bus:22,tmb-bus:24,"},"geometry":{"type":"Point","coordinates":[2.15218,41.40347]}},{"type":"Feature","properties":{"name":"Gran de Gràcia - Lesseps","code":"1116","kind":"stop","lines":",tmb-bus:V17,tmb-bus:22,tmb-bus:24,"},"geometry":{"type":"Point","coordinates":[2.15008,41.40618]}},{"type":"Feature","properties":{"name":"Josep Garí - Comte de Sert - Final de trajecte","code":"3636","kind":"stop","lines":",tmb-bus:V19,"},"geometry":{"type":"Point","coordinates":[2.13523,41.41557]}},{"type":"Feature","properties":{"name":"Vallcarca","code":"847","kind":"stop","lines":",tmb-bus:V19,tmb-bus:22,"},"geometry":{"type":"Point","coordinates":[2.14437,41.41303]}},{"type":"Feature","properties":{"name":"Pg Mare de Déu del Coll - Cartago","code":"848","kind":"stop","lines":",tmb-bus:V19,tmb-bus:22,tmb-bus:129,"},"geometry":{"type":"Point","coordinates":[2.14638,41.41543]}},{"type":"Feature","properties":{"name":"Pg Mare de Déu del Coll - Baixada de Sant Marià","code":"849","kind":"stop","lines":",tmb-bus:V19,tmb-bus:22,tmb-bus:129,"},"geometry":{"type":"Point","coordinates":[2.14774,41.41783]}},{"type":"Feature","properties":{"name":"Pg Mare de Déu del Coll - Santuari","code":"850","kind":"stop","lines":",tmb-bus:V19,tmb-bus:22,tmb-bus:129,"},"geometry":{"type":"Point","coordinates":[2.14912,41.42015]}},{"type":"Feature","properties":{"name":"Santuari - Ceuta","code":"998","kind":"stop","lines":",tmb-bus:V19,tmb-bus:22,tmb-bus:129,"},"geometry":{"type":"Point","coordinates":[2.15136,41.42013]}},{"type":"Feature","properties":{"name":"Santuari - La Murtra","code":"999","kind":"stop","lines":",tmb-bus:V19,tmb-bus:22,"},"geometry":{"type":"Point","coordinates":[2.15507,41.41981]}},{"type":"Feature","properties":{"name":"Ctra del Carmel - Gran Vista","code":"1449","kind":"stop","lines":",tmb-bus:V19,tmb-bus:24,tmb-bus:119,"},"geometry":{"type":"Point","coordinates":[2.15732,41.4183]}},{"type":"Feature","properties":{"name":"Ctra del Carmel - Pl Raimon Casellas","code":"1218","kind":"stop","lines":",tmb-bus:V19,tmb-bus:24,"},"geometry":{"type":"Point","coordinates":[2.15883,41.41684]}},{"type":"Feature","properties":{"name":"Ctra del Carmel - Can Xirot","code":"1219","kind":"stop","lines":",tmb-bus:V19,tmb-bus:24,"},"geometry":{"type":"Point","coordinates":[2.15646,41.41697]}},{"type":"Feature","properties":{"name":"Ctra del Carmel - Ptge Josefina Torrens Illas","code":"1221","kind":"stop","lines":",tmb-bus:V19,tmb-bus:24,"},"geometry":{"type":"Point","coordinates":[2.1568,41.41565]}},{"type":"Feature","properties":{"name":"Ana María Matute - Av Pompeu Fabra","code":"1222","kind":"stop","lines":",tmb-bus:V19,tmb-bus:24,"},"geometry":{"type":"Point","coordinates":[2.1586,41.41488]}},{"type":"Feature","properties":{"name":"Pl Sanllehy","code":"897","kind":"stop","lines":",tmb-bus:V19,tmb-bus:24,"},"geometry":{"type":"Point","coordinates":[2.16081,41.41394]}},{"type":"Feature","properties":{"name":"Sardenya - Camèlies","code":"1104","kind":"stop","lines":",tmb-bus:V19,tmb-bus:39,tmb-bus:114,tmb-bus:191,"},"geometry":{"type":"Point","coordinates":[2.16153,41.41311]}},{"type":"Feature","properties":{"name":"Pi i Margall - Pau Alsina","code":"1327","kind":"stop","lines":",tmb-bus:V19,tmb-bus:114,"},"geometry":{"type":"Point","coordinates":[2.16383,41.40898]}},{"type":"Feature","properties":{"name":"Pi i Margall - Metro Joanic","code":"369","kind":"stop","lines":",tmb-bus:V19,"},"geometry":{"type":"Point","coordinates":[2.16306,41.4063]}},{"type":"Feature","properties":{"name":"Pg de Sant Joan - Trav de Gràcia","code":"1307","kind":"stop","lines":",tmb-bus:V19,"},"geometry":{"type":"Point","coordinates":[2.16319,41.40393]}},{"type":"Feature","properties":{"name":"Pg de Sant Joan - Rosselló","code":"3908","kind":"stop","lines":",tmb-bus:V19,"},"geometry":{"type":"Point","coordinates":[2.16793,41.40035]}},{"type":"Feature","properties":{"name":"Pl Rosa dels Vents - Final de trajecte","code":"3838","kind":"stop","lines":",tmb-bus:V19,"},"geometry":{"type":"Point","coordinates":[2.18733,41.36797]}},{"type":"Feature","properties":{"name":"Pg de Sant Joan - Alí-Bei","code":"39","kind":"stop","lines":",tmb-bus:V19,tmb-bus:19,tmb-bus:54,"},"geometry":{"type":"Point","coordinates":[2.17879,41.39255]}},{"type":"Feature","properties":{"name":"Pg de Sant Joan - València","code":"1138","kind":"stop","lines":",tmb-bus:V19,tmb-bus:6,"},"geometry":{"type":"Point","coordinates":[2.17046,41.39884]}},{"type":"Feature","properties":{"name":"Pg de Sant Joan - Provença","code":"3909","kind":"stop","lines":",tmb-bus:V19,"},"geometry":{"type":"Point","coordinates":[2.16827,41.40067]}},{"type":"Feature","properties":{"name":"Pg de Sant Joan - Travessera de Gràcia","code":"1388","kind":"stop","lines":",tmb-bus:V19,tmb-bus:39,"},"geometry":{"type":"Point","coordinates":[2.16385,41.40401]}},{"type":"Feature","properties":{"name":"Pi i Margall - Metro Joanic","code":"604","kind":"stop","lines":",tmb-bus:V19,"},"geometry":{"type":"Point","coordinates":[2.16336,41.40644]}},{"type":"Feature","properties":{"name":"Pi i Margall - Sardenya","code":"1301","kind":"stop","lines":",tmb-bus:V19,tmb-bus:114,"},"geometry":{"type":"Point","coordinates":[2.16414,41.40931]}},{"type":"Feature","properties":{"name":"Praga - Rda Guinardó","code":"3162","kind":"stop","lines":",tmb-bus:V19,tmb-bus:114,"},"geometry":{"type":"Point","coordinates":[2.16426,41.41237]}},{"type":"Feature","properties":{"name":"Ana María Matute - Pl Sanllehy","code":"1214","kind":"stop","lines":",tmb-bus:V19,tmb-bus:24,"},"geometry":{"type":"Point","coordinates":[2.16069,41.41397]}},{"type":"Feature","properties":{"name":"Ana María Matute Ausejo, 29","code":"9777","kind":"stop","lines":",tmb-bus:V19,tmb-bus:24,"},"geometry":{"type":"Point","coordinates":[2.15822,41.41543]}},{"type":"Feature","properties":{"name":"C N Catalunya - Park Güell","code":"1223","kind":"stop","lines":",tmb-bus:V19,tmb-bus:24,"},"geometry":{"type":"Point","coordinates":[2.15679,41.41578]}},{"type":"Feature","properties":{"name":"Ctra del Carmel - Albert Llanas","code":"1217","kind":"stop","lines":",tmb-bus:V19,tmb-bus:24,"},"geometry":{"type":"Point","coordinates":[2.15647,41.41646]}},{"type":"Feature","properties":{"name":"Ctra del Carmel - Pasteur","code":"1447","kind":"stop","lines":",tmb-bus:V19,tmb-bus:24,"},"geometry":{"type":"Point","coordinates":[2.15845,41.41722]}},{"type":"Feature","properties":{"name":"Ctra del Carmel - Mühlberg","code":"1448","kind":"stop","lines":",tmb-bus:V19,tmb-bus:24,"},"geometry":{"type":"Point","coordinates":[2.15766,41.41796]}},{"type":"Feature","properties":{"name":"Santuari - La Murtra","code":"1000","kind":"stop","lines":",tmb-bus:V19,tmb-bus:22,"},"geometry":{"type":"Point","coordinates":[2.15509,41.41995]}},{"type":"Feature","properties":{"name":"Santuari - l'Hortal","code":"1001","kind":"stop","lines":",tmb-bus:V19,tmb-bus:22,"},"geometry":{"type":"Point","coordinates":[2.151,41.42024]}},{"type":"Feature","properties":{"name":"Pg Mare de Déu del Coll - Santuari","code":"851","kind":"stop","lines":",tmb-bus:V19,tmb-bus:22,"},"geometry":{"type":"Point","coordinates":[2.14892,41.42007]}},{"type":"Feature","properties":{"name":"Pg Mare de Déu del Coll - Baixada Solanell","code":"852","kind":"stop","lines":",tmb-bus:V19,tmb-bus:22,"},"geometry":{"type":"Point","coordinates":[2.14755,41.4176]}},{"type":"Feature","properties":{"name":"Pg Mare de Déu del Coll - Pl Flandes","code":"853","kind":"stop","lines":",tmb-bus:V19,tmb-bus:22,"},"geometry":{"type":"Point","coordinates":[2.14592,41.41531]}},{"type":"Feature","properties":{"name":"Vallcarca","code":"1195","kind":"stop","lines":",tmb-bus:V19,tmb-bus:22,"},"geometry":{"type":"Point","coordinates":[2.14424,41.41306]}},{"type":"Feature","properties":{"name":"Bailèn - Provença","code":"3917","kind":"stop","lines":",tmb-bus:V19,"},"geometry":{"type":"Point","coordinates":[2.16709,41.39951]}},{"type":"Feature","properties":{"name":"Pg de Sant Joan - Provença","code":"9964","kind":"stop","lines":",tmb-bus:V19,"},"geometry":{"type":"Point","coordinates":[2.16823,41.4007]}},{"type":"Feature","properties":{"name":"Ronda Guinardó - Parc de les Aigües","code":"78","kind":"stop","lines":",tmb-bus:V19,"},"geometry":{"type":"Point","coordinates":[2.16559,41.412]}},{"type":"Feature","properties":{"name":"Ana María Matute - Miquel Sants Oliver","code":"1215","kind":"stop","lines":",tmb-bus:V19,"},"geometry":{"type":"Point","coordinates":[2.15841,41.41521]}},{"type":"Feature","properties":{"name":"Montbau - Final de trajecte","code":"1146","kind":"stop","lines":",tmb-bus:V21,"},"geometry":{"type":"Point","coordinates":[2.1415,41.43303]}},{"type":"Feature","properties":{"name":"Jardins de Montbau","code":"1544","kind":"stop","lines":",tmb-bus:V21,"},"geometry":{"type":"Point","coordinates":[2.14406,41.43196]}},{"type":"Feature","properties":{"name":"Club Esportiu Hispano Francès","code":"1597","kind":"stop","lines":",tmb-bus:V21,"},"geometry":{"type":"Point","coordinates":[2.14929,41.43143]}},{"type":"Feature","properties":{"name":"Av Cardenal Vidal i Barraquer - Pl Botticelli","code":"3386","kind":"stop","lines":",tmb-bus:V21,"},"geometry":{"type":"Point","coordinates":[2.15183,41.43276]}},{"type":"Feature","properties":{"name":"Pl de l'Estatut","code":"366","kind":"stop","lines":",tmb-bus:V21,tmb-bus:V23,"},"geometry":{"type":"Point","coordinates":[2.15526,41.43051]}},{"type":"Feature","properties":{"name":"Rambla del Carmel - Dante Alighieri","code":"477","kind":"stop","lines":",tmb-bus:V21,"},"geometry":{"type":"Point","coordinates":[2.15724,41.4272]}},{"type":"Feature","properties":{"name":"Rambla del Carmel","code":"793","kind":"stop","lines":",tmb-bus:V21,"},"geometry":{"type":"Point","coordinates":[2.15756,41.42575]}},{"type":"Feature","properties":{"name":"Lepant - Rda Guinardó","code":"1396","kind":"stop","lines":",tmb-bus:V21,"},"geometry":{"type":"Point","coordinates":[2.16701,41.4117]}},{"type":"Feature","properties":{"name":"Lepant - Jardins del Baix Guinardó","code":"1395","kind":"stop","lines":",tmb-bus:V21,"},"geometry":{"type":"Point","coordinates":[2.16874,41.41039]}},{"type":"Feature","properties":{"name":"Lepant - Sant Antoni Maria Claret","code":"634","kind":"stop","lines":",tmb-bus:V21,tmb-bus:19,"},"geometry":{"type":"Point","coordinates":[2.17157,41.40821]}},{"type":"Feature","properties":{"name":"Av Gaudí","code":"1141","kind":"stop","lines":",tmb-bus:V21,tmb-bus:19,"},"geometry":{"type":"Point","coordinates":[2.17482,41.40577]}},{"type":"Feature","properties":{"name":"Lepant - Mallorca","code":"1498","kind":"stop","lines":",tmb-bus:V21,"},"geometry":{"type":"Point","coordinates":[2.17707,41.40407]}},{"type":"Feature","properties":{"name":"Lepant - Diagonal","code":"284","kind":"stop","lines":",tmb-bus:V21,"},"geometry":{"type":"Point","coordinates":[2.17926,41.40242]}},{"type":"Feature","properties":{"name":"Marina - Monumental","code":"3231","kind":"stop","lines":",tmb-bus:V21,"},"geometry":{"type":"Point","coordinates":[2.18075,41.39937]}},{"type":"Feature","properties":{"name":"Marina - Ribes","code":"38","kind":"stop","lines":",tmb-bus:V21,tmb-bus:6,tmb-bus:54,"},"geometry":{"type":"Point","coordinates":[2.18293,41.39771]}},{"type":"Feature","properties":{"name":"Metro Marina","code":"36","kind":"stop","lines":",tmb-bus:V21,"},"geometry":{"type":"Point","coordinates":[2.18755,41.39415]}},{"type":"Feature","properties":{"name":"Marina - Pujades","code":"3510","kind":"stop","lines":",tmb-bus:V21,"},"geometry":{"type":"Point","coordinates":[2.18953,41.39265]}},{"type":"Feature","properties":{"name":"Marina - Ramon Turró","code":"1631","kind":"stop","lines":",tmb-bus:V21,tmb-bus:136,"},"geometry":{"type":"Point","coordinates":[2.1919,41.39087]}},{"type":"Feature","properties":{"name":"Vila Olímpica","code":"915","kind":"stop","lines":",tmb-bus:V21,tmb-bus:V27,tmb-bus:59,tmb-bus:136,"},"geometry":{"type":"Point","coordinates":[2.19367,41.38844]}},{"type":"Feature","properties":{"name":"Pg Marítim - Final de trajecte","code":"3332","kind":"stop","lines":",tmb-bus:V21,"},"geometry":{"type":"Point","coordinates":[2.1959,41.38492]}},{"type":"Feature","properties":{"name":"Ciutadella - Vila Olímpica","code":"662","kind":"stop","lines":",tmb-bus:V21,tmb-bus:V27,tmb-bus:59,tmb-bus:136,"},"geometry":{"type":"Point","coordinates":[2.19559,41.38837]}},{"type":"Feature","properties":{"name":"Metro Marina","code":"27","kind":"stop","lines":",tmb-bus:V21,"},"geometry":{"type":"Point","coordinates":[2.18755,41.39444]}},{"type":"Feature","properties":{"name":"Marina - Ausiàs Marc","code":"227","kind":"stop","lines":",tmb-bus:V21,tmb-bus:6,"},"geometry":{"type":"Point","coordinates":[2.18432,41.3969]}},{"type":"Feature","properties":{"name":"Marina - Monumental","code":"3262","kind":"stop","lines":",tmb-bus:V21,"},"geometry":{"type":"Point","coordinates":[2.182,41.39871]}},{"type":"Feature","properties":{"name":"Marina - Diagonal","code":"3370","kind":"stop","lines":",tmb-bus:V21,"},"geometry":{"type":"Point","coordinates":[2.17813,41.40174]}},{"type":"Feature","properties":{"name":"Padilla - Mallorca","code":"1140","kind":"stop","lines":",tmb-bus:V21,tmb-bus:19,"},"geometry":{"type":"Point","coordinates":[2.17818,41.40502]}},{"type":"Feature","properties":{"name":"Padilla - Provença","code":"216","kind":"stop","lines":",tmb-bus:V21,tmb-bus:19,"},"geometry":{"type":"Point","coordinates":[2.17622,41.4065]}},{"type":"Feature","properties":{"name":"Padilla - Indústria","code":"1306","kind":"stop","lines":",tmb-bus:V21,"},"geometry":{"type":"Point","coordinates":[2.17279,41.40909]}},{"type":"Feature","properties":{"name":"Padilla - Llorens i Barba","code":"1234","kind":"stop","lines":",tmb-bus:V21,"},"geometry":{"type":"Point","coordinates":[2.16991,41.41131]}},{"type":"Feature","properties":{"name":"Padilla - Túnel de la Rovira","code":"3224","kind":"stop","lines":",tmb-bus:V21,"},"geometry":{"type":"Point","coordinates":[2.16756,41.4129]}},{"type":"Feature","properties":{"name":"Lletres - Dante Alighieri","code":"365","kind":"stop","lines":",tmb-bus:V21,tmb-bus:V23,tmb-bus:102,"},"geometry":{"type":"Point","coordinates":[2.15792,41.42794]}},{"type":"Feature","properties":{"name":"Pl de l'Estatut","code":"1430","kind":"stop","lines":",tmb-bus:V21,tmb-bus:V23,tmb-bus:V25,tmb-bus:102,"},"geometry":{"type":"Point","coordinates":[2.15519,41.43079]}},{"type":"Feature","properties":{"name":"Pl Botticelli","code":"972","kind":"stop","lines":",tmb-bus:V21,tmb-bus:V23,tmb-bus:V25,tmb-bus:102,"},"geometry":{"type":"Point","coordinates":[2.15315,41.43312]}},{"type":"Feature","properties":{"name":"Av Cardenal Vidal i Barraquer - Berruguete","code":"3436","kind":"stop","lines":",tmb-bus:V21,"},"geometry":{"type":"Point","coordinates":[2.15157,41.43277]}},{"type":"Feature","properties":{"name":"Jorge Manrique - Can Travi","code":"1193","kind":"stop","lines":",tmb-bus:V21,"},"geometry":{"type":"Point","coordinates":[2.14949,41.43156]}},{"type":"Feature","properties":{"name":"Arquitecte Moragas - Jorge Manrique","code":"1474","kind":"stop","lines":",tmb-bus:V21,"},"geometry":{"type":"Point","coordinates":[2.14747,41.43268]}},{"type":"Feature","properties":{"name":"Metro Montbau - Hospital Vall d'Hebron","code":"52","kind":"stop","lines":",tmb-bus:V21,"},"geometry":{"type":"Point","coordinates":[2.1445,41.43015]}},{"type":"Feature","properties":{"name":"Arquitectura - Àngel Marquès","code":"241","kind":"stop","lines":",tmb-bus:V21,"},"geometry":{"type":"Point","coordinates":[2.14119,41.42932]}},{"type":"Feature","properties":{"name":"Vayreda - Arquitectura","code":"1150","kind":"stop","lines":",tmb-bus:V21,"},"geometry":{"type":"Point","coordinates":[2.14018,41.43039]}},{"type":"Feature","properties":{"name":"Can Marcet - Vall d'Hebron - Final de trajecte","code":"3620","kind":"stop","lines":",tmb-bus:V23,"},"geometry":{"type":"Point","coordinates":[2.1482,41.43514]}},{"type":"Feature","properties":{"name":"Av Estatut - Botticelli","code":"3621","kind":"stop","lines":",tmb-bus:V23,"},"geometry":{"type":"Point","coordinates":[2.15304,41.43496]}},{"type":"Feature","properties":{"name":"Pl Botticelli","code":"3622","kind":"stop","lines":",tmb-bus:V23,"},"geometry":{"type":"Point","coordinates":[2.15303,41.43286]}},{"type":"Feature","properties":{"name":"CAP Horta","code":"727","kind":"stop","lines":",tmb-bus:V23,tmb-bus:V25,tmb-bus:102,tmb-bus:185,"},"geometry":{"type":"Point","coordinates":[2.1576,41.42914]}},{"type":"Feature","properties":{"name":"Tajo - Ptge Vila i Rosell","code":"1852","kind":"stop","lines":",tmb-bus:V23,tmb-bus:V25,tmb-bus:185,"},"geometry":{"type":"Point","coordinates":[2.16035,41.42959]}},{"type":"Feature","properties":{"name":"Rambla del Carmel - Llobregós","code":"2233","kind":"stop","lines":",tmb-bus:V23,"},"geometry":{"type":"Point","coordinates":[2.15777,41.42467]}},{"type":"Feature","properties":{"name":"Pedrell - Rambla del Carmel","code":"2231","kind":"stop","lines":",tmb-bus:V23,"},"geometry":{"type":"Point","coordinates":[2.15865,41.4231]}},{"type":"Feature","properties":{"name":"Pedrell - Canonge Almera","code":"427","kind":"stop","lines":",tmb-bus:V23,"},"geometry":{"type":"Point","coordinates":[2.16203,41.42388]}},{"type":"Feature","properties":{"name":"Pedrell - Font d'en Fargas","code":"1236","kind":"stop","lines":",tmb-bus:V23,tmb-bus:117,"},"geometry":{"type":"Point","coordinates":[2.16617,41.42447]}},{"type":"Feature","properties":{"name":"Pedrell - Av Frederic Rahola","code":"1237","kind":"stop","lines":",tmb-bus:V23,tmb-bus:117,"},"geometry":{"type":"Point","coordinates":[2.16855,41.42418]}},{"type":"Feature","properties":{"name":"Alt de Pedrell - Aguilar","code":"824","kind":"stop","lines":",tmb-bus:V23,tmb-bus:117,"},"geometry":{"type":"Point","coordinates":[2.16878,41.42565]}},{"type":"Feature","properties":{"name":"Alt de Pedrell - Palautordera","code":"825","kind":"stop","lines":",tmb-bus:V23,"},"geometry":{"type":"Point","coordinates":[2.16958,41.42601]}},{"type":"Feature","properties":{"name":"Arc de Sant Martí - Camil Oliveras","code":"826","kind":"stop","lines":",tmb-bus:V23,"},"geometry":{"type":"Point","coordinates":[2.1718,41.42372]}},{"type":"Feature","properties":{"name":"Pl Catalana - Amílcar","code":"898","kind":"stop","lines":",tmb-bus:V23,tmb-bus:39,"},"geometry":{"type":"Point","coordinates":[2.17291,41.42122]}},{"type":"Feature","properties":{"name":"Cartagena - Niça","code":"3631","kind":"stop","lines":",tmb-bus:V23,"},"geometry":{"type":"Point","coordinates":[2.16987,41.41449]}},{"type":"Feature","properties":{"name":"Sant Quintí - Hospital de St Pau","code":"2734","kind":"stop","lines":",tmb-bus:V23,tmb-bus:191,tmb-bus:192,"},"geometry":{"type":"Point","coordinates":[2.17579,41.41512]}},{"type":"Feature","properties":{"name":"Castillejos - Enamorats","code":"3623","kind":"stop","lines":",tmb-bus:V23,"},"geometry":{"type":"Point","coordinates":[2.18173,41.40382]}},{"type":"Feature","properties":{"name":"Teatre Nacional de Catalunya","code":"3624","kind":"stop","lines":",tmb-bus:V23,"},"geometry":{"type":"Point","coordinates":[2.18532,41.4011]}},{"type":"Feature","properties":{"name":"Pamplona - Tànger","code":"3625","kind":"stop","lines":",tmb-bus:V23,"},"geometry":{"type":"Point","coordinates":[2.18861,41.39865]}},{"type":"Feature","properties":{"name":"Pamplona - Pere IV","code":"3626","kind":"stop","lines":",tmb-bus:V23,"},"geometry":{"type":"Point","coordinates":[2.1924,41.39584]}},{"type":"Feature","properties":{"name":"Pamplona - Doctor Trueta","code":"3627","kind":"stop","lines":",tmb-bus:V23,"},"geometry":{"type":"Point","coordinates":[2.19567,41.3934]}},{"type":"Feature","properties":{"name":"Arquitecte Sert - Av Icària","code":"3628","kind":"stop","lines":",tmb-bus:V23,"},"geometry":{"type":"Point","coordinates":[2.19852,41.39127]}},{"type":"Feature","properties":{"name":"Av Litoral - Arquitecte Sert","code":"3629","kind":"stop","lines":",tmb-bus:V23,"},"geometry":{"type":"Point","coordinates":[2.20156,41.39113]}},{"type":"Feature","properties":{"name":"Jaume Vicenç i Vives - Icària - Final de trajecte","code":"3630","kind":"stop","lines":",tmb-bus:V23,"},"geometry":{"type":"Point","coordinates":[2.20121,41.39431]}},{"type":"Feature","properties":{"name":"Badajoz - Doctor Trueta","code":"1630","kind":"stop","lines":",tmb-bus:V23,"},"geometry":{"type":"Point","coordinates":[2.19879,41.39617]}},{"type":"Feature","properties":{"name":"Badajoz - Pujades","code":"2723","kind":"stop","lines":",tmb-bus:V23,"},"geometry":{"type":"Point","coordinates":[2.19543,41.3987]}},{"type":"Feature","properties":{"name":"Badajoz - Sancho de Ávila","code":"2464","kind":"stop","lines":",tmb-bus:V23,tmb-bus:192,"},"geometry":{"type":"Point","coordinates":[2.19198,41.40132]}},{"type":"Feature","properties":{"name":"Badajoz - Diagonal","code":"3371","kind":"stop","lines":",tmb-bus:V23,tmb-bus:X1,tmb-bus:192,"},"geometry":{"type":"Point","coordinates":[2.18959,41.40314]}},{"type":"Feature","properties":{"name":"Independència - Meridiana","code":"3807","kind":"stop","lines":",tmb-bus:V23,tmb-bus:62,"},"geometry":{"type":"Point","coordinates":[2.18625,41.40568]}},{"type":"Feature","properties":{"name":"Independència - Consell de Cent","code":"61","kind":"stop","lines":",tmb-bus:V23,"},"geometry":{"type":"Point","coordinates":[2.18503,41.40661]}},{"type":"Feature","properties":{"name":"Independència - Sant Antoni Maria Claret","code":"3618","kind":"stop","lines":",tmb-bus:V23,"},"geometry":{"type":"Point","coordinates":[2.17706,41.41267]}},{"type":"Feature","properties":{"name":"Cartagena - Av Gaudí","code":"3270","kind":"stop","lines":",tmb-bus:V23,tmb-bus:191,tmb-bus:192,"},"geometry":{"type":"Point","coordinates":[2.17399,41.4115]}},{"type":"Feature","properties":{"name":"Fundació Puigvert","code":"2747","kind":"stop","lines":",tmb-bus:V23,tmb-bus:191,tmb-bus:192,"},"geometry":{"type":"Point","coordinates":[2.17229,41.4128]}},{"type":"Feature","properties":{"name":"Mas Casanovas - Cartagena","code":"3638","kind":"stop","lines":",tmb-bus:V23,tmb-bus:191,tmb-bus:192,"},"geometry":{"type":"Point","coordinates":[2.17229,41.41424]}},{"type":"Feature","properties":{"name":"Grècia - Pl del Nen de la Rutlla","code":"768","kind":"stop","lines":",tmb-bus:V23,tmb-bus:117,"},"geometry":{"type":"Point","coordinates":[2.17145,41.41911]}},{"type":"Feature","properties":{"name":"Garriga i Roca - Camil Oliveras","code":"424","kind":"stop","lines":",tmb-bus:V23,tmb-bus:117,"},"geometry":{"type":"Point","coordinates":[2.16971,41.42124]}},{"type":"Feature","properties":{"name":"Montserrat de Casanovas - Parc del Guinardó","code":"425","kind":"stop","lines":",tmb-bus:V23,tmb-bus:117,"},"geometry":{"type":"Point","coordinates":[2.16952,41.42318]}},{"type":"Feature","properties":{"name":"Montserrat de Casanovas - Ptge Pedrell","code":"426","kind":"stop","lines":",tmb-bus:V23,tmb-bus:117,"},"geometry":{"type":"Point","coordinates":[2.16798,41.424]}},{"type":"Feature","properties":{"name":"Montserrat de Casanovas - Pg Font d'En Fargas","code":"446","kind":"stop","lines":",tmb-bus:V23,tmb-bus:117,"},"geometry":{"type":"Point","coordinates":[2.16496,41.42371]}},{"type":"Feature","properties":{"name":"Montserrat de Casanovas - Marí","code":"1243","kind":"stop","lines":",tmb-bus:V23,"},"geometry":{"type":"Point","coordinates":[2.16191,41.42241]}},{"type":"Feature","properties":{"name":"Montserrat de Casanovas - Passerell","code":"1244","kind":"stop","lines":",tmb-bus:V23,"},"geometry":{"type":"Point","coordinates":[2.15924,41.42155]}},{"type":"Feature","properties":{"name":"Pedrell - Ptge Gabarnet","code":"445","kind":"stop","lines":",tmb-bus:V23,"},"geometry":{"type":"Point","coordinates":[2.15876,41.42313]}},{"type":"Feature","properties":{"name":"Can Marcet","code":"3619","kind":"stop","lines":",tmb-bus:V23,"},"geometry":{"type":"Point","coordinates":[2.15106,41.43441]}},{"type":"Feature","properties":{"name":"Ctra d'Horta - Cotxeres d'Horta - Final trajecte","code":"2582","kind":"stop","lines":",tmb-bus:V25,"},"geometry":{"type":"Point","coordinates":[2.15447,41.43988]}},{"type":"Feature","properties":{"name":"Ctra d'Horta - Av Estatut de Catalunya","code":"1428","kind":"stop","lines":",tmb-bus:V25,tmb-bus:102,tmb-bus:185,"},"geometry":{"type":"Point","coordinates":[2.15349,41.43743]}},{"type":"Feature","properties":{"name":"Camí de l'Església - Rembrandt","code":"2622","kind":"stop","lines":",tmb-bus:V25,tmb-bus:102,"},"geometry":{"type":"Point","coordinates":[2.1534,41.43414]}},{"type":"Feature","properties":{"name":"Jerez - Pl de la Ciutadella","code":"1051","kind":"stop","lines":",tmb-bus:V25,tmb-bus:102,"},"geometry":{"type":"Point","coordinates":[2.15526,41.43135]}},{"type":"Feature","properties":{"name":"Pg Maragall - Av Frederic Rahola","code":"1235","kind":"stop","lines":",tmb-bus:V25,tmb-bus:19,"},"geometry":{"type":"Point","coordinates":[2.16469,41.42776]}},{"type":"Feature","properties":{"name":"Pg Maragall - Mossèn Josep Bundó","code":"649","kind":"stop","lines":",tmb-bus:V25,tmb-bus:19,"},"geometry":{"type":"Point","coordinates":[2.16814,41.42737]}},{"type":"Feature","properties":{"name":"Pg Maragall - Amílcar","code":"652","kind":"stop","lines":",tmb-bus:V25,tmb-bus:19,"},"geometry":{"type":"Point","coordinates":[2.17296,41.42627]}},{"type":"Feature","properties":{"name":"Navas de Tolosa - Juan de Garay","code":"3612","kind":"stop","lines":",tmb-bus:V25,"},"geometry":{"type":"Point","coordinates":[2.18144,41.41929]}},{"type":"Feature","properties":{"name":"Meridiana - Navas de Tolosa","code":"1908","kind":"stop","lines":",tmb-bus:V25,tmb-bus:62,"},"geometry":{"type":"Point","coordinates":[2.18673,41.41427]}},{"type":"Feature","properties":{"name":"Meridiana - Pl Doctor Serrat","code":"1494","kind":"stop","lines":",tmb-bus:V25,tmb-bus:62,"},"geometry":{"type":"Point","coordinates":[2.18672,41.41091]}},{"type":"Feature","properties":{"name":"Meridiana - Aragó","code":"3613","kind":"stop","lines":",tmb-bus:V25,tmb-bus:62,"},"geometry":{"type":"Point","coordinates":[2.1866,41.40799]}},{"type":"Feature","properties":{"name":"Independència - Parc de les Glòries","code":"3614","kind":"stop","lines":",tmb-bus:V25,"},"geometry":{"type":"Point","coordinates":[2.18791,41.40421]}},{"type":"Feature","properties":{"name":"Diagonal - Ciutat de Granada","code":"1879","kind":"stop","lines":",tmb-bus:V25,tmb-bus:X1,tmb-bus:7,"},"geometry":{"type":"Point","coordinates":[2.19126,41.40419]}},{"type":"Feature","properties":{"name":"Museu Can Framis","code":"3615","kind":"stop","lines":",tmb-bus:V25,"},"geometry":{"type":"Point","coordinates":[2.19454,41.40269]}},{"type":"Feature","properties":{"name":"Roc Boronat - Pere IV","code":"3616","kind":"stop","lines":",tmb-bus:V25,"},"geometry":{"type":"Point","coordinates":[2.1968,41.40096]}},{"type":"Feature","properties":{"name":"Roc Boronat - Llull","code":"3617","kind":"stop","lines":",tmb-bus:V25,tmb-bus:6,"},"geometry":{"type":"Point","coordinates":[2.199,41.39927]}},{"type":"Feature","properties":{"name":"Roc Boronat - Doctor Trueta","code":"3256","kind":"stop","lines":",tmb-bus:V25,tmb-bus:6,"},"geometry":{"type":"Point","coordinates":[2.2011,41.39769]}},{"type":"Feature","properties":{"name":"Cementiri de l'Est - Final de trajecte","code":"682","kind":"stop","lines":",tmb-bus:V25,"},"geometry":{"type":"Point","coordinates":[2.20158,41.39443]}},{"type":"Feature","properties":{"name":"Llacuna - Doctor Trueta","code":"3607","kind":"stop","lines":",tmb-bus:V25,"},"geometry":{"type":"Point","coordinates":[2.2025,41.39847]}},{"type":"Feature","properties":{"name":"Llacuna - Llull","code":"3608","kind":"stop","lines":",tmb-bus:V25,"},"geometry":{"type":"Point","coordinates":[2.20026,41.40016]}},{"type":"Feature","properties":{"name":"Llacuna - Pallars","code":"3258","kind":"stop","lines":",tmb-bus:V25,"},"geometry":{"type":"Point","coordinates":[2.19769,41.40213]}},{"type":"Feature","properties":{"name":"Jardins de Miquel Martí i Pol","code":"3609","kind":"stop","lines":",tmb-bus:V25,"},"geometry":{"type":"Point","coordinates":[2.19559,41.40372]}},{"type":"Feature","properties":{"name":"Meridiana - Aragó","code":"3722","kind":"stop","lines":",tmb-bus:V25,tmb-bus:192,"},"geometry":{"type":"Point","coordinates":[2.18713,41.40821]}},{"type":"Feature","properties":{"name":"Meridiana - València","code":"1489","kind":"stop","lines":",tmb-bus:V25,tmb-bus:62,tmb-bus:192,"},"geometry":{"type":"Point","coordinates":[2.18705,41.41107]}},{"type":"Feature","properties":{"name":"Trinxant - Ripollès","code":"3610","kind":"stop","lines":",tmb-bus:V25,tmb-bus:192,"},"geometry":{"type":"Point","coordinates":[2.18529,41.41482]}},{"type":"Feature","properties":{"name":"Trinxant - Sant Antoni Maria Claret","code":"3611","kind":"stop","lines":",tmb-bus:V25,tmb-bus:192,"},"geometry":{"type":"Point","coordinates":[2.18255,41.41692]}},{"type":"Feature","properties":{"name":"Metro Maragall","code":"1937","kind":"stop","lines":",tmb-bus:V25,tmb-bus:19,"},"geometry":{"type":"Point","coordinates":[2.17697,41.4246]}},{"type":"Feature","properties":{"name":"Pg Maragall - Amílcar","code":"370","kind":"stop","lines":",tmb-bus:V25,tmb-bus:19,"},"geometry":{"type":"Point","coordinates":[2.17304,41.4264]}},{"type":"Feature","properties":{"name":"Pg Maragall - Sabastida","code":"371","kind":"stop","lines":",tmb-bus:V25,tmb-bus:19,"},"geometry":{"type":"Point","coordinates":[2.16846,41.42748]}},{"type":"Feature","properties":{"name":"Pg Maragall - Petrarca","code":"2130","kind":"stop","lines":",tmb-bus:V25,"},"geometry":{"type":"Point","coordinates":[2.16333,41.42843]}},{"type":"Feature","properties":{"name":"Tajo - Baixada Mercat","code":"2351","kind":"stop","lines":",tmb-bus:V25,tmb-bus:185,"},"geometry":{"type":"Point","coordinates":[2.16014,41.42973]}},{"type":"Feature","properties":{"name":"Porto - Pl de l'Estatut","code":"3367","kind":"stop","lines":",tmb-bus:V25,"},"geometry":{"type":"Point","coordinates":[2.15715,41.42971]}},{"type":"Feature","properties":{"name":"Av l'Estatut de Catalunya - Campoamor","code":"3368","kind":"stop","lines":",tmb-bus:V25,tmb-bus:102,"},"geometry":{"type":"Point","coordinates":[2.15354,41.43512]}},{"type":"Feature","properties":{"name":"Ctra d'Horta - Pg de Valldaura","code":"374","kind":"stop","lines":",tmb-bus:V25,tmb-bus:102,"},"geometry":{"type":"Point","coordinates":[2.15356,41.43727]}},{"type":"Feature","properties":{"name":"Ctra d'Horta","code":"1695","kind":"stop","lines":",tmb-bus:V25,tmb-bus:102,"},"geometry":{"type":"Point","coordinates":[2.15422,41.43897]}},{"type":"Feature","properties":{"name":"Tanatori Ronda de Dalt","code":"2974","kind":"stop","lines":",tmb-bus:V25,tmb-bus:102,"},"geometry":{"type":"Point","coordinates":[2.1548,41.44048]}},{"type":"Feature","properties":{"name":"Pg Marítim - Final de trajecte","code":"2306","kind":"stop","lines":",tmb-bus:V27,"},"geometry":{"type":"Point","coordinates":[2.1963,41.38523]}},{"type":"Feature","properties":{"name":"Bac de Roda - Pg Taulat","code":"3383","kind":"stop","lines":",tmb-bus:V27,"},"geometry":{"type":"Point","coordinates":[2.20974,41.40326]}},{"type":"Feature","properties":{"name":"Bac de Roda - Llull","code":"1131","kind":"stop","lines":",tmb-bus:V27,"},"geometry":{"type":"Point","coordinates":[2.20671,41.40557]}},{"type":"Feature","properties":{"name":"Bac de Roda - Cristóbal de Moura","code":"191","kind":"stop","lines":",tmb-bus:V27,"},"geometry":{"type":"Point","coordinates":[2.20327,41.40815]}},{"type":"Feature","properties":{"name":"Bac de Roda - Bolívia","code":"578","kind":"stop","lines":",tmb-bus:V27,"},"geometry":{"type":"Point","coordinates":[2.20113,41.40976]}},{"type":"Feature","properties":{"name":"Bac de Roda - Gran Via","code":"1190","kind":"stop","lines":",tmb-bus:V27,"},"geometry":{"type":"Point","coordinates":[2.19752,41.41249]}},{"type":"Feature","properties":{"name":"Bac de Roda - Rambla de Guipúscoa","code":"621","kind":"stop","lines":",tmb-bus:V27,"},"geometry":{"type":"Point","coordinates":[2.19421,41.41499]}},{"type":"Feature","properties":{"name":"Felip II - Palència","code":"880","kind":"stop","lines":",tmb-bus:V27,tmb-bus:126,"},"geometry":{"type":"Point","coordinates":[2.18969,41.41841]}},{"type":"Feature","properties":{"name":"Felip II - Meridiana","code":"744","kind":"stop","lines":",tmb-bus:V27,tmb-bus:126,"},"geometry":{"type":"Point","coordinates":[2.18608,41.42112]}},{"type":"Feature","properties":{"name":"Pl dels Indians","code":"509","kind":"stop","lines":",tmb-bus:V27,tmb-bus:191,"},"geometry":{"type":"Point","coordinates":[2.18284,41.4236]}},{"type":"Feature","properties":{"name":"Felip II - Pl del Congrés","code":"363","kind":"stop","lines":",tmb-bus:V27,"},"geometry":{"type":"Point","coordinates":[2.17985,41.42589]}},{"type":"Feature","properties":{"name":"Felip II - Arnau d'Oms","code":"364","kind":"stop","lines":",tmb-bus:V27,"},"geometry":{"type":"Point","coordinates":[2.17806,41.42725]}},{"type":"Feature","properties":{"name":"Mercat Mare de Déu de la Mercè","code":"2616","kind":"stop","lines":",tmb-bus:V27,tmb-bus:122,"},"geometry":{"type":"Point","coordinates":[2.17273,41.4304]}},{"type":"Feature","properties":{"name":"Fabra i Puig - Petrarca","code":"1403","kind":"stop","lines":",tmb-bus:V27,tmb-bus:122,"},"geometry":{"type":"Point","coordinates":[2.16803,41.43052]}},{"type":"Feature","properties":{"name":"Ronda Guineueta Vella - Antonio Machado","code":"231","kind":"stop","lines":",tmb-bus:V27,tmb-bus:27,tmb-bus:47,tmb-bus:182,"},"geometry":{"type":"Point","coordinates":[2.16206,41.44154]}},{"type":"Feature","properties":{"name":"Ronda Guineueta Vella - Juan Ramón Jiménez","code":"2585","kind":"stop","lines":",tmb-bus:V27,tmb-bus:27,tmb-bus:47,tmb-bus:182,"},"geometry":{"type":"Point","coordinates":[2.16231,41.44286]}},{"type":"Feature","properties":{"name":"Ronda Guineueta Vella - Barri Canyelles","code":"24","kind":"stop","lines":",tmb-bus:V27,tmb-bus:27,tmb-bus:47,"},"geometry":{"type":"Point","coordinates":[2.16522,41.44433]}},{"type":"Feature","properties":{"name":"Ronda Guineueta Vella - Escola Deià","code":"25","kind":"stop","lines":",tmb-bus:V27,tmb-bus:27,tmb-bus:47,"},"geometry":{"type":"Point","coordinates":[2.16779,41.44483]}},{"type":"Feature","properties":{"name":"Antonio Machado - Final de trajecte","code":"1900","kind":"stop","lines":",tmb-bus:V27,"},"geometry":{"type":"Point","coordinates":[2.17023,41.44422]}},{"type":"Feature","properties":{"name":"Via Favència - Barri Canyelles","code":"2269","kind":"stop","lines":",tmb-bus:V27,tmb-bus:27,tmb-bus:47,tmb-bus:60,tmb-bus:122,"},"geometry":{"type":"Point","coordinates":[2.1696,41.44297]}},{"type":"Feature","properties":{"name":"Metro Canyelles","code":"2260","kind":"stop","lines":",tmb-bus:V27,tmb-bus:27,tmb-bus:47,tmb-bus:60,tmb-bus:122,"},"geometry":{"type":"Point","coordinates":[2.1668,41.44195]}},{"type":"Feature","properties":{"name":"Via Favència - Pl Karl Marx","code":"2261","kind":"stop","lines":",tmb-bus:V27,tmb-bus:27,tmb-bus:47,tmb-bus:60,tmb-bus:122,tmb-bus:185,"},"geometry":{"type":"Point","coordinates":[2.16344,41.44073]}},{"type":"Feature","properties":{"name":"Fabra i Puig - Petrarca","code":"1404","kind":"stop","lines":",tmb-bus:V27,"},"geometry":{"type":"Point","coordinates":[2.16806,41.43035]}},{"type":"Feature","properties":{"name":"Mercat Mare de Déu de la Mercè","code":"651","kind":"stop","lines":",tmb-bus:V27,"},"geometry":{"type":"Point","coordinates":[2.17321,41.43028]}},{"type":"Feature","properties":{"name":"Felip II - Ramon Albó","code":"1047","kind":"stop","lines":",tmb-bus:V27,"},"geometry":{"type":"Point","coordinates":[2.17778,41.42726]}},{"type":"Feature","properties":{"name":"Felip II - Pl Congrés","code":"1048","kind":"stop","lines":",tmb-bus:V27,"},"geometry":{"type":"Point","coordinates":[2.1798,41.42572]}},{"type":"Feature","properties":{"name":"Pl dels Indians","code":"508","kind":"stop","lines":",tmb-bus:V27,tmb-bus:191,"},"geometry":{"type":"Point","coordinates":[2.18262,41.42356]}},{"type":"Feature","properties":{"name":"Espronceda - Pl Islàndia","code":"156","kind":"stop","lines":",tmb-bus:V27,"},"geometry":{"type":"Point","coordinates":[2.18824,41.41761]}},{"type":"Feature","properties":{"name":"Espronceda - Gran Via","code":"2947","kind":"stop","lines":",tmb-bus:V27,"},"geometry":{"type":"Point","coordinates":[2.19636,41.4115]}},{"type":"Feature","properties":{"name":"Espronceda - Marroc","code":"2698","kind":"stop","lines":",tmb-bus:V27,"},"geometry":{"type":"Point","coordinates":[2.2001,41.40868]}},{"type":"Feature","properties":{"name":"Espronceda - Pere IV","code":"2699","kind":"stop","lines":",tmb-bus:V27,"},"geometry":{"type":"Point","coordinates":[2.20284,41.4066]}},{"type":"Feature","properties":{"name":"Espronceda - Jardins Josep Trueta","code":"2700","kind":"stop","lines":",tmb-bus:V27,"},"geometry":{"type":"Point","coordinates":[2.20578,41.40438]}},{"type":"Feature","properties":{"name":"Espronceda - Ramon Turró","code":"3382","kind":"stop","lines":",tmb-bus:V27,"},"geometry":{"type":"Point","coordinates":[2.20841,41.4024]}},{"type":"Feature","properties":{"name":"Pl de les Roquetes - Final de trajecte","code":"1959","kind":"stop","lines":",tmb-bus:V29,"},"geometry":{"type":"Point","coordinates":[2.17628,41.44845]}},{"type":"Feature","properties":{"name":"Via Favència - Biblioteca Les Roquetes","code":"817","kind":"stop","lines":",tmb-bus:V29,tmb-bus:60,tmb-bus:127,tmb-bus:134,"},"geometry":{"type":"Point","coordinates":[2.17748,41.44585]}},{"type":"Feature","properties":{"name":"Via Favència - Almansa","code":"813","kind":"stop","lines":",tmb-bus:V29,tmb-bus:60,tmb-bus:134,"},"geometry":{"type":"Point","coordinates":[2.17463,41.44488]}},{"type":"Feature","properties":{"name":"Concepción Arenal 167-168","code":"8009","kind":"stop","lines":",tmb-bus:V29,"},"geometry":{"type":"Point","coordinates":[2.18413,41.42696]}},{"type":"Feature","properties":{"name":"Concepción Arenal, 103-105","code":"9981","kind":"stop","lines":",tmb-bus:V29,"},"geometry":{"type":"Point","coordinates":[2.18399,41.42385]}},{"type":"Feature","properties":{"name":"Pont del Treball Digne - Santander","code":"1178","kind":"stop","lines":",tmb-bus:V29,"},"geometry":{"type":"Point","coordinates":[2.19649,41.42207]}},{"type":"Feature","properties":{"name":"Cantàbria - Menorca","code":"619","kind":"stop","lines":",tmb-bus:V29,"},"geometry":{"type":"Point","coordinates":[2.19868,41.42156]}},{"type":"Feature","properties":{"name":"Cantàbria - Rambla Guipúscoa","code":"3530","kind":"stop","lines":",tmb-bus:V29,"},"geometry":{"type":"Point","coordinates":[2.20116,41.41975]}},{"type":"Feature","properties":{"name":"Selva de Mar - Rambla Guipúscoa","code":"3531","kind":"stop","lines":",tmb-bus:V29,"},"geometry":{"type":"Point","coordinates":[2.1986,41.4169]}},{"type":"Feature","properties":{"name":"Selva de Mar - Perú","code":"2903","kind":"stop","lines":",tmb-bus:V29,"},"geometry":{"type":"Point","coordinates":[2.20184,41.41421]}},{"type":"Feature","properties":{"name":"Selva de Mar - Pere IV","code":"2904","kind":"stop","lines":",tmb-bus:V29,"},"geometry":{"type":"Point","coordinates":[2.2058,41.41121]}},{"type":"Feature","properties":{"name":"Selva de Mar - Llull","code":"2906","kind":"stop","lines":",tmb-bus:V29,"},"geometry":{"type":"Point","coordinates":[2.2098,41.40813]}},{"type":"Feature","properties":{"name":"Selva de Mar - Pg Taulat","code":"3532","kind":"stop","lines":",tmb-bus:V29,"},"geometry":{"type":"Point","coordinates":[2.21351,41.40538]}},{"type":"Feature","properties":{"name":"Av del Litoral - Platja de Llevant","code":"3533","kind":"stop","lines":",tmb-bus:V29,"},"geometry":{"type":"Point","coordinates":[2.21634,41.40398]}},{"type":"Feature","properties":{"name":"Josep Pla - Pg Garcia Fària","code":"3534","kind":"stop","lines":",tmb-bus:V29,"},"geometry":{"type":"Point","coordinates":[2.21785,41.4074]}},{"type":"Feature","properties":{"name":"Josep Pla - Av Diagonal - Final de trajecte","code":"3535","kind":"stop","lines":",tmb-bus:V29,"},"geometry":{"type":"Point","coordinates":[2.21536,41.40929]}},{"type":"Feature","properties":{"name":"Josep Pla - Pallars","code":"2899","kind":"stop","lines":",tmb-bus:V29,"},"geometry":{"type":"Point","coordinates":[2.21276,41.41122]}},{"type":"Feature","properties":{"name":"Josep Pla - Cristóbal de Moura","code":"2901","kind":"stop","lines":",tmb-bus:V29,"},"geometry":{"type":"Point","coordinates":[2.20934,41.41381]}},{"type":"Feature","properties":{"name":"Josep Pla - Perú","code":"2902","kind":"stop","lines":",tmb-bus:V29,"},"geometry":{"type":"Point","coordinates":[2.20608,41.41633]}},{"type":"Feature","properties":{"name":"Cantàbria - Andrade","code":"963","kind":"stop","lines":",tmb-bus:V29,"},"geometry":{"type":"Point","coordinates":[2.20355,41.41824]}},{"type":"Feature","properties":{"name":"Cantàbria - Pl del Ram de l'Aigua","code":"618","kind":"stop","lines":",tmb-bus:V29,"},"geometry":{"type":"Point","coordinates":[2.20116,41.42001]}},{"type":"Feature","properties":{"name":"Pont del Treball Digne - Santander","code":"965","kind":"stop","lines":",tmb-bus:V29,tmb-bus:V31,"},"geometry":{"type":"Point","coordinates":[2.19745,41.42209]}},{"type":"Feature","properties":{"name":"Pont del Treball Digne - Berenguer de Palou","code":"3883","kind":"stop","lines":",tmb-bus:V29,tmb-bus:V31,"},"geometry":{"type":"Point","coordinates":[2.19215,41.42398]}},{"type":"Feature","properties":{"name":"Meridiana, 320","code":"9980","kind":"stop","lines":",tmb-bus:V29,tmb-bus:62,tmb-bus:96,"},"geometry":{"type":"Point","coordinates":[2.1868,41.4248]}},{"type":"Feature","properties":{"name":"Fabra i Puig","code":"9650","kind":"stop","lines":",tmb-bus:V29,tmb-bus:62,tmb-bus:96,"},"geometry":{"type":"Point","coordinates":[2.18461,41.42827]}},{"type":"Feature","properties":{"name":"Alcántara - Garigliano","code":"497","kind":"stop","lines":",tmb-bus:V29,tmb-bus:27,tmb-bus:134,"},"geometry":{"type":"Point","coordinates":[2.17243,41.44552]}},{"type":"Feature","properties":{"name":"Mina de la Ciutat - Les Torres","code":"725","kind":"stop","lines":",tmb-bus:V29,tmb-bus:127,tmb-bus:134,"},"geometry":{"type":"Point","coordinates":[2.17427,41.44736]}},{"type":"Feature","properties":{"name":"Rambla de Prim - Av Diagonal - Final de trajecte","code":"1878","kind":"stop","lines":",tmb-bus:V31,"},"geometry":{"type":"Point","coordinates":[2.2186,41.41217]}},{"type":"Feature","properties":{"name":"Rambla Prim - Cristóbal de Moura","code":"1113","kind":"stop","lines":",tmb-bus:V31,tmb-bus:136,"},"geometry":{"type":"Point","coordinates":[2.2129,41.41647]}},{"type":"Feature","properties":{"name":"Rambla Prim - Bernat Metge","code":"565","kind":"stop","lines":",tmb-bus:V31,tmb-bus:136,"},"geometry":{"type":"Point","coordinates":[2.21128,41.41768]}},{"type":"Feature","properties":{"name":"Rambla Prim - Gran Via","code":"3889","kind":"stop","lines":",tmb-bus:V31,tmb-bus:136,"},"geometry":{"type":"Point","coordinates":[2.20944,41.4192]}},{"type":"Feature","properties":{"name":"Rambla Prim - Metro La Pau","code":"2683","kind":"stop","lines":",tmb-bus:V31,tmb-bus:33,tmb-bus:136,"},"geometry":{"type":"Point","coordinates":[2.20461,41.42279]}},{"type":"Feature","properties":{"name":"Ca n'Oliva, 94-96","code":"9798","kind":"stop","lines":",tmb-bus:V31,tmb-bus:33,tmb-bus:136,"},"geometry":{"type":"Point","coordinates":[2.20143,41.42659]}},{"type":"Feature","properties":{"name":"Cantàbria - Ptge Ferradura","code":"3887","kind":"stop","lines":",tmb-bus:V31,"},"geometry":{"type":"Point","coordinates":[2.19835,41.42329]}},{"type":"Feature","properties":{"name":"Segre - Parellada","code":"3283","kind":"stop","lines":",tmb-bus:V31,"},"geometry":{"type":"Point","coordinates":[2.1927,41.43334]}},{"type":"Feature","properties":{"name":"Pg Torras i Bages - Via Favència","code":"1515","kind":"stop","lines":",tmb-bus:V31,tmb-bus:62,tmb-bus:126,tmb-bus:127,tmb-bus:133,"},"geometry":{"type":"Point","coordinates":[2.19065,41.44586]}},{"type":"Feature","properties":{"name":"Pl de Josep Andreu i Abelló","code":"1712","kind":"stop","lines":",tmb-bus:V31,tmb-bus:62,tmb-bus:76,tmb-bus:126,tmb-bus:133,"},"geometry":{"type":"Point","coordinates":[2.19051,41.44786]}},{"type":"Feature","properties":{"name":"Ctra de Ribes - Meridiana","code":"877","kind":"stop","lines":",tmb-bus:V31,tmb-bus:126,tmb-bus:127,tmb-bus:133,"},"geometry":{"type":"Point","coordinates":[2.18974,41.44946]}},{"type":"Feature","properties":{"name":"Meridiana - Almassora","code":"3402","kind":"stop","lines":",tmb-bus:V31,tmb-bus:126,tmb-bus:127,tmb-bus:133,"},"geometry":{"type":"Point","coordinates":[2.18921,41.45202]}},{"type":"Feature","properties":{"name":"Pare Pérez del Pulgar - Peníscola","code":"1409","kind":"stop","lines":",tmb-bus:V31,tmb-bus:133,"},"geometry":{"type":"Point","coordinates":[2.18953,41.45344]}},{"type":"Feature","properties":{"name":"Torrent de la Perera, 23","code":"9994","kind":"stop","lines":",tmb-bus:V31,tmb-bus:133,"},"geometry":{"type":"Point","coordinates":[2.19176,41.45492]}},{"type":"Feature","properties":{"name":"Via de Bàrcino - Vicenç Montal","code":"2801","kind":"stop","lines":",tmb-bus:V31,tmb-bus:133,"},"geometry":{"type":"Point","coordinates":[2.19364,41.45397]}},{"type":"Feature","properties":{"name":"Via de Bàrcino - Foradada","code":"453","kind":"stop","lines":",tmb-bus:V31,tmb-bus:133,"},"geometry":{"type":"Point","coordinates":[2.19378,41.45281]}},{"type":"Feature","properties":{"name":"Via de Bàrcino - Ausona","code":"977","kind":"stop","lines":",tmb-bus:V31,tmb-bus:133,"},"geometry":{"type":"Point","coordinates":[2.19224,41.45052]}},{"type":"Feature","properties":{"name":"Tossal - Pl Josep Andreu i Abelló","code":"2630","kind":"stop","lines":",tmb-bus:V31,tmb-bus:133,"},"geometry":{"type":"Point","coordinates":[2.19069,41.44873]}},{"type":"Feature","properties":{"name":"Ctra de Ribes - Tossal - Final de trajecte","code":"2620","kind":"stop","lines":",tmb-bus:V31,"},"geometry":{"type":"Point","coordinates":[2.18962,41.44812]}},{"type":"Feature","properties":{"name":"Pg Santa Coloma - Pg Torras i Bages","code":"258","kind":"stop","lines":",tmb-bus:V31,tmb-bus:60,"},"geometry":{"type":"Point","coordinates":[2.18916,41.44469]}},{"type":"Feature","properties":{"name":"Pg Torras i Bages - Palomar","code":"1161","kind":"stop","lines":",tmb-bus:V31,"},"geometry":{"type":"Point","coordinates":[2.19071,41.4423]}},{"type":"Feature","properties":{"name":"Santander - Pont del Treball Digne","code":"3508","kind":"stop","lines":",tmb-bus:V31,"},"geometry":{"type":"Point","coordinates":[2.19672,41.42279]}},{"type":"Feature","properties":{"name":"Cantàbria - Puigcerdà","code":"3886","kind":"stop","lines":",tmb-bus:V31,"},"geometry":{"type":"Point","coordinates":[2.19919,41.42384]}},{"type":"Feature","properties":{"name":"Rambla Prim - Cantàbria","code":"1180","kind":"stop","lines":",tmb-bus:V31,"},"geometry":{"type":"Point","coordinates":[2.20092,41.42488]}},{"type":"Feature","properties":{"name":"Rambla Prim - Guipúscoa","code":"1181","kind":"stop","lines":",tmb-bus:V31,tmb-bus:33,tmb-bus:136,"},"geometry":{"type":"Point","coordinates":[2.20427,41.42236]}},{"type":"Feature","properties":{"name":"Rambla Prim - Andrade","code":"574","kind":"stop","lines":",tmb-bus:V31,tmb-bus:136,"},"geometry":{"type":"Point","coordinates":[2.20726,41.42001]}},{"type":"Feature","properties":{"name":"Rambla Prim - Pere IV","code":"3888","kind":"stop","lines":",tmb-bus:V31,tmb-bus:136,"},"geometry":{"type":"Point","coordinates":[2.20948,41.41837]}},{"type":"Feature","properties":{"name":"Rambla Prim - Marroc","code":"1111","kind":"stop","lines":",tmb-bus:V31,tmb-bus:136,"},"geometry":{"type":"Point","coordinates":[2.21121,41.41709]}},{"type":"Feature","properties":{"name":"Rambla Prim - Cristóbal de Moura","code":"193","kind":"stop","lines":",tmb-bus:V31,tmb-bus:136,"},"geometry":{"type":"Point","coordinates":[2.21244,41.41616]}},{"type":"Feature","properties":{"name":"Rambla Prim - Pallars","code":"1661","kind":"stop","lines":",tmb-bus:V31,tmb-bus:136,"},"geometry":{"type":"Point","coordinates":[2.21487,41.41434]}},{"type":"Feature","properties":{"name":"Rambla Prim - Llull","code":"3884","kind":"stop","lines":",tmb-bus:V31,"},"geometry":{"type":"Point","coordinates":[2.21777,41.41216]}},{"type":"Feature","properties":{"name":"Irlanda - Final de trajecte","code":"3655","kind":"stop","lines":",tmb-bus:V33,"},"geometry":{"type":"Point","coordinates":[2.21497,41.44766]}},{"type":"Feature","properties":{"name":"Irlanda","code":"3405","kind":"stop","lines":",tmb-bus:V33,"},"geometry":{"type":"Point","coordinates":[2.21459,41.44869]}},{"type":"Feature","properties":{"name":"Mercat Sagarra","code":"3406","kind":"stop","lines":",tmb-bus:V33,"},"geometry":{"type":"Point","coordinates":[2.21125,41.45085]}},{"type":"Feature","properties":{"name":"Pl Vila - Metro Sta Coloma","code":"1101","kind":"stop","lines":",tmb-bus:V33,"},"geometry":{"type":"Point","coordinates":[2.20815,41.45116]}},{"type":"Feature","properties":{"name":"Llorenç Serra","code":"838","kind":"stop","lines":",tmb-bus:V33,"},"geometry":{"type":"Point","coordinates":[2.20518,41.45046]}},{"type":"Feature","properties":{"name":"Pg Santa Coloma - Baró de Viver","code":"1418","kind":"stop","lines":",tmb-bus:V33,tmb-bus:60,"},"geometry":{"type":"Point","coordinates":[2.19974,41.44857]}},{"type":"Feature","properties":{"name":"Ciutat d'Asunción - Ferran Junoy","code":"3761","kind":"stop","lines":",tmb-bus:V33,tmb-bus:133,"},"geometry":{"type":"Point","coordinates":[2.19848,41.44598]}},{"type":"Feature","properties":{"name":"Ciutat d'Asunción - Tucumán","code":"1659","kind":"stop","lines":",tmb-bus:V33,tmb-bus:60,tmb-bus:133,"},"geometry":{"type":"Point","coordinates":[2.19926,41.44459]}},{"type":"Feature","properties":{"name":"Ciutat d'Asunción - Potosí","code":"1455","kind":"stop","lines":",tmb-bus:V33,tmb-bus:60,tmb-bus:133,"},"geometry":{"type":"Point","coordinates":[2.19982,41.44167]}},{"type":"Feature","properties":{"name":"Caracas - Pl Celestí Boada","code":"1454","kind":"stop","lines":",tmb-bus:V33,tmb-bus:60,tmb-bus:133,"},"geometry":{"type":"Point","coordinates":[2.20362,41.43931]}},{"type":"Feature","properties":{"name":"Pg Enric Sanchis - Sant Adrià","code":"969","kind":"stop","lines":",tmb-bus:V33,"},"geometry":{"type":"Point","coordinates":[2.20485,41.43552]}},{"type":"Feature","properties":{"name":"Pg Enric Sanchis - Santander","code":"970","kind":"stop","lines":",tmb-bus:V33,"},"geometry":{"type":"Point","coordinates":[2.20597,41.4335]}},{"type":"Feature","properties":{"name":"Balmes - Almirall Oquendo","code":"728","kind":"stop","lines":",tmb-bus:V33,"},"geometry":{"type":"Point","coordinates":[2.20774,41.43115]}},{"type":"Feature","properties":{"name":"Balmes - Alarcón","code":"729","kind":"stop","lines":",tmb-bus:V33,"},"geometry":{"type":"Point","coordinates":[2.21087,41.42963]}},{"type":"Feature","properties":{"name":"Extremadura - Guipúscoa","code":"3688","kind":"stop","lines":",tmb-bus:V33,"},"geometry":{"type":"Point","coordinates":[2.20925,41.42477]}},{"type":"Feature","properties":{"name":"Extremadura - Pl Clementina Arderiu","code":"569","kind":"stop","lines":",tmb-bus:V33,"},"geometry":{"type":"Point","coordinates":[2.21127,41.42249]}},{"type":"Feature","properties":{"name":"Argentina - Bernat Metge","code":"2660","kind":"stop","lines":",tmb-bus:V33,"},"geometry":{"type":"Point","coordinates":[2.21263,41.42129]}},{"type":"Feature","properties":{"name":"Bernat Metge - Rambla Prim","code":"1699","kind":"stop","lines":",tmb-bus:V33,"},"geometry":{"type":"Point","coordinates":[2.2119,41.42046]}},{"type":"Feature","properties":{"name":"Alfons el Magnànim - Jaume Huguet","code":"3598","kind":"stop","lines":",tmb-bus:V33,"},"geometry":{"type":"Point","coordinates":[2.21249,41.41786]}},{"type":"Feature","properties":{"name":"La Mina - Ponent","code":"2230","kind":"stop","lines":",tmb-bus:V33,"},"geometry":{"type":"Point","coordinates":[2.2173,41.41835]}},{"type":"Feature","properties":{"name":"St. Ramon de Penyafort - Manuel Fernández Márquez","code":"2750","kind":"stop","lines":",tmb-bus:V33,"},"geometry":{"type":"Point","coordinates":[2.21969,41.41501]}},{"type":"Feature","properties":{"name":"Sant Ramon de Penyafort - Final de trajecte","code":"3595","kind":"stop","lines":",tmb-bus:V33,"},"geometry":{"type":"Point","coordinates":[2.22096,41.41384]}},{"type":"Feature","properties":{"name":"Sant Ramon de Penyafort - Manuel Fernández Márquez","code":"3336","kind":"stop","lines":",tmb-bus:V33,"},"geometry":{"type":"Point","coordinates":[2.21938,41.41581]}},{"type":"Feature","properties":{"name":"La Mina - Ponent","code":"3596","kind":"stop","lines":",tmb-bus:V33,"},"geometry":{"type":"Point","coordinates":[2.21779,41.41812]}},{"type":"Feature","properties":{"name":"Alfons el Magnànim - Jaume Huguet","code":"3597","kind":"stop","lines":",tmb-bus:V33,"},"geometry":{"type":"Point","coordinates":[2.21258,41.41805]}},{"type":"Feature","properties":{"name":"Bernat Metge - Argentina","code":"1666","kind":"stop","lines":",tmb-bus:V33,"},"geometry":{"type":"Point","coordinates":[2.21177,41.42019]}},{"type":"Feature","properties":{"name":"Argentina - Bernat Metge","code":"2577","kind":"stop","lines":",tmb-bus:V33,"},"geometry":{"type":"Point","coordinates":[2.21275,41.42147]}},{"type":"Feature","properties":{"name":"Extremadura - Ctra Mataró","code":"506","kind":"stop","lines":",tmb-bus:V33,"},"geometry":{"type":"Point","coordinates":[2.211,41.42355]}},{"type":"Feature","properties":{"name":"Extremadura - Guipúscoa","code":"3689","kind":"stop","lines":",tmb-bus:V33,"},"geometry":{"type":"Point","coordinates":[2.20943,41.42517]}},{"type":"Feature","properties":{"name":"Balmes - Jovellanos","code":"967","kind":"stop","lines":",tmb-bus:V33,"},"geometry":{"type":"Point","coordinates":[2.21032,41.43012]}},{"type":"Feature","properties":{"name":"Balmes - Pereda","code":"968","kind":"stop","lines":",tmb-bus:V33,"},"geometry":{"type":"Point","coordinates":[2.20789,41.43133]}},{"type":"Feature","properties":{"name":"Llinars - Santander","code":"12","kind":"stop","lines":",tmb-bus:V33,"},"geometry":{"type":"Point","coordinates":[2.2073,41.43476]}},{"type":"Feature","properties":{"name":"Sant Adrià - Bon Pastor","code":"588","kind":"stop","lines":",tmb-bus:V33,tmb-bus:133,"},"geometry":{"type":"Point","coordinates":[2.2079,41.43648]}},{"type":"Feature","properties":{"name":"Pg Guayaquil - Arbeca","code":"1453","kind":"stop","lines":",tmb-bus:V33,tmb-bus:133,"},"geometry":{"type":"Point","coordinates":[2.2081,41.43949]}},{"type":"Feature","properties":{"name":"Lima - Caracas","code":"1780","kind":"stop","lines":",tmb-bus:V33,tmb-bus:133,"},"geometry":{"type":"Point","coordinates":[2.20448,41.43923]}},{"type":"Feature","properties":{"name":"Caracas - Cuzco","code":"3750","kind":"stop","lines":",tmb-bus:V33,tmb-bus:60,tmb-bus:133,"},"geometry":{"type":"Point","coordinates":[2.2035,41.44065]}},{"type":"Feature","properties":{"name":"Caracas - Potosí","code":"159","kind":"stop","lines":",tmb-bus:V33,tmb-bus:60,tmb-bus:133,"},"geometry":{"type":"Point","coordinates":[2.20269,41.44406]}},{"type":"Feature","properties":{"name":"Tiana - Campins","code":"2394","kind":"stop","lines":",tmb-bus:V33,tmb-bus:60,tmb-bus:133,"},"geometry":{"type":"Point","coordinates":[2.20095,41.44764]}},{"type":"Feature","properties":{"name":"Llorenç Serra","code":"1336","kind":"stop","lines":",tmb-bus:V33,"},"geometry":{"type":"Point","coordinates":[2.20399,41.44988]}},{"type":"Feature","properties":{"name":"Metro Sta Coloma","code":"2575","kind":"stop","lines":",tmb-bus:V33,"},"geometry":{"type":"Point","coordinates":[2.20682,41.45051]}},{"type":"Feature","properties":{"name":"Av Santa Coloma","code":"84","kind":"stop","lines":",tmb-bus:V33,"},"geometry":{"type":"Point","coordinates":[2.20788,41.44819]}},{"type":"Feature","properties":{"name":"Metro Can Peixauet","code":"85","kind":"stop","lines":",tmb-bus:V33,"},"geometry":{"type":"Point","coordinates":[2.20952,41.44502]}},{"type":"Feature","properties":{"name":"Can Peixauet","code":"663","kind":"stop","lines":",tmb-bus:V33,"},"geometry":{"type":"Point","coordinates":[2.21082,41.44472]}},{"type":"Feature","properties":{"name":"Banús - Metro Santa Rosa","code":"666","kind":"stop","lines":",tmb-bus:V33,"},"geometry":{"type":"Point","coordinates":[2.21405,41.44632]}},{"type":"Feature","properties":{"name":"Roc Boronat - Tànger - Final de trajecte","code":"3850","kind":"stop","lines":",tmb-bus:X1,"},"geometry":{"type":"Point","coordinates":[2.19298,41.40389]}},{"type":"Feature","properties":{"name":"Aragó - Enamorats","code":"236","kind":"stop","lines":",tmb-bus:X1,"},"geometry":{"type":"Point","coordinates":[2.18296,41.40583]}},{"type":"Feature","properties":{"name":"Aragó - Lepant","code":"3806","kind":"stop","lines":",tmb-bus:X1,"},"geometry":{"type":"Point","coordinates":[2.17851,41.40249]}},{"type":"Feature","properties":{"name":"Aragó - Pg de Sant Joan","code":"3799","kind":"stop","lines":",tmb-bus:X1,"},"geometry":{"type":"Point","coordinates":[2.17153,41.39729]}},{"type":"Feature","properties":{"name":"Aragó - Pg de Gràcia","code":"3800","kind":"stop","lines":",tmb-bus:X1,"},"geometry":{"type":"Point","coordinates":[2.1643,41.39185]}},{"type":"Feature","properties":{"name":"Aragó - Muntaner","code":"3801","kind":"stop","lines":",tmb-bus:X1,"},"geometry":{"type":"Point","coordinates":[2.15893,41.38781]}},{"type":"Feature","properties":{"name":"Còrsega - Hospital Clínic","code":"1466","kind":"stop","lines":",tmb-bus:X1,tmb-bus:54,tmb-bus:59,"},"geometry":{"type":"Point","coordinates":[2.14964,41.3893]}},{"type":"Feature","properties":{"name":"Diagonal - Pl Francesc Macià - Final de trajecte","code":"3802","kind":"stop","lines":",tmb-bus:X1,"},"geometry":{"type":"Point","coordinates":[2.14361,41.39236]}},{"type":"Feature","properties":{"name":"Av Remolar - Lleida - Final de trajecte","code":"3880","kind":"stop","lines":",tmb-bus:X2,"},"geometry":{"type":"Point","coordinates":[2.08981,41.32063]}},{"type":"Feature","properties":{"name":"Av Remolar - Av Onze de Setembre","code":"2571","kind":"stop","lines":",tmb-bus:X2,tmb-bus:65,"},"geometry":{"type":"Point","coordinates":[2.09069,41.3197]}},{"type":"Feature","properties":{"name":"Escola Ramon Llull","code":"3492","kind":"stop","lines":",tmb-bus:X2,"},"geometry":{"type":"Point","coordinates":[2.08911,41.32228]}},{"type":"Feature","properties":{"name":"Av Verge de Montserrat - Av Remolar","code":"3095","kind":"stop","lines":",tmb-bus:X2,tmb-bus:21,"},"geometry":{"type":"Point","coordinates":[2.08963,41.32388]}},{"type":"Feature","properties":{"name":"Av Verge de Montserrat - Penedès","code":"3871","kind":"stop","lines":",tmb-bus:X2,tmb-bus:21,"},"geometry":{"type":"Point","coordinates":[2.09221,41.32454]}},{"type":"Feature","properties":{"name":"Av Verge de Montserrat - Coronel Sanfeliu","code":"1014","kind":"stop","lines":",tmb-bus:X2,tmb-bus:21,"},"geometry":{"type":"Point","coordinates":[2.09515,41.32574]}},{"type":"Feature","properties":{"name":"Av Verge de Montserrat - Ctra Marina","code":"1442","kind":"stop","lines":",tmb-bus:X2,tmb-bus:21,"},"geometry":{"type":"Point","coordinates":[2.09925,41.32734]}},{"type":"Feature","properties":{"name":"Av Verge de Monserrat - Sarajevo","code":"2824","kind":"stop","lines":",tmb-bus:X2,"},"geometry":{"type":"Point","coordinates":[2.10214,41.32846]}},{"type":"Feature","properties":{"name":"Les Moreres - Ignasi Iglésias","code":"3490","kind":"stop","lines":",tmb-bus:X2,tmb-bus:65,"},"geometry":{"type":"Point","coordinates":[2.10019,41.333]}},{"type":"Feature","properties":{"name":"Av Anselm Clavé - Les Moreres","code":"1553","kind":"stop","lines":",tmb-bus:X2,tmb-bus:65,"},"geometry":{"type":"Point","coordinates":[2.10088,41.33408]}},{"type":"Feature","properties":{"name":"Av Paral·lel - Final de trajecte","code":"1982","kind":"stop","lines":",tmb-bus:X2,"},"geometry":{"type":"Point","coordinates":[2.15284,41.37483]}},{"type":"Feature","properties":{"name":"Les Moreres - Ignasi Iglésias","code":"3491","kind":"stop","lines":",tmb-bus:X2,tmb-bus:65,"},"geometry":{"type":"Point","coordinates":[2.10018,41.33288]}},{"type":"Feature","properties":{"name":"CAP Ramona Via","code":"2603","kind":"stop","lines":",tmb-bus:X2,"},"geometry":{"type":"Point","coordinates":[2.10161,41.32853]}},{"type":"Feature","properties":{"name":"Av Verge de Montserrat - Ctra Marina","code":"1015","kind":"stop","lines":",tmb-bus:X2,tmb-bus:21,"},"geometry":{"type":"Point","coordinates":[2.09873,41.32737]}},{"type":"Feature","properties":{"name":"Plaça Pau Casals","code":"1016","kind":"stop","lines":",tmb-bus:X2,tmb-bus:21,"},"geometry":{"type":"Point","coordinates":[2.09446,41.32572]}},{"type":"Feature","properties":{"name":"Av Verge de Montserrat - Av del Canal","code":"3872","kind":"stop","lines":",tmb-bus:X2,tmb-bus:21,"},"geometry":{"type":"Point","coordinates":[2.09214,41.32472]}},{"type":"Feature","properties":{"name":"Av Verge de Montserrat - Av Remolar","code":"3132","kind":"stop","lines":",tmb-bus:X2,tmb-bus:21,"},"geometry":{"type":"Point","coordinates":[2.08932,41.32401]}},{"type":"Feature","properties":{"name":"Escola Ramon Llull","code":"3493","kind":"stop","lines":",tmb-bus:X2,"},"geometry":{"type":"Point","coordinates":[2.0887,41.32253]}},{"type":"Feature","properties":{"name":"Rambla Marina - Av Carrilet - Final de trajecte","code":"3462","kind":"stop","lines":",tmb-bus:X3,"},"geometry":{"type":"Point","coordinates":[2.10335,41.35773]}},{"type":"Feature","properties":{"name":"Institut Mercè Rodoreda","code":"2517","kind":"stop","lines":",tmb-bus:X3,"},"geometry":{"type":"Point","coordinates":[2.10386,41.35609]}},{"type":"Feature","properties":{"name":"Rbla Marina - Ctra del Mig","code":"3687","kind":"stop","lines":",tmb-bus:X3,"},"geometry":{"type":"Point","coordinates":[2.10545,41.35392]}},{"type":"Feature","properties":{"name":"Metro Bellvitge Rambla Marina","code":"1613","kind":"stop","lines":",tmb-bus:X3,"},"geometry":{"type":"Point","coordinates":[2.1102,41.35162]}},{"type":"Feature","properties":{"name":"Parc de Bellvitge","code":"581","kind":"stop","lines":",tmb-bus:X3,"},"geometry":{"type":"Point","coordinates":[2.11121,41.34991]}},{"type":"Feature","properties":{"name":"Av Granvia - Ctra Antiga del Prat","code":"334","kind":"stop","lines":",tmb-bus:X3,tmb-bus:46,tmb-bus:65,"},"geometry":{"type":"Point","coordinates":[2.11336,41.34745]}},{"type":"Feature","properties":{"name":"Motors - Av Granvia","code":"2189","kind":"stop","lines":",tmb-bus:X3,"},"geometry":{"type":"Point","coordinates":[2.11651,41.34519]}},{"type":"Feature","properties":{"name":"Botànica - Motors","code":"2187","kind":"stop","lines":",tmb-bus:X3,"},"geometry":{"type":"Point","coordinates":[2.12092,41.3465]}},{"type":"Feature","properties":{"name":"Pablo Iglesias - Salvador Espriu","code":"3373","kind":"stop","lines":",tmb-bus:X3,"},"geometry":{"type":"Point","coordinates":[2.13075,41.34867]}},{"type":"Feature","properties":{"name":"Av Joan Carles I - Botànica","code":"3374","kind":"stop","lines":",tmb-bus:X3,"},"geometry":{"type":"Point","coordinates":[2.13143,41.35091]}},{"type":"Feature","properties":{"name":"Foc - Metal·lúrgia","code":"2712","kind":"stop","lines":",tmb-bus:X3,tmb-bus:125,"},"geometry":{"type":"Point","coordinates":[2.13442,41.35326]}},{"type":"Feature","properties":{"name":"Foc - Estany","code":"3912","kind":"stop","lines":",tmb-bus:X3,"},"geometry":{"type":"Point","coordinates":[2.14091,41.35588]}},{"type":"Feature","properties":{"name":"Jocs del 92 - INEFC","code":"3755","kind":"stop","lines":",tmb-bus:X3,tmb-bus:23,"},"geometry":{"type":"Point","coordinates":[2.14607,41.36503]}},{"type":"Feature","properties":{"name":"Pl de Carles Buïgas","code":"8","kind":"stop","lines":",tmb-bus:X3,tmb-bus:13,tmb-bus:150,"},"geometry":{"type":"Point","coordinates":[2.15012,41.37105]}},{"type":"Feature","properties":{"name":"Av Reina Maria Cristina - Pl Espanya","code":"393","kind":"stop","lines":",tmb-bus:X3,tmb-bus:13,"},"geometry":{"type":"Point","coordinates":[2.15011,41.37382]}},{"type":"Feature","properties":{"name":"Ronda Sant Pau - Aldana - Final de trajecte","code":"3910","kind":"stop","lines":",tmb-bus:X3,"},"geometry":{"type":"Point","coordinates":[2.16661,41.37615]}},{"type":"Feature","properties":{"name":"Lleida - Av Paral·lel","code":"1369","kind":"stop","lines":",tmb-bus:X3,tmb-bus:55,tmb-bus:150,"},"geometry":{"type":"Point","coordinates":[2.1542,41.37451]}},{"type":"Feature","properties":{"name":"Av Ferrer i Guàrdia - Mèxic","code":"264","kind":"stop","lines":",tmb-bus:X3,tmb-bus:13,tmb-bus:150,"},"geometry":{"type":"Point","coordinates":[2.14988,41.37117]}},{"type":"Feature","properties":{"name":"Pl de Sant Jordi","code":"343","kind":"stop","lines":",tmb-bus:X3,tmb-bus:23,tmb-bus:150,"},"geometry":{"type":"Point","coordinates":[2.14475,41.36633]}},{"type":"Feature","properties":{"name":"Foc - Ferrocarrils Catalans","code":"3294","kind":"stop","lines":",tmb-bus:X3,tmb-bus:23,"},"geometry":{"type":"Point","coordinates":[2.14386,41.3584]}},{"type":"Feature","properties":{"name":"Foc - Pg Zona Franca","code":"3913","kind":"stop","lines":",tmb-bus:X3,"},"geometry":{"type":"Point","coordinates":[2.14119,41.35616]}},{"type":"Feature","properties":{"name":"Foc - Fira de Barcelona","code":"3914","kind":"stop","lines":",tmb-bus:X3,"},"geometry":{"type":"Point","coordinates":[2.13484,41.35361]}},{"type":"Feature","properties":{"name":"Foc - Metro Fira","code":"3915","kind":"stop","lines":",tmb-bus:X3,"},"geometry":{"type":"Point","coordinates":[2.13081,41.35191]}},{"type":"Feature","properties":{"name":"Botànica - Salvador Espriu","code":"2184","kind":"stop","lines":",tmb-bus:X3,"},"geometry":{"type":"Point","coordinates":[2.1261,41.34946]}},{"type":"Feature","properties":{"name":"Botànica - Primer de Maig","code":"2186","kind":"stop","lines":",tmb-bus:X3,"},"geometry":{"type":"Point","coordinates":[2.12069,41.34659]}},{"type":"Feature","properties":{"name":"Motors - Botànica","code":"2188","kind":"stop","lines":",tmb-bus:X3,"},"geometry":{"type":"Point","coordinates":[2.11684,41.34549]}},{"type":"Feature","properties":{"name":"Av Amèrica - Av Granvia","code":"2190","kind":"stop","lines":",tmb-bus:X3,"},"geometry":{"type":"Point","coordinates":[2.11447,41.34988]}},{"type":"Feature","properties":{"name":"Rambla Marina - Av Granvia","code":"647","kind":"stop","lines":",tmb-bus:X3,"},"geometry":{"type":"Point","coordinates":[2.11191,41.34976]}},{"type":"Feature","properties":{"name":"Metro Bellvitge Rambla Marina","code":"2137","kind":"stop","lines":",tmb-bus:X3,"},"geometry":{"type":"Point","coordinates":[2.11085,41.35151]}},{"type":"Feature","properties":{"name":"Pl d'Amalvígia","code":"3461","kind":"stop","lines":",tmb-bus:X3,"},"geometry":{"type":"Point","coordinates":[2.10648,41.35361]}},{"type":"Feature","properties":{"name":"CUAP Pura Fernández","code":"3686","kind":"stop","lines":",tmb-bus:X3,"},"geometry":{"type":"Point","coordinates":[2.1042,41.3564]}},{"type":"Feature","properties":{"name":"Llacuna - Ramon Turró - Final de trajecte","code":"3257","kind":"stop","lines":",tmb-bus:6,"},"geometry":{"type":"Point","coordinates":[2.20214,41.39874]}},{"type":"Feature","properties":{"name":"Pujades - Llacuna","code":"2741","kind":"stop","lines":",tmb-bus:6,tmb-bus:136,"},"geometry":{"type":"Point","coordinates":[2.19901,41.40047]}},{"type":"Feature","properties":{"name":"Pujades - Ciutat de Granada","code":"300","kind":"stop","lines":",tmb-bus:6,tmb-bus:136,tmb-bus:192,"},"geometry":{"type":"Point","coordinates":[2.19677,41.39878]}},{"type":"Feature","properties":{"name":"Pujades - Àlaba","code":"835","kind":"stop","lines":",tmb-bus:6,tmb-bus:136,"},"geometry":{"type":"Point","coordinates":[2.19329,41.39615]}},{"type":"Feature","properties":{"name":"Pujades - Joan d'Àustria","code":"3571","kind":"stop","lines":",tmb-bus:6,tmb-bus:136,"},"geometry":{"type":"Point","coordinates":[2.18984,41.39368]}},{"type":"Feature","properties":{"name":"Marina - Meridiana","code":"3400","kind":"stop","lines":",tmb-bus:6,"},"geometry":{"type":"Point","coordinates":[2.1863,41.39537]}},{"type":"Feature","properties":{"name":"Diagonal - Estació Verdaguer","code":"3891","kind":"stop","lines":",tmb-bus:6,tmb-bus:33,tmb-bus:34,"},"geometry":{"type":"Point","coordinates":[2.16687,41.39845]}},{"type":"Feature","properties":{"name":"Diagonal - Ganduxer","code":"524","kind":"stop","lines":",tmb-bus:6,tmb-bus:7,tmb-bus:33,tmb-bus:34,tmb-bus:63,tmb-bus:67,"},"geometry":{"type":"Point","coordinates":[2.14002,41.39165]}},{"type":"Feature","properties":{"name":"Av de Sarrià - Diagonal","code":"520","kind":"stop","lines":",tmb-bus:6,tmb-bus:34,"},"geometry":{"type":"Point","coordinates":[2.137,41.39159]}},{"type":"Feature","properties":{"name":"Av de Sarrià - Mestre Villa","code":"512","kind":"stop","lines":",tmb-bus:6,tmb-bus:34,"},"geometry":{"type":"Point","coordinates":[2.13275,41.39224]}},{"type":"Feature","properties":{"name":"Pg Manuel Girona - Benet Mateu - Final de trajecte","code":"3932","kind":"stop","lines":",tmb-bus:6,"},"geometry":{"type":"Point","coordinates":[2.1259,41.39158]}},{"type":"Feature","properties":{"name":"Diagonal - Gandesa","code":"494","kind":"stop","lines":",tmb-bus:6,tmb-bus:7,tmb-bus:33,tmb-bus:34,tmb-bus:63,tmb-bus:67,tmb-bus:78,"},"geometry":{"type":"Point","coordinates":[2.12893,41.38844]}},{"type":"Feature","properties":{"name":"Diagonal - L'Illa Diagonal","code":"42","kind":"stop","lines":",tmb-bus:6,tmb-bus:7,tmb-bus:33,tmb-bus:34,tmb-bus:63,tmb-bus:67,"},"geometry":{"type":"Point","coordinates":[2.13359,41.38962]}},{"type":"Feature","properties":{"name":"Diagonal - Entença","code":"373","kind":"stop","lines":",tmb-bus:6,tmb-bus:7,tmb-bus:33,tmb-bus:34,tmb-bus:63,tmb-bus:67,"},"geometry":{"type":"Point","coordinates":[2.13641,41.39034]}},{"type":"Feature","properties":{"name":"Diagonal - Bruc","code":"3874","kind":"stop","lines":",tmb-bus:6,tmb-bus:33,tmb-bus:34,"},"geometry":{"type":"Point","coordinates":[2.16562,41.39785]}},{"type":"Feature","properties":{"name":"Marina - Almogàvers","code":"3401","kind":"stop","lines":",tmb-bus:6,"},"geometry":{"type":"Point","coordinates":[2.18618,41.3952]}},{"type":"Feature","properties":{"name":"Pallars - Ciutat de Granada","code":"3255","kind":"stop","lines":",tmb-bus:6,"},"geometry":{"type":"Point","coordinates":[2.19678,41.40033]}},{"type":"Feature","properties":{"name":"Diagonal - Llull","code":"2259","kind":"stop","lines":",tmb-bus:7,"},"geometry":{"type":"Point","coordinates":[2.21548,41.4106]}},{"type":"Feature","properties":{"name":"Diagonal - Josep Pla","code":"1890","kind":"stop","lines":",tmb-bus:7,tmb-bus:136,"},"geometry":{"type":"Point","coordinates":[2.2129,41.41]}},{"type":"Feature","properties":{"name":"Diagonal - Selva de Mar","code":"1891","kind":"stop","lines":",tmb-bus:7,tmb-bus:136,"},"geometry":{"type":"Point","coordinates":[2.20955,41.40917]}},{"type":"Feature","properties":{"name":"Diagonal - Fluvià","code":"1892","kind":"stop","lines":",tmb-bus:7,"},"geometry":{"type":"Point","coordinates":[2.20456,41.40791]}},{"type":"Feature","properties":{"name":"Diagonal - Parc del Poblenou","code":"1893","kind":"stop","lines":",tmb-bus:7,"},"geometry":{"type":"Point","coordinates":[2.19831,41.40636]}},{"type":"Feature","properties":{"name":"Diagonal - Rambla del Poblenou","code":"1894","kind":"stop","lines":",tmb-bus:7,"},"geometry":{"type":"Point","coordinates":[2.1947,41.40544]}},{"type":"Feature","properties":{"name":"Diagonal - Doctor Fleming","code":"41","kind":"stop","lines":",tmb-bus:7,tmb-bus:33,tmb-bus:63,tmb-bus:67,tmb-bus:78,"},"geometry":{"type":"Point","coordinates":[2.13632,41.39071]}},{"type":"Feature","properties":{"name":"Diagonal - Numància","code":"483","kind":"stop","lines":",tmb-bus:7,tmb-bus:33,tmb-bus:63,tmb-bus:67,tmb-bus:78,"},"geometry":{"type":"Point","coordinates":[2.13162,41.38951]}},{"type":"Feature","properties":{"name":"Metro Zona Universitària - Final de trajecte","code":"547","kind":"stop","lines":",tmb-bus:7,"},"geometry":{"type":"Point","coordinates":[2.11144,41.38473]}},{"type":"Feature","properties":{"name":"Diagonal - Av Doctor Marañón","code":"310","kind":"stop","lines":",tmb-bus:7,tmb-bus:67,tmb-bus:175,"},"geometry":{"type":"Point","coordinates":[2.11161,41.38422]}},{"type":"Feature","properties":{"name":"Zona Universitària - Escola T S d'Enginyeria","code":"2542","kind":"stop","lines":",tmb-bus:7,tmb-bus:67,tmb-bus:175,"},"geometry":{"type":"Point","coordinates":[2.11568,41.38508]}},{"type":"Feature","properties":{"name":"Diagonal - Metro Palau Reial","code":"2543","kind":"stop","lines":",tmb-bus:7,tmb-bus:33,tmb-bus:67,tmb-bus:175,"},"geometry":{"type":"Point","coordinates":[2.11873,41.38585]}},{"type":"Feature","properties":{"name":"Diagonal - Gran Via Carles III","code":"493","kind":"stop","lines":",tmb-bus:7,tmb-bus:33,tmb-bus:63,tmb-bus:67,tmb-bus:78,"},"geometry":{"type":"Point","coordinates":[2.12558,41.38759]}},{"type":"Feature","properties":{"name":"Diagonal - Rambla del Poblenou","code":"2262","kind":"stop","lines":",tmb-bus:7,"},"geometry":{"type":"Point","coordinates":[2.19541,41.40523]}},{"type":"Feature","properties":{"name":"Diagonal - Pere IV","code":"1896","kind":"stop","lines":",tmb-bus:7,"},"geometry":{"type":"Point","coordinates":[2.19961,41.40629]}},{"type":"Feature","properties":{"name":"Diagonal - Bac de Roda","code":"1897","kind":"stop","lines":",tmb-bus:7,"},"geometry":{"type":"Point","coordinates":[2.20484,41.40759]}},{"type":"Feature","properties":{"name":"Diagonal - Metro Selva de Mar","code":"1898","kind":"stop","lines":",tmb-bus:7,"},"geometry":{"type":"Point","coordinates":[2.20997,41.40888]}},{"type":"Feature","properties":{"name":"Diagonal - Agricultura","code":"1899","kind":"stop","lines":",tmb-bus:7,"},"geometry":{"type":"Point","coordinates":[2.2131,41.40965]}},{"type":"Feature","properties":{"name":"Diagonal - Pl Llevant - Final de trajecte","code":"3347","kind":"stop","lines":",tmb-bus:7,"},"geometry":{"type":"Point","coordinates":[2.2163,41.41051]}},{"type":"Feature","properties":{"name":"Vivers - Final de trajecte","code":"3253","kind":"stop","lines":",tmb-bus:13,"},"geometry":{"type":"Point","coordinates":[2.15802,41.36647]}},{"type":"Feature","properties":{"name":"Estadi Olímpic","code":"3252","kind":"stop","lines":",tmb-bus:13,tmb-bus:125,"},"geometry":{"type":"Point","coordinates":[2.15747,41.3652]}},{"type":"Feature","properties":{"name":"Palau Sant Jordi","code":"3000","kind":"stop","lines":",tmb-bus:13,tmb-bus:125,"},"geometry":{"type":"Point","coordinates":[2.15295,41.36159]}},{"type":"Feature","properties":{"name":"Foc - Sot del Migdia","code":"2999","kind":"stop","lines":",tmb-bus:13,tmb-bus:125,"},"geometry":{"type":"Point","coordinates":[2.15053,41.36]}},{"type":"Feature","properties":{"name":"Pedrera del Mussol - Marbre","code":"3002","kind":"stop","lines":",tmb-bus:13,tmb-bus:125,"},"geometry":{"type":"Point","coordinates":[2.14785,41.36136]}},{"type":"Feature","properties":{"name":"Can Clos","code":"420","kind":"stop","lines":",tmb-bus:13,tmb-bus:125,"},"geometry":{"type":"Point","coordinates":[2.14729,41.36071]}},{"type":"Feature","properties":{"name":"Ferrocarrils Catalans - Foc","code":"1915","kind":"stop","lines":",tmb-bus:13,"},"geometry":{"type":"Point","coordinates":[2.14448,41.35946]}},{"type":"Feature","properties":{"name":"Ferrocarrils Catalans - Alts Forns","code":"1916","kind":"stop","lines":",tmb-bus:13,"},"geometry":{"type":"Point","coordinates":[2.14304,41.36031]}},{"type":"Feature","properties":{"name":"Segura - Foneria","code":"1955","kind":"stop","lines":",tmb-bus:13,tmb-bus:125,"},"geometry":{"type":"Point","coordinates":[2.14177,41.3629]}},{"type":"Feature","properties":{"name":"Segura - Guadalquivir","code":"2256","kind":"stop","lines":",tmb-bus:13,tmb-bus:125,"},"geometry":{"type":"Point","coordinates":[2.1406,41.36385]}},{"type":"Feature","properties":{"name":"Segura - Fortuna","code":"1566","kind":"stop","lines":",tmb-bus:13,tmb-bus:125,"},"geometry":{"type":"Point","coordinates":[2.14166,41.36531]}},{"type":"Feature","properties":{"name":"Segura - Polvorí","code":"1567","kind":"stop","lines":",tmb-bus:13,tmb-bus:125,"},"geometry":{"type":"Point","coordinates":[2.14333,41.36438]}},{"type":"Feature","properties":{"name":"Polvorí - Camí de la Foixarda","code":"1568","kind":"stop","lines":",tmb-bus:13,"},"geometry":{"type":"Point","coordinates":[2.14496,41.36538]}},{"type":"Feature","properties":{"name":"Polvorí - Av Ferrer i Guàrdia","code":"1569","kind":"stop","lines":",tmb-bus:13,"},"geometry":{"type":"Point","coordinates":[2.14463,41.36807]}},{"type":"Feature","properties":{"name":"Poble Espanyol","code":"945","kind":"stop","lines":",tmb-bus:13,tmb-bus:23,tmb-bus:150,"},"geometry":{"type":"Point","coordinates":[2.147,41.36942]}},{"type":"Feature","properties":{"name":"Manso - Viladomat - Final de trajecte","code":"3567","kind":"stop","lines":",tmb-bus:13,"},"geometry":{"type":"Point","coordinates":[2.16008,41.37635]}},{"type":"Feature","properties":{"name":"Calàbria - Av Mistral","code":"1370","kind":"stop","lines":",tmb-bus:13,tmb-bus:91,tmb-bus:120,"},"geometry":{"type":"Point","coordinates":[2.15837,41.37724]}},{"type":"Feature","properties":{"name":"Sepúlveda - Rocafort","code":"1255","kind":"stop","lines":",tmb-bus:13,tmb-bus:55,tmb-bus:91,"},"geometry":{"type":"Point","coordinates":[2.15467,41.37738]}},{"type":"Feature","properties":{"name":"Sepúlveda - Av Mistral","code":"776","kind":"stop","lines":",tmb-bus:13,tmb-bus:91,"},"geometry":{"type":"Point","coordinates":[2.15241,41.37568]}},{"type":"Feature","properties":{"name":"Pl Espanya - Av Reina Maria Cristina","code":"943","kind":"stop","lines":",tmb-bus:13,"},"geometry":{"type":"Point","coordinates":[2.14957,41.37412]}},{"type":"Feature","properties":{"name":"Poble Espanyol","code":"265","kind":"stop","lines":",tmb-bus:13,tmb-bus:23,tmb-bus:150,"},"geometry":{"type":"Point","coordinates":[2.14628,41.36941]}},{"type":"Feature","properties":{"name":"Camí del Polvorí - Estadi Serrahima","code":"1563","kind":"stop","lines":",tmb-bus:13,"},"geometry":{"type":"Point","coordinates":[2.1441,41.36619]}},{"type":"Feature","properties":{"name":"Segura - Estadi Serrahima","code":"1564","kind":"stop","lines":",tmb-bus:13,"},"geometry":{"type":"Point","coordinates":[2.14351,41.36434]}},{"type":"Feature","properties":{"name":"Segura - Barri del Polvorí","code":"1565","kind":"stop","lines":",tmb-bus:13,"},"geometry":{"type":"Point","coordinates":[2.14149,41.36546]}},{"type":"Feature","properties":{"name":"Segura - Escales del Polvorí","code":"2255","kind":"stop","lines":",tmb-bus:13,"},"geometry":{"type":"Point","coordinates":[2.1406,41.36374]}},{"type":"Feature","properties":{"name":"Segura - Anoia","code":"1954","kind":"stop","lines":",tmb-bus:13,"},"geometry":{"type":"Point","coordinates":[2.14054,41.36256]}},{"type":"Feature","properties":{"name":"Pedrera del Mussol - Can Clos","code":"3250","kind":"stop","lines":",tmb-bus:13,"},"geometry":{"type":"Point","coordinates":[2.14793,41.36149]}},{"type":"Feature","properties":{"name":"Sot del Migdia","code":"2564","kind":"stop","lines":",tmb-bus:13,"},"geometry":{"type":"Point","coordinates":[2.15063,41.35988]}},{"type":"Feature","properties":{"name":"Pg Olímpic - Palau Sant Jordi","code":"2565","kind":"stop","lines":",tmb-bus:13,"},"geometry":{"type":"Point","coordinates":[2.15387,41.36181]}},{"type":"Feature","properties":{"name":"Jardí Botànic","code":"2566","kind":"stop","lines":",tmb-bus:13,"},"geometry":{"type":"Point","coordinates":[2.1567,41.36275]}},{"type":"Feature","properties":{"name":"Pg Olímpic - Av de l'Estadi","code":"3251","kind":"stop","lines":",tmb-bus:13,"},"geometry":{"type":"Point","coordinates":[2.1573,41.36572]}},{"type":"Feature","properties":{"name":"Sant Genís dels Agudells - Final de trajecte","code":"30","kind":"stop","lines":",tmb-bus:19,"},"geometry":{"type":"Point","coordinates":[2.13815,41.42943]}},{"type":"Feature","properties":{"name":"Universitat Autònoma de Barcelona","code":"1187","kind":"stop","lines":",tmb-bus:19,tmb-bus:76,"},"geometry":{"type":"Point","coordinates":[2.13719,41.42809]}},{"type":"Feature","properties":{"name":"Centre Cívic Casa Groga","code":"734","kind":"stop","lines":",tmb-bus:19,tmb-bus:76,tmb-bus:112,"},"geometry":{"type":"Point","coordinates":[2.13699,41.42702]}},{"type":"Feature","properties":{"name":"Escola Oficial d'Idiomes Vall d'Hebron","code":"733","kind":"stop","lines":",tmb-bus:19,tmb-bus:76,tmb-bus:112,"},"geometry":{"type":"Point","coordinates":[2.13854,41.42662]}},{"type":"Feature","properties":{"name":"Hospital Sant Rafael","code":"732","kind":"stop","lines":",tmb-bus:19,tmb-bus:76,tmb-bus:112,"},"geometry":{"type":"Point","coordinates":[2.1407,41.42516]}},{"type":"Feature","properties":{"name":"Pg de Gràcia - Ronda de Sant Pere - Final de traje","code":"2833","kind":"stop","lines":",tmb-bus:19,"},"geometry":{"type":"Point","coordinates":[2.16921,41.3888]}},{"type":"Feature","properties":{"name":"Av Jordà - Hospital St Rafael","code":"2911","kind":"stop","lines":",tmb-bus:19,tmb-bus:76,"},"geometry":{"type":"Point","coordinates":[2.14141,41.42511]}},{"type":"Feature","properties":{"name":"Av Jordà - Idumea","code":"681","kind":"stop","lines":",tmb-bus:19,tmb-bus:76,"},"geometry":{"type":"Point","coordinates":[2.13892,41.42665]}},{"type":"Feature","properties":{"name":"Natzaret - Av Jordà","code":"1188","kind":"stop","lines":",tmb-bus:19,tmb-bus:76,tmb-bus:112,"},"geometry":{"type":"Point","coordinates":[2.13684,41.42751]}},{"type":"Feature","properties":{"name":"Hospital Vall d'Hebron - Natzaret","code":"51","kind":"stop","lines":",tmb-bus:19,tmb-bus:76,"},"geometry":{"type":"Point","coordinates":[2.13827,41.42938]}},{"type":"Feature","properties":{"name":"Estació RENFE - Andana 2 - Final de trajecte","code":"3001","kind":"stop","lines":",tmb-bus:21,"},"geometry":{"type":"Point","coordinates":[2.09055,41.33102]}},{"type":"Feature","properties":{"name":"Vall d'Aran - Remolar","code":"3288","kind":"stop","lines":",tmb-bus:21,"},"geometry":{"type":"Point","coordinates":[2.08665,41.32841]}},{"type":"Feature","properties":{"name":"Av Remolar - Av Apel·les Mestres","code":"2821","kind":"stop","lines":",tmb-bus:21,"},"geometry":{"type":"Point","coordinates":[2.08691,41.32609]}},{"type":"Feature","properties":{"name":"Ctra Marina - Catalunya","code":"3364","kind":"stop","lines":",tmb-bus:21,tmb-bus:65,"},"geometry":{"type":"Point","coordinates":[2.10113,41.32535]}},{"type":"Feature","properties":{"name":"Plaça Constitució","code":"3375","kind":"stop","lines":",tmb-bus:21,"},"geometry":{"type":"Point","coordinates":[2.1021,41.32415]}},{"type":"Feature","properties":{"name":"Ctra Marina - Av Onze de Setembre","code":"3376","kind":"stop","lines":",tmb-bus:21,"},"geometry":{"type":"Point","coordinates":[2.10346,41.32261]}},{"type":"Feature","properties":{"name":"Mercabarna - Entrada El Prat","code":"2827","kind":"stop","lines":",tmb-bus:21,"},"geometry":{"type":"Point","coordinates":[2.1123,41.32868]}},{"type":"Feature","properties":{"name":"Carrer K","code":"2828","kind":"stop","lines":",tmb-bus:21,"},"geometry":{"type":"Point","coordinates":[2.11161,41.33358]}},{"type":"Feature","properties":{"name":"Carrer número 4 - Mercabarna","code":"1617","kind":"stop","lines":",tmb-bus:21,tmb-bus:109,"},"geometry":{"type":"Point","coordinates":[2.11904,41.33435]}},{"type":"Feature","properties":{"name":"Carrer número 4 - Carrer F","code":"1618","kind":"stop","lines":",tmb-bus:21,tmb-bus:109,"},"geometry":{"type":"Point","coordinates":[2.1229,41.33299]}},{"type":"Feature","properties":{"name":"Carrer número 4 - Carrer E","code":"1619","kind":"stop","lines":",tmb-bus:21,tmb-bus:109,"},"geometry":{"type":"Point","coordinates":[2.12534,41.33214]}},{"type":"Feature","properties":{"name":"Carrer número 4 - Carrer D","code":"1615","kind":"stop","lines":",tmb-bus:21,tmb-bus:109,"},"geometry":{"type":"Point","coordinates":[2.12835,41.33108]}},{"type":"Feature","properties":{"name":"Carrer número 4 - Carrer C","code":"1610","kind":"stop","lines":",tmb-bus:21,tmb-bus:109,"},"geometry":{"type":"Point","coordinates":[2.13195,41.32983]}},{"type":"Feature","properties":{"name":"Cotxeres TB Zona Franca","code":"1741","kind":"stop","lines":",tmb-bus:21,tmb-bus:109,"},"geometry":{"type":"Point","coordinates":[2.13716,41.32987]}},{"type":"Feature","properties":{"name":"Carrer A - Carrer número 3","code":"1638","kind":"stop","lines":",tmb-bus:21,tmb-bus:109,"},"geometry":{"type":"Point","coordinates":[2.14031,41.33495]}},{"type":"Feature","properties":{"name":"Carrer A- Comissaria Portuària","code":"1639","kind":"stop","lines":",tmb-bus:21,tmb-bus:109,"},"geometry":{"type":"Point","coordinates":[2.14216,41.33801]}},{"type":"Feature","properties":{"name":"Estació TIR - Ronda Litoral","code":"1781","kind":"stop","lines":",tmb-bus:21,tmb-bus:109,"},"geometry":{"type":"Point","coordinates":[2.14878,41.34702]}},{"type":"Feature","properties":{"name":"Mare de Déu de Port - Can Tunis","code":"2989","kind":"stop","lines":",tmb-bus:21,"},"geometry":{"type":"Point","coordinates":[2.15829,41.35209]}},{"type":"Feature","properties":{"name":"Pg de Josep Carner - Pg de Montjuïc","code":"721","kind":"stop","lines":",tmb-bus:21,"},"geometry":{"type":"Point","coordinates":[2.17432,41.37145]}},{"type":"Feature","properties":{"name":"Ronda Sant Pau - Paral·lel - Final de trajecte","code":"3418","kind":"stop","lines":",tmb-bus:21,"},"geometry":{"type":"Point","coordinates":[2.16749,41.37549]}},{"type":"Feature","properties":{"name":"Pg de Josep Carner - Jardins de Walter Benjamin","code":"719","kind":"stop","lines":",tmb-bus:21,"},"geometry":{"type":"Point","coordinates":[2.17536,41.37307]}},{"type":"Feature","properties":{"name":"Cementiri de Montjuïc","code":"3254","kind":"stop","lines":",tmb-bus:21,tmb-bus:107,"},"geometry":{"type":"Point","coordinates":[2.15586,41.35306]}},{"type":"Feature","properties":{"name":"Estació TIR - Pg Zona Franca","code":"1736","kind":"stop","lines":",tmb-bus:21,"},"geometry":{"type":"Point","coordinates":[2.14872,41.34693]}},{"type":"Feature","properties":{"name":"Area Metropolitana de Barcelona","code":"1671","kind":"stop","lines":",tmb-bus:21,"},"geometry":{"type":"Point","coordinates":[2.14222,41.34671]}},{"type":"Feature","properties":{"name":"Carrer A - Carrer número 1","code":"1669","kind":"stop","lines":",tmb-bus:21,tmb-bus:23,tmb-bus:109,"},"geometry":{"type":"Point","coordinates":[2.14528,41.34393]}},{"type":"Feature","properties":{"name":"Carrer A - Comissaria Portuària","code":"1640","kind":"stop","lines":",tmb-bus:21,tmb-bus:109,"},"geometry":{"type":"Point","coordinates":[2.14258,41.33952]}},{"type":"Feature","properties":{"name":"Carrer A - Carrer número 27","code":"3760","kind":"stop","lines":",tmb-bus:21,tmb-bus:109,"},"geometry":{"type":"Point","coordinates":[2.14015,41.33559]}},{"type":"Feature","properties":{"name":"Carrer A - Carrer número 3","code":"1641","kind":"stop","lines":",tmb-bus:21,tmb-bus:109,"},"geometry":{"type":"Point","coordinates":[2.13736,41.33104]}},{"type":"Feature","properties":{"name":"Carrer A - Carrer número 4","code":"1642","kind":"stop","lines":",tmb-bus:21,tmb-bus:109,"},"geometry":{"type":"Point","coordinates":[2.13619,41.32916]}},{"type":"Feature","properties":{"name":"Carrer número 4 - Carrer B","code":"1614","kind":"stop","lines":",tmb-bus:21,tmb-bus:109,"},"geometry":{"type":"Point","coordinates":[2.13333,41.32962]}},{"type":"Feature","properties":{"name":"Zona Franca - Carrer número 4","code":"2808","kind":"stop","lines":",tmb-bus:21,"},"geometry":{"type":"Point","coordinates":[2.12847,41.33129]}},{"type":"Feature","properties":{"name":"Carrer número 4","code":"2809","kind":"stop","lines":",tmb-bus:21,"},"geometry":{"type":"Point","coordinates":[2.12581,41.33222]}},{"type":"Feature","properties":{"name":"Carrer número 4 - Carrer F","code":"2810","kind":"stop","lines":",tmb-bus:21,"},"geometry":{"type":"Point","coordinates":[2.12237,41.33343]}},{"type":"Feature","properties":{"name":"Zona Franca - Mercabarna","code":"2811","kind":"stop","lines":",tmb-bus:21,"},"geometry":{"type":"Point","coordinates":[2.11847,41.3348]}},{"type":"Feature","properties":{"name":"Carrer K - Carrer número 40","code":"2812","kind":"stop","lines":",tmb-bus:21,"},"geometry":{"type":"Point","coordinates":[2.11146,41.33383]}},{"type":"Feature","properties":{"name":"Carrer K - Carrer número 6","code":"2813","kind":"stop","lines":",tmb-bus:21,"},"geometry":{"type":"Point","coordinates":[2.11192,41.32886]}},{"type":"Feature","properties":{"name":"Ctra Marina - Av Onze de Setembre","code":"3359","kind":"stop","lines":",tmb-bus:21,"},"geometry":{"type":"Point","coordinates":[2.10352,41.32275]}},{"type":"Feature","properties":{"name":"Plaça Constitució","code":"3360","kind":"stop","lines":",tmb-bus:21,"},"geometry":{"type":"Point","coordinates":[2.10217,41.32428]}},{"type":"Feature","properties":{"name":"Ctra Marina - Pablo Neruda","code":"3361","kind":"stop","lines":",tmb-bus:21,tmb-bus:65,"},"geometry":{"type":"Point","coordinates":[2.10144,41.32517]}},{"type":"Feature","properties":{"name":"Av Remolar - Av Apel·les Mestres","code":"2819","kind":"stop","lines":",tmb-bus:21,"},"geometry":{"type":"Point","coordinates":[2.08703,41.32645]}},{"type":"Feature","properties":{"name":"Vall d'Aran - Remolar","code":"3289","kind":"stop","lines":",tmb-bus:21,"},"geometry":{"type":"Point","coordinates":[2.08679,41.32834]}},{"type":"Feature","properties":{"name":"Gran Vista - Pl de la Mitja Lluna","code":"441","kind":"stop","lines":",tmb-bus:22,tmb-bus:119,"},"geometry":{"type":"Point","coordinates":[2.16492,41.42013]}},{"type":"Feature","properties":{"name":"IES Ferran Tallada","code":"2138","kind":"stop","lines":",tmb-bus:22,"},"geometry":{"type":"Point","coordinates":[2.1618,41.42081]}},{"type":"Feature","properties":{"name":"Gran Vista - Doctor Bové","code":"266","kind":"stop","lines":",tmb-bus:22,tmb-bus:119,"},"geometry":{"type":"Point","coordinates":[2.1582,41.41915]}},{"type":"Feature","properties":{"name":"Pg de Gràcia - Rosselló","code":"1144","kind":"stop","lines":",tmb-bus:22,tmb-bus:24,"},"geometry":{"type":"Point","coordinates":[2.16012,41.39589]}},{"type":"Feature","properties":{"name":"Pg de Gràcia - València","code":"1497","kind":"stop","lines":",tmb-bus:22,tmb-bus:24,"},"geometry":{"type":"Point","coordinates":[2.16327,41.39335]}},{"type":"Feature","properties":{"name":"Pg de Gràcia - Consell de Cent","code":"182","kind":"stop","lines":",tmb-bus:22,tmb-bus:24,"},"geometry":{"type":"Point","coordinates":[2.16543,41.39162]}},{"type":"Feature","properties":{"name":"Metro Pg de Gràcia","code":"577","kind":"stop","lines":",tmb-bus:22,tmb-bus:24,"},"geometry":{"type":"Point","coordinates":[2.16752,41.38992]}},{"type":"Feature","properties":{"name":"Ronda St Pere - Pg de Gràcia - Final de trajecte","code":"3032","kind":"stop","lines":",tmb-bus:22,"},"geometry":{"type":"Point","coordinates":[2.17086,41.38836]}},{"type":"Feature","properties":{"name":"Gran Vista - Doctor Bové","code":"544","kind":"stop","lines":",tmb-bus:22,tmb-bus:119,"},"geometry":{"type":"Point","coordinates":[2.15804,41.419]}},{"type":"Feature","properties":{"name":"IES Ferran Tallada","code":"546","kind":"stop","lines":",tmb-bus:22,tmb-bus:119,"},"geometry":{"type":"Point","coordinates":[2.16184,41.42069]}},{"type":"Feature","properties":{"name":"Gran Vista - Turó de la Rovira - Final de trajecte","code":"423","kind":"stop","lines":",tmb-bus:22,tmb-bus:119,"},"geometry":{"type":"Point","coordinates":[2.16401,41.42021]}},{"type":"Feature","properties":{"name":"Pl Espanya - Final de trajecte","code":"2775","kind":"stop","lines":",tmb-bus:23,"},"geometry":{"type":"Point","coordinates":[2.15015,41.37376]}},{"type":"Feature","properties":{"name":"Jocs del 92 - Pedrera del Mussol","code":"3837","kind":"stop","lines":",tmb-bus:23,"},"geometry":{"type":"Point","coordinates":[2.14709,41.36264]}},{"type":"Feature","properties":{"name":"Pg Zona Franca - Metro Foc","code":"3859","kind":"stop","lines":",tmb-bus:23,"},"geometry":{"type":"Point","coordinates":[2.14214,41.35561]}},{"type":"Feature","properties":{"name":"Carrer número 2 - Carrer número 62","code":"2249","kind":"stop","lines":",tmb-bus:23,"},"geometry":{"type":"Point","coordinates":[2.13789,41.34394]}},{"type":"Feature","properties":{"name":"Parc Logístic, anada","code":"2251","kind":"stop","lines":",tmb-bus:23,"},"geometry":{"type":"Point","coordinates":[2.13102,41.343]}},{"type":"Feature","properties":{"name":"Parc Logístic - Final de trajecte","code":"2246","kind":"stop","lines":",tmb-bus:23,"},"geometry":{"type":"Point","coordinates":[2.12473,41.34059]}},{"type":"Feature","properties":{"name":"Metro Parc Logístic","code":"3442","kind":"stop","lines":",tmb-bus:23,"},"geometry":{"type":"Point","coordinates":[2.12776,41.34143]}},{"type":"Feature","properties":{"name":"Parc Logístic, tornada","code":"2252","kind":"stop","lines":",tmb-bus:23,"},"geometry":{"type":"Point","coordinates":[2.13088,41.34276]}},{"type":"Feature","properties":{"name":"Carrer número 2","code":"2250","kind":"stop","lines":",tmb-bus:23,"},"geometry":{"type":"Point","coordinates":[2.13798,41.34382]}},{"type":"Feature","properties":{"name":"Jocs del 92 - Pierre de Coubertin","code":"3836","kind":"stop","lines":",tmb-bus:23,"},"geometry":{"type":"Point","coordinates":[2.1467,41.36294]}},{"type":"Feature","properties":{"name":"Av Ferrer i Guàrdia - Av Montanyans","code":"1030","kind":"stop","lines":",tmb-bus:23,tmb-bus:150,"},"geometry":{"type":"Point","coordinates":[2.14514,41.3678]}},{"type":"Feature","properties":{"name":"Doctor Bové - Penyal","code":"267","kind":"stop","lines":",tmb-bus:24,"},"geometry":{"type":"Point","coordinates":[2.1627,41.42106]}},{"type":"Feature","properties":{"name":"Doctor Bové - Baixada Passerell","code":"270","kind":"stop","lines":",tmb-bus:24,"},"geometry":{"type":"Point","coordinates":[2.16018,41.42064]}},{"type":"Feature","properties":{"name":"Doctor Bové - Conca de Tremp","code":"271","kind":"stop","lines":",tmb-bus:24,"},"geometry":{"type":"Point","coordinates":[2.15783,41.41902]}},{"type":"Feature","properties":{"name":"Pl Catalunya - Rambla Catalunya - Final trajecte","code":"1208","kind":"stop","lines":",tmb-bus:24,"},"geometry":{"type":"Point","coordinates":[2.16883,41.38758]}},{"type":"Feature","properties":{"name":"Av Mare de Déu de Montserrat - Sanllehy","code":"1299","kind":"stop","lines":",tmb-bus:24,"},"geometry":{"type":"Point","coordinates":[2.16076,41.41319]}},{"type":"Feature","properties":{"name":"Doctor Bové - Gran Vista","code":"268","kind":"stop","lines":",tmb-bus:24,"},"geometry":{"type":"Point","coordinates":[2.15838,41.41935]}},{"type":"Feature","properties":{"name":"Doctor Bové - Ptge de la Cadernera","code":"269","kind":"stop","lines":",tmb-bus:24,"},"geometry":{"type":"Point","coordinates":[2.16042,41.42065]}},{"type":"Feature","properties":{"name":"Dr Bové - Pg Font la Mulassa - Final de trajecte","code":"272","kind":"stop","lines":",tmb-bus:24,"},"geometry":{"type":"Point","coordinates":[2.16309,41.42091]}},{"type":"Feature","properties":{"name":"Sants Estació - Pl Joan Peiró - Final de trajecte","code":"3876","kind":"stop","lines":",tmb-bus:27,"},"geometry":{"type":"Point","coordinates":[2.13903,41.37838]}},{"type":"Feature","properties":{"name":"Av de Vallcarca - Pl Lesseps","code":"119","kind":"stop","lines":",tmb-bus:27,"},"geometry":{"type":"Point","coordinates":[2.14895,41.4086]}},{"type":"Feature","properties":{"name":"Av de Vallcarca - Baixada de la Glòria","code":"350","kind":"stop","lines":",tmb-bus:27,"},"geometry":{"type":"Point","coordinates":[2.14701,41.41039]}},{"type":"Feature","properties":{"name":"Av de Vallcarca - Viaducte de Vallcarca","code":"1508","kind":"stop","lines":",tmb-bus:27,"},"geometry":{"type":"Point","coordinates":[2.14433,41.41206]}},{"type":"Feature","properties":{"name":"Av Vallcarca - Hospital Delfos","code":"478","kind":"stop","lines":",tmb-bus:27,tmb-bus:129,"},"geometry":{"type":"Point","coordinates":[2.14312,41.41401]}},{"type":"Feature","properties":{"name":"Parc Sanitari Pere Virgili","code":"47","kind":"stop","lines":",tmb-bus:27,"},"geometry":{"type":"Point","coordinates":[2.14193,41.41627]}},{"type":"Feature","properties":{"name":"Av Vallcarca - Capellades","code":"1542","kind":"stop","lines":",tmb-bus:27,tmb-bus:119,"},"geometry":{"type":"Point","coordinates":[2.14092,41.41911]}},{"type":"Feature","properties":{"name":"Pl Karl Marx - Ronda Guineueta Vella","code":"2728","kind":"stop","lines":",tmb-bus:27,"},"geometry":{"type":"Point","coordinates":[2.16323,41.44052]}},{"type":"Feature","properties":{"name":"Les Torres - Mina de la Ciutat - Final de trajecte","code":"17","kind":"stop","lines":",tmb-bus:27,"},"geometry":{"type":"Point","coordinates":[2.17161,41.44665]}},{"type":"Feature","properties":{"name":"Artesania - Antonio Machado","code":"1174","kind":"stop","lines":",tmb-bus:27,tmb-bus:127,"},"geometry":{"type":"Point","coordinates":[2.17097,41.44517]}},{"type":"Feature","properties":{"name":"Esteve Terradas","code":"2840","kind":"stop","lines":",tmb-bus:27,tmb-bus:129,"},"geometry":{"type":"Point","coordinates":[2.14095,41.4133]}},{"type":"Feature","properties":{"name":"Av de Vallcarca - Gomis","code":"533","kind":"stop","lines":",tmb-bus:27,"},"geometry":{"type":"Point","coordinates":[2.1444,41.41188]}},{"type":"Feature","properties":{"name":"Av de Vallcarca - Ballester","code":"129","kind":"stop","lines":",tmb-bus:27,"},"geometry":{"type":"Point","coordinates":[2.14759,41.40966]}},{"type":"Feature","properties":{"name":"Jordi Girona - John M Keynes - Final de trajecte","code":"1484","kind":"stop","lines":",tmb-bus:33,"},"geometry":{"type":"Point","coordinates":[2.11473,41.38768]}},{"type":"Feature","properties":{"name":"John M. Keynes - Diagonal","code":"2586","kind":"stop","lines":",tmb-bus:33,"},"geometry":{"type":"Point","coordinates":[2.11658,41.38627]}},{"type":"Feature","properties":{"name":"Guipúscoa - Bilbao","code":"828","kind":"stop","lines":",tmb-bus:33,"},"geometry":{"type":"Point","coordinates":[2.19204,41.41235]}},{"type":"Feature","properties":{"name":"Santander - Ca N'Oliva","code":"3846","kind":"stop","lines":",tmb-bus:33,tmb-bus:136,"},"geometry":{"type":"Point","coordinates":[2.20209,41.42753]}},{"type":"Feature","properties":{"name":"Via Trajana - Rambla Prim","code":"3505","kind":"stop","lines":",tmb-bus:33,tmb-bus:136,"},"geometry":{"type":"Point","coordinates":[2.19864,41.42858]}},{"type":"Feature","properties":{"name":"Rambla Prim - Santander - Final de trajecte","code":"2473","kind":"stop","lines":",tmb-bus:33,"},"geometry":{"type":"Point","coordinates":[2.20078,41.42499]}},{"type":"Feature","properties":{"name":"Av de l'Exèrcit - Trias i Giró","code":"2716","kind":"stop","lines":",tmb-bus:33,"},"geometry":{"type":"Point","coordinates":[2.11153,41.38607]}},{"type":"Feature","properties":{"name":"Costa i Cuxart - Felip II - Final de trajecte","code":"3381","kind":"stop","lines":",tmb-bus:34,"},"geometry":{"type":"Point","coordinates":[2.1761,41.42813]}},{"type":"Feature","properties":{"name":"Sagrera - Pl del General Moragues","code":"1792","kind":"stop","lines":",tmb-bus:34,tmb-bus:126,"},"geometry":{"type":"Point","coordinates":[2.19131,41.41821]}},{"type":"Feature","properties":{"name":"Capità Arenas - Final de trajecte","code":"3933","kind":"stop","lines":",tmb-bus:34,"},"geometry":{"type":"Point","coordinates":[2.12524,41.39197]}},{"type":"Feature","properties":{"name":"Clot - Biscaia","code":"381","kind":"stop","lines":",tmb-bus:34,"},"geometry":{"type":"Point","coordinates":[2.19063,41.41399]}},{"type":"Feature","properties":{"name":"Sagrera - Múrcia","code":"162","kind":"stop","lines":",tmb-bus:34,"},"geometry":{"type":"Point","coordinates":[2.19149,41.41765]}},{"type":"Feature","properties":{"name":"Berenguer de Palou - Baixada de La Sagrera","code":"1791","kind":"stop","lines":",tmb-bus:34,"},"geometry":{"type":"Point","coordinates":[2.19131,41.42108]}},{"type":"Feature","properties":{"name":"Fabra i Puig - Arnau d'Oms","code":"1591","kind":"stop","lines":",tmb-bus:34,tmb-bus:134,"},"geometry":{"type":"Point","coordinates":[2.17772,41.43032]}},{"type":"Feature","properties":{"name":"Pl Catalana - Mascaró - Final de trajecte","code":"650","kind":"stop","lines":",tmb-bus:39,"},"geometry":{"type":"Point","coordinates":[2.17315,41.42185]}},{"type":"Feature","properties":{"name":"Providència - Pi i Margall","code":"1329","kind":"stop","lines":",tmb-bus:39,"},"geometry":{"type":"Point","coordinates":[2.16359,41.41037]}},{"type":"Feature","properties":{"name":"Providència - Torrent de les Flors","code":"1385","kind":"stop","lines":",tmb-bus:39,"},"geometry":{"type":"Point","coordinates":[2.15893,41.4079]}},{"type":"Feature","properties":{"name":"Providència - Alzina","code":"910","kind":"stop","lines":",tmb-bus:39,"},"geometry":{"type":"Point","coordinates":[2.15661,41.40646]}},{"type":"Feature","properties":{"name":"Biada - Torrent de l'Olla","code":"911","kind":"stop","lines":",tmb-bus:39,"},"geometry":{"type":"Point","coordinates":[2.15432,41.40494]}},{"type":"Feature","properties":{"name":"Torrent de l'Olla - Astúries","code":"1394","kind":"stop","lines":",tmb-bus:39,tmb-bus:114,"},"geometry":{"type":"Point","coordinates":[2.15589,41.40326]}},{"type":"Feature","properties":{"name":"Torrent de l'Olla - Penedès","code":"218","kind":"stop","lines":",tmb-bus:39,tmb-bus:114,"},"geometry":{"type":"Point","coordinates":[2.15873,41.40092]}},{"type":"Feature","properties":{"name":"Torrent de l'Olla - Còrsega","code":"219","kind":"stop","lines":",tmb-bus:39,tmb-bus:114,"},"geometry":{"type":"Point","coordinates":[2.161,41.39869]}},{"type":"Feature","properties":{"name":"Pau Claris - Rosselló","code":"1135","kind":"stop","lines":",tmb-bus:39,"},"geometry":{"type":"Point","coordinates":[2.16207,41.39647]}},{"type":"Feature","properties":{"name":"Pl Urquinaona - Final de trajecte","code":"1071","kind":"stop","lines":",tmb-bus:39,"},"geometry":{"type":"Point","coordinates":[2.17285,41.38934]}},{"type":"Feature","properties":{"name":"Escorial - Pl Joanic","code":"1335","kind":"stop","lines":",tmb-bus:39,"},"geometry":{"type":"Point","coordinates":[2.16252,41.40611]}},{"type":"Feature","properties":{"name":"Escorial - Legalitat","code":"787","kind":"stop","lines":",tmb-bus:39,tmb-bus:114,"},"geometry":{"type":"Point","coordinates":[2.16079,41.40794]}},{"type":"Feature","properties":{"name":"Escorial - Clínica Nostra Senyora del Remei","code":"187","kind":"stop","lines":",tmb-bus:39,"},"geometry":{"type":"Point","coordinates":[2.15903,41.4098]}},{"type":"Feature","properties":{"name":"Amílcar - Pl Catalana","code":"3780","kind":"stop","lines":",tmb-bus:39,tmb-bus:117,"},"geometry":{"type":"Point","coordinates":[2.17299,41.42128]}},{"type":"Feature","properties":{"name":"Av Paral·lel - Llançà - Final de trajecte","code":"1064","kind":"stop","lines":",tmb-bus:46,"},"geometry":{"type":"Point","coordinates":[2.15256,41.37483]}},{"type":"Feature","properties":{"name":"Parc de Bellvitge","code":"1611","kind":"stop","lines":",tmb-bus:46,tmb-bus:65,"},"geometry":{"type":"Point","coordinates":[2.11226,41.34827]}},{"type":"Feature","properties":{"name":"Hospital Oncològic","code":"1612","kind":"stop","lines":",tmb-bus:46,tmb-bus:65,"},"geometry":{"type":"Point","coordinates":[2.11024,41.34617]}},{"type":"Feature","properties":{"name":"Hospital de Bellvitge","code":"1789","kind":"stop","lines":",tmb-bus:46,tmb-bus:65,"},"geometry":{"type":"Point","coordinates":[2.10519,41.34317]}},{"type":"Feature","properties":{"name":"Zona càrrega (sentit T1)","code":"2664","kind":"stop","lines":",tmb-bus:46,"},"geometry":{"type":"Point","coordinates":[2.06882,41.30144]}},{"type":"Feature","properties":{"name":"Aeroport T2B - Sortides (sentit T1)","code":"3047","kind":"stop","lines":",tmb-bus:46,"},"geometry":{"type":"Point","coordinates":[2.07578,41.30287]}},{"type":"Feature","properties":{"name":"Aeroport T2B - Arribades","code":"3048","kind":"stop","lines":",tmb-bus:46,"},"geometry":{"type":"Point","coordinates":[2.07926,41.30413]}},{"type":"Feature","properties":{"name":"Aeroport T2C","code":"3041","kind":"stop","lines":",tmb-bus:46,"},"geometry":{"type":"Point","coordinates":[2.08181,41.305]}},{"type":"Feature","properties":{"name":"Av Aeroport - Via Làctia","code":"3291","kind":"stop","lines":",tmb-bus:46,"},"geometry":{"type":"Point","coordinates":[2.05449,41.2997]}},{"type":"Feature","properties":{"name":"Aparcament Llarga Estada","code":"3307","kind":"stop","lines":",tmb-bus:46,"},"geometry":{"type":"Point","coordinates":[2.05406,41.29194]}},{"type":"Feature","properties":{"name":"Aeroport T1 - Final de trajecte","code":"3043","kind":"stop","lines":",tmb-bus:46,"},"geometry":{"type":"Point","coordinates":[2.07328,41.28757]}},{"type":"Feature","properties":{"name":"Felip Díaz Sandino - Via Làctia","code":"3290","kind":"stop","lines":",tmb-bus:46,"},"geometry":{"type":"Point","coordinates":[2.05558,41.29806]}},{"type":"Feature","properties":{"name":"Edifici Cargoparc","code":"3372","kind":"stop","lines":",tmb-bus:46,"},"geometry":{"type":"Point","coordinates":[2.06436,41.30099]}},{"type":"Feature","properties":{"name":"Zona càrrega","code":"3197","kind":"stop","lines":",tmb-bus:46,"},"geometry":{"type":"Point","coordinates":[2.06809,41.30155]}},{"type":"Feature","properties":{"name":"Aeroport T2B - Sortides","code":"79","kind":"stop","lines":",tmb-bus:46,"},"geometry":{"type":"Point","coordinates":[2.07595,41.30293]}},{"type":"Feature","properties":{"name":"Aeroport T2B - Arribades","code":"80","kind":"stop","lines":",tmb-bus:46,"},"geometry":{"type":"Point","coordinates":[2.07933,41.30415]}},{"type":"Feature","properties":{"name":"Aeroport T2C","code":"81","kind":"stop","lines":",tmb-bus:46,"},"geometry":{"type":"Point","coordinates":[2.08188,41.30503]}},{"type":"Feature","properties":{"name":"Av Granvia - Hospital de Bellvitge","code":"917","kind":"stop","lines":",tmb-bus:46,tmb-bus:65,"},"geometry":{"type":"Point","coordinates":[2.10655,41.34263]}},{"type":"Feature","properties":{"name":"Hospital Oncològic","code":"916","kind":"stop","lines":",tmb-bus:46,tmb-bus:65,"},"geometry":{"type":"Point","coordinates":[2.11073,41.34583]}},{"type":"Feature","properties":{"name":"Ramon Trias Fargas - Pg Marítim - Final trajecte","code":"1281","kind":"stop","lines":",tmb-bus:47,"},"geometry":{"type":"Point","coordinates":[2.19646,41.38581]}},{"type":"Feature","properties":{"name":"Antonio Machado - Final de trajecte","code":"18","kind":"stop","lines":",tmb-bus:47,"},"geometry":{"type":"Point","coordinates":[2.17051,41.44429]}},{"type":"Feature","properties":{"name":"Bruc - Còrsega","code":"1263","kind":"stop","lines":",tmb-bus:47,"},"geometry":{"type":"Point","coordinates":[2.16344,41.39884]}},{"type":"Feature","properties":{"name":"Bruc - Provença","code":"839","kind":"stop","lines":",tmb-bus:47,"},"geometry":{"type":"Point","coordinates":[2.16563,41.39719]}},{"type":"Feature","properties":{"name":"Urquinaona","code":"3328","kind":"stop","lines":",tmb-bus:47,"},"geometry":{"type":"Point","coordinates":[2.17256,41.38855]}},{"type":"Feature","properties":{"name":"Riera Blanca - Trav de les Corts - Final trajecte","code":"1361","kind":"stop","lines":",tmb-bus:52,"},"geometry":{"type":"Point","coordinates":[2.12149,41.37605]}},{"type":"Feature","properties":{"name":"Ronda Sant Pere - Pl Urquinaona - Final trajecte","code":"1079","kind":"stop","lines":",tmb-bus:52,"},"geometry":{"type":"Point","coordinates":[2.17145,41.38858]}},{"type":"Feature","properties":{"name":"Cardenal Reig - Pintor Tapiró - Final de trajecte","code":"2392","kind":"stop","lines":",tmb-bus:54,"},"geometry":{"type":"Point","coordinates":[2.11717,41.37839]}},{"type":"Feature","properties":{"name":"Berlín - Numància","code":"3767","kind":"stop","lines":",tmb-bus:54,"},"geometry":{"type":"Point","coordinates":[2.13861,41.38293]}},{"type":"Feature","properties":{"name":"París - Josep Tarradellas","code":"628","kind":"stop","lines":",tmb-bus:54,"},"geometry":{"type":"Point","coordinates":[2.14319,41.38599]}},{"type":"Feature","properties":{"name":"París - Viladomat","code":"208","kind":"stop","lines":",tmb-bus:54,tmb-bus:141,"},"geometry":{"type":"Point","coordinates":[2.14549,41.38772]}},{"type":"Feature","properties":{"name":"París - Comte d'Urgell","code":"1467","kind":"stop","lines":",tmb-bus:54,"},"geometry":{"type":"Point","coordinates":[2.14779,41.38946]}},{"type":"Feature","properties":{"name":"París - Casanova","code":"171","kind":"stop","lines":",tmb-bus:54,tmb-bus:67,tmb-bus:68,"},"geometry":{"type":"Point","coordinates":[2.14997,41.3911]}},{"type":"Feature","properties":{"name":"Casp - Pau Claris","code":"3805","kind":"stop","lines":",tmb-bus:54,"},"geometry":{"type":"Point","coordinates":[2.17066,41.38925]}},{"type":"Feature","properties":{"name":"Casp - Girona","code":"3804","kind":"stop","lines":",tmb-bus:54,"},"geometry":{"type":"Point","coordinates":[2.17491,41.39244]}},{"type":"Feature","properties":{"name":"Casp - Pg de Sant Joan","code":"3803","kind":"stop","lines":",tmb-bus:54,"},"geometry":{"type":"Point","coordinates":[2.17727,41.39421]}},{"type":"Feature","properties":{"name":"Casp - Nàpols","code":"3357","kind":"stop","lines":",tmb-bus:54,"},"geometry":{"type":"Point","coordinates":[2.17948,41.39588]}},{"type":"Feature","properties":{"name":"Estació del Nord - Final de trajecte","code":"3389","kind":"stop","lines":",tmb-bus:54,"},"geometry":{"type":"Point","coordinates":[2.18182,41.39437]}},{"type":"Feature","properties":{"name":"Còrsega - Aribau","code":"930","kind":"stop","lines":",tmb-bus:54,tmb-bus:67,"},"geometry":{"type":"Point","coordinates":[2.15347,41.39218]}},{"type":"Feature","properties":{"name":"Londres - Hospital del Sagrat Cor","code":"1555","kind":"stop","lines":",tmb-bus:54,"},"geometry":{"type":"Point","coordinates":[2.14581,41.38981]}},{"type":"Feature","properties":{"name":"Londres - Calàbria","code":"627","kind":"stop","lines":",tmb-bus:54,"},"geometry":{"type":"Point","coordinates":[2.14404,41.38847]}},{"type":"Feature","properties":{"name":"Marquès de Sentmenat - Equador","code":"395","kind":"stop","lines":",tmb-bus:54,"},"geometry":{"type":"Point","coordinates":[2.14156,41.38542]}},{"type":"Feature","properties":{"name":"Marquès de Sentmenat - Numància","code":"1575","kind":"stop","lines":",tmb-bus:54,"},"geometry":{"type":"Point","coordinates":[2.13671,41.38497]}},{"type":"Feature","properties":{"name":"Vallespir - Jardí de Magalí","code":"855","kind":"stop","lines":",tmb-bus:54,"},"geometry":{"type":"Point","coordinates":[2.13399,41.38391]}},{"type":"Feature","properties":{"name":"Vallespir - Pl del Centre","code":"3422","kind":"stop","lines":",tmb-bus:54,"},"geometry":{"type":"Point","coordinates":[2.1353,41.38198]}},{"type":"Feature","properties":{"name":"Pl Urquinaona - Pau Claris - Final de trajecte","code":"1067","kind":"stop","lines":",tmb-bus:55,"},"geometry":{"type":"Point","coordinates":[2.17254,41.3891]}},{"type":"Feature","properties":{"name":"Calàbria - Manso","code":"3754","kind":"stop","lines":",tmb-bus:55,tmb-bus:141,"},"geometry":{"type":"Point","coordinates":[2.15934,41.3765]}},{"type":"Feature","properties":{"name":"Vilamarí - Av Mistral","code":"1059","kind":"stop","lines":",tmb-bus:55,"},"geometry":{"type":"Point","coordinates":[2.15342,41.37573]}},{"type":"Feature","properties":{"name":"França Xica - Grases","code":"280","kind":"stop","lines":",tmb-bus:55,tmb-bus:121,"},"geometry":{"type":"Point","coordinates":[2.15634,41.37208]}},{"type":"Feature","properties":{"name":"França Xica - Concòrdia","code":"279","kind":"stop","lines":",tmb-bus:55,tmb-bus:121,"},"geometry":{"type":"Point","coordinates":[2.1595,41.37216]}},{"type":"Feature","properties":{"name":"Poble Sec","code":"278","kind":"stop","lines":",tmb-bus:55,"},"geometry":{"type":"Point","coordinates":[2.16047,41.37153]}},{"type":"Feature","properties":{"name":"Pg de l'Exposició - Santa Madrona","code":"789","kind":"stop","lines":",tmb-bus:55,"},"geometry":{"type":"Point","coordinates":[2.15859,41.37052]}},{"type":"Feature","properties":{"name":"Pg de Santa Madrona","code":"2458","kind":"stop","lines":",tmb-bus:55,"},"geometry":{"type":"Point","coordinates":[2.15798,41.36854]}},{"type":"Feature","properties":{"name":"Museu Nacional - Museu Etnològic","code":"2341","kind":"stop","lines":",tmb-bus:55,"},"geometry":{"type":"Point","coordinates":[2.15607,41.36854]}},{"type":"Feature","properties":{"name":"Av de l'Estadi - Vivers","code":"2324","kind":"stop","lines":",tmb-bus:55,"},"geometry":{"type":"Point","coordinates":[2.15838,41.3671]}},{"type":"Feature","properties":{"name":"Av de l'Estadi - Pg Olímpic","code":"2567","kind":"stop","lines":",tmb-bus:55,"},"geometry":{"type":"Point","coordinates":[2.15746,41.36652]}},{"type":"Feature","properties":{"name":"Vivers Tres Pins","code":"2581","kind":"stop","lines":",tmb-bus:55,tmb-bus:150,tmb-bus:983,"},"geometry":{"type":"Point","coordinates":[2.15875,41.36637]}},{"type":"Feature","properties":{"name":"Av Miramar - Fundació Joan Miró","code":"654","kind":"stop","lines":",tmb-bus:55,tmb-bus:150,"},"geometry":{"type":"Point","coordinates":[2.15977,41.36777]}},{"type":"Feature","properties":{"name":"Av Miramar - Estació del Funicular","code":"655","kind":"stop","lines":",tmb-bus:55,tmb-bus:150,"},"geometry":{"type":"Point","coordinates":[2.16294,41.36888]}},{"type":"Feature","properties":{"name":"Pl Dante - Final de trajecte","code":"1826","kind":"stop","lines":",tmb-bus:55,"},"geometry":{"type":"Point","coordinates":[2.16521,41.36864]}},{"type":"Feature","properties":{"name":"Av Miramar - Escoles del Bosc","code":"656","kind":"stop","lines":",tmb-bus:55,tmb-bus:150,"},"geometry":{"type":"Point","coordinates":[2.16194,41.36894]}},{"type":"Feature","properties":{"name":"Fundació Joan Miró - Pl Neptú","code":"657","kind":"stop","lines":",tmb-bus:55,tmb-bus:150,tmb-bus:983,"},"geometry":{"type":"Point","coordinates":[2.15963,41.36786]}},{"type":"Feature","properties":{"name":"Museu Nacional - Museu Etnològic","code":"2311","kind":"stop","lines":",tmb-bus:55,"},"geometry":{"type":"Point","coordinates":[2.15617,41.3686]}},{"type":"Feature","properties":{"name":"Pg de Santa Madrona - Font del Gat","code":"2459","kind":"stop","lines":",tmb-bus:55,"},"geometry":{"type":"Point","coordinates":[2.15804,41.36844]}},{"type":"Feature","properties":{"name":"Pg de l'Exposició - Sant Isidre","code":"2569","kind":"stop","lines":",tmb-bus:55,"},"geometry":{"type":"Point","coordinates":[2.15948,41.37112]}},{"type":"Feature","properties":{"name":"Radas - Magalhäes","code":"2568","kind":"stop","lines":",tmb-bus:55,tmb-bus:121,"},"geometry":{"type":"Point","coordinates":[2.16062,41.37263]}},{"type":"Feature","properties":{"name":"Mare de Déu del Remei - Grases","code":"2061","kind":"stop","lines":",tmb-bus:55,tmb-bus:121,"},"geometry":{"type":"Point","coordinates":[2.15688,41.37301]}},{"type":"Feature","properties":{"name":"Tamarit - Lleida","code":"1368","kind":"stop","lines":",tmb-bus:55,"},"geometry":{"type":"Point","coordinates":[2.15517,41.3742]}},{"type":"Feature","properties":{"name":"Entença - Floridablanca","code":"444","kind":"stop","lines":",tmb-bus:55,"},"geometry":{"type":"Point","coordinates":[2.15596,41.37565]}},{"type":"Feature","properties":{"name":"G V Carles III - Pl Reina M C - Final de trajecte","code":"2530","kind":"stop","lines":",tmb-bus:59,"},"geometry":{"type":"Point","coordinates":[2.12688,41.38686]}},{"type":"Feature","properties":{"name":"Balmes - Pelai","code":"1905","kind":"stop","lines":",tmb-bus:59,tmb-bus:63,"},"geometry":{"type":"Point","coordinates":[2.16693,41.38596]}},{"type":"Feature","properties":{"name":"Av Litoral - Trelawny","code":"413","kind":"stop","lines":",tmb-bus:59,tmb-bus:136,"},"geometry":{"type":"Point","coordinates":[2.19484,41.38626]}},{"type":"Feature","properties":{"name":"Cementiri de l'Est - Carmen Amaya - Final trajecte","code":"3445","kind":"stop","lines":",tmb-bus:59,"},"geometry":{"type":"Point","coordinates":[2.20196,41.39414]}},{"type":"Feature","properties":{"name":"Ramon Trias Fargas - Ronda Litoral","code":"1285","kind":"stop","lines":",tmb-bus:59,"},"geometry":{"type":"Point","coordinates":[2.19585,41.38627]}},{"type":"Feature","properties":{"name":"La Rambla - Pl del Teatre","code":"1289","kind":"stop","lines":",tmb-bus:59,"},"geometry":{"type":"Point","coordinates":[2.17562,41.37873]}},{"type":"Feature","properties":{"name":"La Rambla - Liceu","code":"1290","kind":"stop","lines":",tmb-bus:59,"},"geometry":{"type":"Point","coordinates":[2.17308,41.38161]}},{"type":"Feature","properties":{"name":"La Rambla - Pl Catalunya","code":"1258","kind":"stop","lines":",tmb-bus:59,"},"geometry":{"type":"Point","coordinates":[2.17042,41.38536]}},{"type":"Feature","properties":{"name":"Casanova - Aragó","code":"56","kind":"stop","lines":",tmb-bus:59,"},"geometry":{"type":"Point","coordinates":[2.15802,41.38604]}},{"type":"Feature","properties":{"name":"Casanova - Mercat del Ninot","code":"1137","kind":"stop","lines":",tmb-bus:59,"},"geometry":{"type":"Point","coordinates":[2.15463,41.3886]}},{"type":"Feature","properties":{"name":"Av de Sarrià - Josep Tarradellas","code":"630","kind":"stop","lines":",tmb-bus:59,tmb-bus:141,"},"geometry":{"type":"Point","coordinates":[2.14481,41.3904]}},{"type":"Feature","properties":{"name":"Les Corts - Prat d'En Rull","code":"3242","kind":"stop","lines":",tmb-bus:59,"},"geometry":{"type":"Point","coordinates":[2.13825,41.38874]}},{"type":"Feature","properties":{"name":"Concili de Trento - Pl de la Pau - Final trajecte","code":"3393","kind":"stop","lines":",tmb-bus:60,"},"geometry":{"type":"Point","coordinates":[2.21084,41.4222]}},{"type":"Feature","properties":{"name":"Escola Túrbula","code":"3681","kind":"stop","lines":",tmb-bus:60,"},"geometry":{"type":"Point","coordinates":[2.2114,41.42354]}},{"type":"Feature","properties":{"name":"Via Trajana - Guipúscoa","code":"3682","kind":"stop","lines":",tmb-bus:60,"},"geometry":{"type":"Point","coordinates":[2.20815,41.42614]}},{"type":"Feature","properties":{"name":"Via Trajana - Binèfar","code":"3683","kind":"stop","lines":",tmb-bus:60,"},"geometry":{"type":"Point","coordinates":[2.2064,41.42697]}},{"type":"Feature","properties":{"name":"Via Trajana - Santander","code":"3684","kind":"stop","lines":",tmb-bus:60,"},"geometry":{"type":"Point","coordinates":[2.2039,41.42816]}},{"type":"Feature","properties":{"name":"Santander - Ferrocarril","code":"3685","kind":"stop","lines":",tmb-bus:60,"},"geometry":{"type":"Point","coordinates":[2.20534,41.43128]}},{"type":"Feature","properties":{"name":"Fra Juníper Serra - Santander","code":"2601","kind":"stop","lines":",tmb-bus:60,"},"geometry":{"type":"Point","coordinates":[2.20485,41.43272]}},{"type":"Feature","properties":{"name":"Fra Juníper Serra - Formiga","code":"2599","kind":"stop","lines":",tmb-bus:60,"},"geometry":{"type":"Point","coordinates":[2.2019,41.43411]}},{"type":"Feature","properties":{"name":"Pg Santa Coloma - Nus de la Trinitat","code":"1419","kind":"stop","lines":",tmb-bus:60,"},"geometry":{"type":"Point","coordinates":[2.19357,41.44641]}},{"type":"Feature","properties":{"name":"Via Favència - Ctra de Ribes","code":"1711","kind":"stop","lines":",tmb-bus:60,tmb-bus:127,"},"geometry":{"type":"Point","coordinates":[2.18992,41.44712]}},{"type":"Feature","properties":{"name":"Via Favència - Trinitat Nova","code":"189","kind":"stop","lines":",tmb-bus:60,"},"geometry":{"type":"Point","coordinates":[2.18421,41.44682]}},{"type":"Feature","properties":{"name":"Via Favència - Aiguablava","code":"83","kind":"stop","lines":",tmb-bus:60,"},"geometry":{"type":"Point","coordinates":[2.18056,41.44646]}},{"type":"Feature","properties":{"name":"Via Favència - Almagro","code":"15","kind":"stop","lines":",tmb-bus:60,"},"geometry":{"type":"Point","coordinates":[2.17205,41.44391]}},{"type":"Feature","properties":{"name":"Pg. Vall d'Hebron, 130-134","code":"8038","kind":"stop","lines":",tmb-bus:60,"},"geometry":{"type":"Point","coordinates":[2.14208,41.4239]}},{"type":"Feature","properties":{"name":"Pl Karl Marx - Pg Valldaura","code":"1519","kind":"stop","lines":",tmb-bus:60,"},"geometry":{"type":"Point","coordinates":[2.16321,41.43973]}},{"type":"Feature","properties":{"name":"Via Favència - Rambla Caçador","code":"769","kind":"stop","lines":",tmb-bus:60,tmb-bus:122,"},"geometry":{"type":"Point","coordinates":[2.16709,41.44148]}},{"type":"Feature","properties":{"name":"Via Favència - Castor","code":"16","kind":"stop","lines":",tmb-bus:60,"},"geometry":{"type":"Point","coordinates":[2.1702,41.44269]}},{"type":"Feature","properties":{"name":"Via Favència - Lucena","code":"1487","kind":"stop","lines":",tmb-bus:60,tmb-bus:127,"},"geometry":{"type":"Point","coordinates":[2.17601,41.44487]}},{"type":"Feature","properties":{"name":"Via Favència - Molí","code":"1035","kind":"stop","lines":",tmb-bus:60,tmb-bus:76,tmb-bus:127,"},"geometry":{"type":"Point","coordinates":[2.18015,41.44595]}},{"type":"Feature","properties":{"name":"Via Favència - Palamós","code":"1176","kind":"stop","lines":",tmb-bus:60,tmb-bus:76,tmb-bus:127,tmb-bus:132,"},"geometry":{"type":"Point","coordinates":[2.18424,41.4465]}},{"type":"Feature","properties":{"name":"Ctra de Ribes - Ronda de Dalt","code":"2595","kind":"stop","lines":",tmb-bus:60,tmb-bus:126,tmb-bus:127,"},"geometry":{"type":"Point","coordinates":[2.18906,41.44611]}},{"type":"Feature","properties":{"name":"Pg Santa Coloma - Pl de la Modernitat","code":"1204","kind":"stop","lines":",tmb-bus:60,"},"geometry":{"type":"Point","coordinates":[2.19345,41.44618]}},{"type":"Feature","properties":{"name":"Pg Santa Coloma - Tiana","code":"1205","kind":"stop","lines":",tmb-bus:60,"},"geometry":{"type":"Point","coordinates":[2.19954,41.44831]}},{"type":"Feature","properties":{"name":"Caracas - Clariana","code":"1832","kind":"stop","lines":",tmb-bus:60,tmb-bus:133,"},"geometry":{"type":"Point","coordinates":[2.20112,41.44719]}},{"type":"Feature","properties":{"name":"Ciutat d'Asunción - La Maquinista","code":"2228","kind":"stop","lines":",tmb-bus:60,"},"geometry":{"type":"Point","coordinates":[2.20009,41.44021]}},{"type":"Feature","properties":{"name":"Ciutat d'Asunción - Fra Juníper Serra","code":"2592","kind":"stop","lines":",tmb-bus:60,"},"geometry":{"type":"Point","coordinates":[2.20097,41.43522]}},{"type":"Feature","properties":{"name":"Fra Juníper Serra","code":"2600","kind":"stop","lines":",tmb-bus:60,"},"geometry":{"type":"Point","coordinates":[2.20328,41.43324]}},{"type":"Feature","properties":{"name":"Santander - Cànem","code":"3676","kind":"stop","lines":",tmb-bus:60,"},"geometry":{"type":"Point","coordinates":[2.2047,41.43086]}},{"type":"Feature","properties":{"name":"Via Trajana - Santander","code":"3677","kind":"stop","lines":",tmb-bus:60,"},"geometry":{"type":"Point","coordinates":[2.20341,41.4283]}},{"type":"Feature","properties":{"name":"Via Trajana - Binèfar","code":"3678","kind":"stop","lines":",tmb-bus:60,"},"geometry":{"type":"Point","coordinates":[2.20632,41.42691]}},{"type":"Feature","properties":{"name":"Via Trajana - Guipúscoa","code":"3679","kind":"stop","lines":",tmb-bus:60,"},"geometry":{"type":"Point","coordinates":[2.20907,41.42568]}},{"type":"Feature","properties":{"name":"Escola Túrbula","code":"3680","kind":"stop","lines":",tmb-bus:60,"},"geometry":{"type":"Point","coordinates":[2.2113,41.42359]}},{"type":"Feature","properties":{"name":"Consell de Cent - Meridiana","code":"882","kind":"stop","lines":",tmb-bus:62,"},"geometry":{"type":"Point","coordinates":[2.18651,41.4066]}},{"type":"Feature","properties":{"name":"Meridiana - Metro Clot","code":"3781","kind":"stop","lines":",tmb-bus:62,"},"geometry":{"type":"Point","coordinates":[2.18711,41.40945]}},{"type":"Feature","properties":{"name":"Meridiana - Navas de Tolosa","code":"3813","kind":"stop","lines":",tmb-bus:62,"},"geometry":{"type":"Point","coordinates":[2.18707,41.41431]}},{"type":"Feature","properties":{"name":"Meridiana - Estació d'Autobusos Fabra i Puig","code":"1166","kind":"stop","lines":",tmb-bus:62,tmb-bus:96,tmb-bus:126,tmb-bus:133,"},"geometry":{"type":"Point","coordinates":[2.18302,41.43056]}},{"type":"Feature","properties":{"name":"CAP Sant Andreu","code":"1167","kind":"stop","lines":",tmb-bus:62,tmb-bus:96,tmb-bus:126,tmb-bus:133,"},"geometry":{"type":"Point","coordinates":[2.18362,41.43333]}},{"type":"Feature","properties":{"name":"Meridiana - Riera de Sant Andreu","code":"1340","kind":"stop","lines":",tmb-bus:62,tmb-bus:96,tmb-bus:126,tmb-bus:133,"},"geometry":{"type":"Point","coordinates":[2.18443,41.4355]}},{"type":"Feature","properties":{"name":"Bartrina - Pont del Dragó","code":"1341","kind":"stop","lines":",tmb-bus:62,tmb-bus:96,tmb-bus:126,"},"geometry":{"type":"Point","coordinates":[2.18613,41.43953]}},{"type":"Feature","properties":{"name":"Metro Torras i Bages","code":"2321","kind":"stop","lines":",tmb-bus:62,tmb-bus:96,tmb-bus:126,tmb-bus:127,"},"geometry":{"type":"Point","coordinates":[2.19086,41.44275]}},{"type":"Feature","properties":{"name":"Meridiana - Pare Pérez del Pulgar","code":"1765","kind":"stop","lines":",tmb-bus:62,tmb-bus:76,tmb-bus:96,tmb-bus:97,tmb-bus:104,"},"geometry":{"type":"Point","coordinates":[2.18916,41.45344]}},{"type":"Feature","properties":{"name":"Ctra C-17 - Av l'Alzinar","code":"259","kind":"stop","lines":",tmb-bus:62,tmb-bus:96,tmb-bus:104,"},"geometry":{"type":"Point","coordinates":[2.18316,41.46091]}},{"type":"Feature","properties":{"name":"Av Sivatte - Vallbona","code":"3500","kind":"stop","lines":",tmb-bus:62,tmb-bus:97,tmb-bus:183,"},"geometry":{"type":"Point","coordinates":[2.17883,41.46626]}},{"type":"Feature","properties":{"name":"Mercat Ciutat Meridiana","code":"1730","kind":"stop","lines":",tmb-bus:62,tmb-bus:76,tmb-bus:104,tmb-bus:183,"},"geometry":{"type":"Point","coordinates":[2.1782,41.4623]}},{"type":"Feature","properties":{"name":"Les Agudes - Costabona (a Can Cuiàs)","code":"1707","kind":"stop","lines":",tmb-bus:62,tmb-bus:76,tmb-bus:183,"},"geometry":{"type":"Point","coordinates":[2.17726,41.46268]}},{"type":"Feature","properties":{"name":"Les Agudes - Av Rasos de Peguera (a Can Cuiàs)","code":"1708","kind":"stop","lines":",tmb-bus:62,tmb-bus:76,tmb-bus:183,"},"geometry":{"type":"Point","coordinates":[2.17588,41.46148]}},{"type":"Feature","properties":{"name":"Av Rasos de Peguera - Pedraforca","code":"1706","kind":"stop","lines":",tmb-bus:62,tmb-bus:76,tmb-bus:183,"},"geometry":{"type":"Point","coordinates":[2.1738,41.46049]}},{"type":"Feature","properties":{"name":"Mercat Mare de Déu de Núria","code":"1625","kind":"stop","lines":",tmb-bus:62,tmb-bus:76,tmb-bus:183,"},"geometry":{"type":"Point","coordinates":[2.17257,41.45993]}},{"type":"Feature","properties":{"name":"Perafita - Av Rasos de Peguera","code":"1626","kind":"stop","lines":",tmb-bus:62,tmb-bus:76,tmb-bus:183,"},"geometry":{"type":"Point","coordinates":[2.17042,41.45967]}},{"type":"Feature","properties":{"name":"Perafita","code":"2605","kind":"stop","lines":",tmb-bus:62,tmb-bus:76,tmb-bus:183,"},"geometry":{"type":"Point","coordinates":[2.16891,41.45952]}},{"type":"Feature","properties":{"name":"Av Rasos de Peguera - Complex Esportiu Can Cuiàs","code":"2604","kind":"stop","lines":",tmb-bus:62,tmb-bus:76,tmb-bus:183,"},"geometry":{"type":"Point","coordinates":[2.16847,41.45986]}},{"type":"Feature","properties":{"name":"Les Agudes 140","code":"2610","kind":"stop","lines":",tmb-bus:62,tmb-bus:76,tmb-bus:183,"},"geometry":{"type":"Point","coordinates":[2.17197,41.46048]}},{"type":"Feature","properties":{"name":"Les Agudes 118-124","code":"1733","kind":"stop","lines":",tmb-bus:62,tmb-bus:76,tmb-bus:183,"},"geometry":{"type":"Point","coordinates":[2.17433,41.46131]}},{"type":"Feature","properties":{"name":"Circumval·lació - Les Agudes","code":"1349","kind":"stop","lines":",tmb-bus:62,tmb-bus:76,tmb-bus:137,tmb-bus:138,"},"geometry":{"type":"Point","coordinates":[2.17365,41.46255]}},{"type":"Feature","properties":{"name":"Petúnies - Circumval·lació","code":"3173","kind":"stop","lines":",tmb-bus:62,tmb-bus:137,tmb-bus:138,"},"geometry":{"type":"Point","coordinates":[2.17127,41.46335]}},{"type":"Feature","properties":{"name":"Pl de Mourenx","code":"2146","kind":"stop","lines":",tmb-bus:62,tmb-bus:76,tmb-bus:137,tmb-bus:138,"},"geometry":{"type":"Point","coordinates":[2.16856,41.46342]}},{"type":"Feature","properties":{"name":"Camèlies - Circumval·lació","code":"2147","kind":"stop","lines":",tmb-bus:62,tmb-bus:76,tmb-bus:137,tmb-bus:138,"},"geometry":{"type":"Point","coordinates":[2.17055,41.46194]}},{"type":"Feature","properties":{"name":"Circumval·lació - Camèlies","code":"2148","kind":"stop","lines":",tmb-bus:62,tmb-bus:76,tmb-bus:137,tmb-bus:138,"},"geometry":{"type":"Point","coordinates":[2.17196,41.46197]}},{"type":"Feature","properties":{"name":"Torrent del Bosc","code":"1350","kind":"stop","lines":",tmb-bus:62,tmb-bus:76,tmb-bus:137,tmb-bus:138,"},"geometry":{"type":"Point","coordinates":[2.17404,41.4622]}},{"type":"Feature","properties":{"name":"Les Agudes - Can Cuiàs","code":"1731","kind":"stop","lines":",tmb-bus:62,tmb-bus:76,tmb-bus:104,tmb-bus:183,"},"geometry":{"type":"Point","coordinates":[2.17552,41.46373]}},{"type":"Feature","properties":{"name":"Les Agudes 31","code":"1732","kind":"stop","lines":",tmb-bus:62,tmb-bus:76,tmb-bus:104,tmb-bus:183,"},"geometry":{"type":"Point","coordinates":[2.17813,41.46356]}},{"type":"Feature","properties":{"name":"Les Agudes - Costabona (a Torre Baró-Vallbona)","code":"1704","kind":"stop","lines":",tmb-bus:62,tmb-bus:76,tmb-bus:104,tmb-bus:183,"},"geometry":{"type":"Point","coordinates":[2.17735,41.46271]}},{"type":"Feature","properties":{"name":"Les Agudes - (a Torre Baró-Vallbona)","code":"1703","kind":"stop","lines":",tmb-bus:62,tmb-bus:76,tmb-bus:104,tmb-bus:183,"},"geometry":{"type":"Point","coordinates":[2.1759,41.46155]}},{"type":"Feature","properties":{"name":"Vallcivera - Moixeró - Final de trajecte","code":"2332","kind":"stop","lines":",tmb-bus:62,"},"geometry":{"type":"Point","coordinates":[2.17678,41.45954]}},{"type":"Feature","properties":{"name":"Av Rasos de Peguera - Meridiana","code":"878","kind":"stop","lines":",tmb-bus:62,tmb-bus:104,"},"geometry":{"type":"Point","coordinates":[2.17967,41.46215]}},{"type":"Feature","properties":{"name":"Ctra C-17 Estació de Torre Baró","code":"879","kind":"stop","lines":",tmb-bus:62,tmb-bus:96,tmb-bus:97,tmb-bus:104,"},"geometry":{"type":"Point","coordinates":[2.18145,41.46073]}},{"type":"Feature","properties":{"name":"Meridiana - Garbí","code":"885","kind":"stop","lines":",tmb-bus:62,tmb-bus:96,tmb-bus:97,tmb-bus:104,"},"geometry":{"type":"Point","coordinates":[2.18874,41.45211]}},{"type":"Feature","properties":{"name":"Meridiana - S'Agaró","code":"1778","kind":"stop","lines":",tmb-bus:62,tmb-bus:96,tmb-bus:97,tmb-bus:104,"},"geometry":{"type":"Point","coordinates":[2.18781,41.44815]}},{"type":"Feature","properties":{"name":"Meridiana - Av Rio de Janeiro","code":"1240","kind":"stop","lines":",tmb-bus:62,tmb-bus:96,tmb-bus:97,tmb-bus:104,"},"geometry":{"type":"Point","coordinates":[2.18621,41.44304]}},{"type":"Feature","properties":{"name":"Meridiana - Parc de Can Dragó","code":"432","kind":"stop","lines":",tmb-bus:62,tmb-bus:96,tmb-bus:97,tmb-bus:104,"},"geometry":{"type":"Point","coordinates":[2.1838,41.43563]}},{"type":"Feature","properties":{"name":"Meridiana, 367","code":"9977","kind":"stop","lines":",tmb-bus:62,tmb-bus:96,"},"geometry":{"type":"Point","coordinates":[2.18387,41.42883]}},{"type":"Feature","properties":{"name":"Meridiana, 323","code":"9978","kind":"stop","lines":",tmb-bus:62,tmb-bus:96,"},"geometry":{"type":"Point","coordinates":[2.18589,41.42576]}},{"type":"Feature","properties":{"name":"Meridiana - Biscaia","code":"1007","kind":"stop","lines":",tmb-bus:62,"},"geometry":{"type":"Point","coordinates":[2.18676,41.41679]}},{"type":"Feature","properties":{"name":"Plaça Catalunya - Final de trajecte","code":"1797","kind":"stop","lines":",tmb-bus:63,"},"geometry":{"type":"Point","coordinates":[2.16978,41.38626]}},{"type":"Feature","properties":{"name":"Provença - Aribau","code":"938","kind":"stop","lines":",tmb-bus:63,"},"geometry":{"type":"Point","coordinates":[2.15551,41.3903]}},{"type":"Feature","properties":{"name":"Casanova - París","code":"1088","kind":"stop","lines":",tmb-bus:63,tmb-bus:67,tmb-bus:68,"},"geometry":{"type":"Point","coordinates":[2.15108,41.39129]}},{"type":"Feature","properties":{"name":"Av d'Esplugues - Hospital Sant Joan de Déu","code":"591","kind":"stop","lines":",tmb-bus:63,"},"geometry":{"type":"Point","coordinates":[2.10397,41.38492]}},{"type":"Feature","properties":{"name":"Av dels Països Catalans - David Carreras i Trias","code":"1458","kind":"stop","lines":",tmb-bus:63,tmb-bus:67,tmb-bus:68,tmb-bus:78,"},"geometry":{"type":"Point","coordinates":[2.09453,41.37955]}},{"type":"Feature","properties":{"name":"Av dels Països Catalans - Laureà Miró","code":"1459","kind":"stop","lines":",tmb-bus:63,tmb-bus:67,tmb-bus:68,tmb-bus:78,"},"geometry":{"type":"Point","coordinates":[2.09166,41.37785]}},{"type":"Feature","properties":{"name":"Pl Santa Magdalena","code":"2697","kind":"stop","lines":",tmb-bus:63,tmb-bus:157,"},"geometry":{"type":"Point","coordinates":[2.08787,41.37747]}},{"type":"Feature","properties":{"name":"Laureà Miró - Nord","code":"1017","kind":"stop","lines":",tmb-bus:63,tmb-bus:157,"},"geometry":{"type":"Point","coordinates":[2.0822,41.3781]}},{"type":"Feature","properties":{"name":"Ctra Reial - Ateneu","code":"1697","kind":"stop","lines":",tmb-bus:63,tmb-bus:157,"},"geometry":{"type":"Point","coordinates":[2.07739,41.37863]}},{"type":"Feature","properties":{"name":"Rambla Sant Just - Ctra Reial","code":"1211","kind":"stop","lines":",tmb-bus:63,tmb-bus:157,"},"geometry":{"type":"Point","coordinates":[2.07589,41.37935]}},{"type":"Feature","properties":{"name":"Parc de la Rambla","code":"1052","kind":"stop","lines":",tmb-bus:63,tmb-bus:157,"},"geometry":{"type":"Point","coordinates":[2.0751,41.38088]}},{"type":"Feature","properties":{"name":"El Parador","code":"1053","kind":"stop","lines":",tmb-bus:63,tmb-bus:157,"},"geometry":{"type":"Point","coordinates":[2.07409,41.38297]}},{"type":"Feature","properties":{"name":"Jutjats de Pau","code":"203","kind":"stop","lines":",tmb-bus:63,tmb-bus:157,"},"geometry":{"type":"Point","coordinates":[2.07301,41.38509]}},{"type":"Feature","properties":{"name":"CAP Sant Just Desvern","code":"1829","kind":"stop","lines":",tmb-bus:63,tmb-bus:157,"},"geometry":{"type":"Point","coordinates":[2.06989,41.38262]}},{"type":"Feature","properties":{"name":"Av Indústria - Walden","code":"1720","kind":"stop","lines":",tmb-bus:63,tmb-bus:157,"},"geometry":{"type":"Point","coordinates":[2.06691,41.38049]}},{"type":"Feature","properties":{"name":"Torreblanca - Pla del Vent","code":"89","kind":"stop","lines":",tmb-bus:63,"},"geometry":{"type":"Point","coordinates":[2.06132,41.3792]}},{"type":"Feature","properties":{"name":"Torreblanca - Rubió i Tudurí","code":"90","kind":"stop","lines":",tmb-bus:63,"},"geometry":{"type":"Point","coordinates":[2.05895,41.37776]}},{"type":"Feature","properties":{"name":"Torreblanca - Av Generalitat","code":"88","kind":"stop","lines":",tmb-bus:63,"},"geometry":{"type":"Point","coordinates":[2.05613,41.37607]}},{"type":"Feature","properties":{"name":"Av Lluís Companys - Av de la Generalitat","code":"1722","kind":"stop","lines":",tmb-bus:63,"},"geometry":{"type":"Point","coordinates":[2.05683,41.37537]}},{"type":"Feature","properties":{"name":"Pl Maria Aurèlia Capmany","code":"3721","kind":"stop","lines":",tmb-bus:63,"},"geometry":{"type":"Point","coordinates":[2.05852,41.37641]}},{"type":"Feature","properties":{"name":"Plaça de la Pau","code":"1723","kind":"stop","lines":",tmb-bus:63,"},"geometry":{"type":"Point","coordinates":[2.06016,41.3774]}},{"type":"Feature","properties":{"name":"Plaça Montserrat Roig","code":"1724","kind":"stop","lines":",tmb-bus:63,"},"geometry":{"type":"Point","coordinates":[2.06199,41.37851]}},{"type":"Feature","properties":{"name":"Av Indústria - Walden","code":"407","kind":"stop","lines":",tmb-bus:63,tmb-bus:157,"},"geometry":{"type":"Point","coordinates":[2.06695,41.38043]}},{"type":"Feature","properties":{"name":"CAP Sant Just Desvern","code":"408","kind":"stop","lines":",tmb-bus:63,tmb-bus:157,"},"geometry":{"type":"Point","coordinates":[2.06987,41.3825]}},{"type":"Feature","properties":{"name":"Casal de Joves","code":"1054","kind":"stop","lines":",tmb-bus:63,tmb-bus:157,"},"geometry":{"type":"Point","coordinates":[2.07144,41.38275]}},{"type":"Feature","properties":{"name":"El Parador","code":"1456","kind":"stop","lines":",tmb-bus:63,tmb-bus:157,"},"geometry":{"type":"Point","coordinates":[2.07421,41.38238]}},{"type":"Feature","properties":{"name":"Parc de la Rambla","code":"1212","kind":"stop","lines":",tmb-bus:63,tmb-bus:157,"},"geometry":{"type":"Point","coordinates":[2.07525,41.38034]}},{"type":"Feature","properties":{"name":"Ctra Reial - Rambla Modolell","code":"1749","kind":"stop","lines":",tmb-bus:63,tmb-bus:157,"},"geometry":{"type":"Point","coordinates":[2.07687,41.37857]}},{"type":"Feature","properties":{"name":"Can Ristol","code":"1750","kind":"stop","lines":",tmb-bus:63,tmb-bus:157,"},"geometry":{"type":"Point","coordinates":[2.0795,41.37827]}},{"type":"Feature","properties":{"name":"Laureà Miró - Alcalde Martí Figueras i Castillo","code":"1751","kind":"stop","lines":",tmb-bus:63,tmb-bus:157,"},"geometry":{"type":"Point","coordinates":[2.08237,41.37796]}},{"type":"Feature","properties":{"name":"Laureà Miró - Josep Campreciós","code":"592","kind":"stop","lines":",tmb-bus:63,tmb-bus:157,"},"geometry":{"type":"Point","coordinates":[2.08665,41.37749]}},{"type":"Feature","properties":{"name":"Av dels Països Catalans - Laureà Miró","code":"1746","kind":"stop","lines":",tmb-bus:63,tmb-bus:67,tmb-bus:68,tmb-bus:78,"},"geometry":{"type":"Point","coordinates":[2.09189,41.37783]}},{"type":"Feature","properties":{"name":"Secretaria General de l'Esport","code":"1747","kind":"stop","lines":",tmb-bus:63,tmb-bus:67,tmb-bus:68,tmb-bus:78,"},"geometry":{"type":"Point","coordinates":[2.09496,41.37966]}},{"type":"Feature","properties":{"name":"Parc de Cervantes","code":"1881","kind":"stop","lines":",tmb-bus:63,tmb-bus:68,tmb-bus:78,"},"geometry":{"type":"Point","coordinates":[2.10471,41.38528]}},{"type":"Feature","properties":{"name":"València - Villarroel","code":"165","kind":"stop","lines":",tmb-bus:63,"},"geometry":{"type":"Point","coordinates":[2.15561,41.38683]}},{"type":"Feature","properties":{"name":"Canudas - Av Onze de Setembre","code":"2374","kind":"stop","lines":",tmb-bus:65,"},"geometry":{"type":"Point","coordinates":[2.07556,41.31607]}},{"type":"Feature","properties":{"name":"Av Onze de Setembre - Riu Anoia","code":"2375","kind":"stop","lines":",tmb-bus:65,"},"geometry":{"type":"Point","coordinates":[2.08204,41.31813]}},{"type":"Feature","properties":{"name":"Policia Local","code":"1691","kind":"stop","lines":",tmb-bus:65,"},"geometry":{"type":"Point","coordinates":[2.08335,41.31747]}},{"type":"Feature","properties":{"name":"Antoni Martín i Sánchez","code":"821","kind":"stop","lines":",tmb-bus:65,"},"geometry":{"type":"Point","coordinates":[2.08497,41.31695]}},{"type":"Feature","properties":{"name":"Metro Parc Nou","code":"1384","kind":"stop","lines":",tmb-bus:65,"},"geometry":{"type":"Point","coordinates":[2.08762,41.3166]}},{"type":"Feature","properties":{"name":"CEM Julio Méndez","code":"1206","kind":"stop","lines":",tmb-bus:65,"},"geometry":{"type":"Point","coordinates":[2.09106,41.31613]}},{"type":"Feature","properties":{"name":"La Granja","code":"1044","kind":"stop","lines":",tmb-bus:65,"},"geometry":{"type":"Point","coordinates":[2.09129,41.31864]}},{"type":"Feature","properties":{"name":"Cèntric","code":"1155","kind":"stop","lines":",tmb-bus:65,"},"geometry":{"type":"Point","coordinates":[2.09355,41.32156]}},{"type":"Feature","properties":{"name":"Escola Bernat Metge","code":"3485","kind":"stop","lines":",tmb-bus:65,"},"geometry":{"type":"Point","coordinates":[2.09657,41.32265]}},{"type":"Feature","properties":{"name":"Escola Jacint Verdaguer","code":"3486","kind":"stop","lines":",tmb-bus:65,"},"geometry":{"type":"Point","coordinates":[2.09858,41.32346]}},{"type":"Feature","properties":{"name":"Ctra Marina - Av Verge de Montserrat","code":"3362","kind":"stop","lines":",tmb-bus:65,"},"geometry":{"type":"Point","coordinates":[2.09996,41.32731]}},{"type":"Feature","properties":{"name":"Plaça Roigé i Badia","code":"3488","kind":"stop","lines":",tmb-bus:65,"},"geometry":{"type":"Point","coordinates":[2.09856,41.3294]}},{"type":"Feature","properties":{"name":"Institut Illa dels Banyols","code":"3489","kind":"stop","lines":",tmb-bus:65,"},"geometry":{"type":"Point","coordinates":[2.10208,41.3311]}},{"type":"Feature","properties":{"name":"Av Paral·lel - Lleida - Final de trajecte","code":"1062","kind":"stop","lines":",tmb-bus:65,"},"geometry":{"type":"Point","coordinates":[2.15306,41.37483]}},{"type":"Feature","properties":{"name":"Institut Illa dels Banyols","code":"3301","kind":"stop","lines":",tmb-bus:65,"},"geometry":{"type":"Point","coordinates":[2.10202,41.33122]}},{"type":"Feature","properties":{"name":"Plaça Roigé i Badia","code":"3300","kind":"stop","lines":",tmb-bus:65,"},"geometry":{"type":"Point","coordinates":[2.0985,41.32922]}},{"type":"Feature","properties":{"name":"Ctra Marina - Av Verge de Montserrat","code":"3363","kind":"stop","lines":",tmb-bus:65,"},"geometry":{"type":"Point","coordinates":[2.09983,41.32725]}},{"type":"Feature","properties":{"name":"Escola Jacint Verdaguer","code":"3487","kind":"stop","lines":",tmb-bus:65,"},"geometry":{"type":"Point","coordinates":[2.09863,41.32359]}},{"type":"Feature","properties":{"name":"Escola Bernat Metge","code":"3441","kind":"stop","lines":",tmb-bus:65,"},"geometry":{"type":"Point","coordinates":[2.09575,41.32243]}},{"type":"Feature","properties":{"name":"Cèntric","code":"1153","kind":"stop","lines":",tmb-bus:65,"},"geometry":{"type":"Point","coordinates":[2.09347,41.32164]}},{"type":"Feature","properties":{"name":"Lleida - Av Remolar","code":"3503","kind":"stop","lines":",tmb-bus:65,"},"geometry":{"type":"Point","coordinates":[2.09064,41.32054]}},{"type":"Feature","properties":{"name":"Av Remolar - Av Onze de Setembre","code":"1043","kind":"stop","lines":",tmb-bus:65,"},"geometry":{"type":"Point","coordinates":[2.09041,41.31969]}},{"type":"Feature","properties":{"name":"La Granja","code":"585","kind":"stop","lines":",tmb-bus:65,"},"geometry":{"type":"Point","coordinates":[2.09162,41.31788]}},{"type":"Feature","properties":{"name":"Parc Nou","code":"1383","kind":"stop","lines":",tmb-bus:65,"},"geometry":{"type":"Point","coordinates":[2.09103,41.31629]}},{"type":"Feature","properties":{"name":"Metro Parc Nou","code":"1652","kind":"stop","lines":",tmb-bus:65,"},"geometry":{"type":"Point","coordinates":[2.08758,41.31675]}},{"type":"Feature","properties":{"name":"Riu Llobregat - Riu Túria","code":"1690","kind":"stop","lines":",tmb-bus:65,"},"geometry":{"type":"Point","coordinates":[2.08495,41.3171]}},{"type":"Feature","properties":{"name":"Policia Local","code":"1042","kind":"stop","lines":",tmb-bus:65,"},"geometry":{"type":"Point","coordinates":[2.08342,41.31763]}},{"type":"Feature","properties":{"name":"Av de l'Onze de Setembre - Roure","code":"2371","kind":"stop","lines":",tmb-bus:65,"},"geometry":{"type":"Point","coordinates":[2.08203,41.31833]}},{"type":"Feature","properties":{"name":"Ronda Sant Pere - Pl Catalunya - Final de trajecte","code":"1082","kind":"stop","lines":",tmb-bus:67,"},"geometry":{"type":"Point","coordinates":[2.17063,41.38828]}},{"type":"Feature","properties":{"name":"Diagonal - Pl Pius XII","code":"766","kind":"stop","lines":",tmb-bus:67,tmb-bus:175,"},"geometry":{"type":"Point","coordinates":[2.12262,41.38724]}},{"type":"Feature","properties":{"name":"Diagonal - Metro Zona Universitària","code":"2541","kind":"stop","lines":",tmb-bus:67,"},"geometry":{"type":"Point","coordinates":[2.11293,41.38478]}},{"type":"Feature","properties":{"name":"Diagonal - Manuel Ballbé","code":"250","kind":"stop","lines":",tmb-bus:67,"},"geometry":{"type":"Point","coordinates":[2.11002,41.38404]}},{"type":"Feature","properties":{"name":"Diagonal - Parc de Cervantes","code":"251","kind":"stop","lines":",tmb-bus:67,"},"geometry":{"type":"Point","coordinates":[2.10839,41.38363]}},{"type":"Feature","properties":{"name":"Av Cornellà, s/n","code":"8722","kind":"stop","lines":",tmb-bus:67,tmb-bus:68,tmb-bus:78,"},"geometry":{"type":"Point","coordinates":[2.08864,41.37699]}},{"type":"Feature","properties":{"name":"Av de Cornellà - St Francesc Xavier","code":"1411","kind":"stop","lines":",tmb-bus:67,tmb-bus:68,tmb-bus:78,"},"geometry":{"type":"Point","coordinates":[2.08474,41.3737]}},{"type":"Feature","properties":{"name":"Av de Cornellà - Milà i Pi","code":"644","kind":"stop","lines":",tmb-bus:67,tmb-bus:68,tmb-bus:78,"},"geometry":{"type":"Point","coordinates":[2.08293,41.37186]}},{"type":"Feature","properties":{"name":"Av de Cornellà - Gall","code":"645","kind":"stop","lines":",tmb-bus:67,tmb-bus:68,tmb-bus:78,"},"geometry":{"type":"Point","coordinates":[2.0808,41.36972]}},{"type":"Feature","properties":{"name":"Av de Sant Ildefons - Ctra d'Esplugues","code":"1203","kind":"stop","lines":",tmb-bus:67,"},"geometry":{"type":"Point","coordinates":[2.08028,41.36745]}},{"type":"Feature","properties":{"name":"Av de Sant Ildefons - Avet","code":"1202","kind":"stop","lines":",tmb-bus:67,tmb-bus:94,"},"geometry":{"type":"Point","coordinates":[2.08279,41.3655]}},{"type":"Feature","properties":{"name":"Av Sant Ildefons - Av República Argentina","code":"1655","kind":"stop","lines":",tmb-bus:67,tmb-bus:94,"},"geometry":{"type":"Point","coordinates":[2.08282,41.36277]}},{"type":"Feature","properties":{"name":"Av Sant Ildefons - Bruc","code":"1656","kind":"stop","lines":",tmb-bus:67,tmb-bus:94,"},"geometry":{"type":"Point","coordinates":[2.08082,41.36049]}},{"type":"Feature","properties":{"name":"Av del Parc - Pl Catalunya","code":"353","kind":"stop","lines":",tmb-bus:67,tmb-bus:94,"},"geometry":{"type":"Point","coordinates":[2.07724,41.35965]}},{"type":"Feature","properties":{"name":"Av del Parc - Ptge de Les Delícies","code":"354","kind":"stop","lines":",tmb-bus:67,tmb-bus:94,"},"geometry":{"type":"Point","coordinates":[2.07495,41.35939]}},{"type":"Feature","properties":{"name":"Av del Parc - Mossèn Joaquim Palet","code":"355","kind":"stop","lines":",tmb-bus:67,tmb-bus:94,"},"geometry":{"type":"Point","coordinates":[2.07294,41.35919]}},{"type":"Feature","properties":{"name":"<M> Cornellà Centre","code":"8479","kind":"stop","lines":",tmb-bus:67,tmb-bus:68,tmb-bus:95,"},"geometry":{"type":"Point","coordinates":[2.07063,41.35904]}},{"type":"Feature","properties":{"name":"Rubió i Ors - Pl Quatre Camins","code":"902","kind":"stop","lines":",tmb-bus:67,tmb-bus:68,"},"geometry":{"type":"Point","coordinates":[2.06679,41.35552]}},{"type":"Feature","properties":{"name":"Rubió i Ors - Camí Vell de Sant Boi","code":"903","kind":"stop","lines":",tmb-bus:67,tmb-bus:68,"},"geometry":{"type":"Point","coordinates":[2.06931,41.35312]}},{"type":"Feature","properties":{"name":"Rubió i Ors - Sant Isidre","code":"609","kind":"stop","lines":",tmb-bus:67,tmb-bus:68,"},"geometry":{"type":"Point","coordinates":[2.0736,41.35251]}},{"type":"Feature","properties":{"name":"Pl de la Llibertat","code":"3833","kind":"stop","lines":",tmb-bus:67,tmb-bus:68,"},"geometry":{"type":"Point","coordinates":[2.07585,41.35282]}},{"type":"Feature","properties":{"name":"Av de la Fama - Cornellà - Final de trajecte","code":"3830","kind":"stop","lines":",tmb-bus:67,"},"geometry":{"type":"Point","coordinates":[2.08155,41.353]}},{"type":"Feature","properties":{"name":"Ctra del Prat - Ctra de l'Hospitalet","code":"3832","kind":"stop","lines":",tmb-bus:67,tmb-bus:68,"},"geometry":{"type":"Point","coordinates":[2.0767,41.35278]}},{"type":"Feature","properties":{"name":"Ctra de L'Hospitalet - Av Fama","code":"597","kind":"stop","lines":",tmb-bus:67,tmb-bus:68,"},"geometry":{"type":"Point","coordinates":[2.07992,41.35382]}},{"type":"Feature","properties":{"name":"Av dels Alps - Tanatori","code":"357","kind":"stop","lines":",tmb-bus:67,tmb-bus:68,"},"geometry":{"type":"Point","coordinates":[2.07823,41.35505]}},{"type":"Feature","properties":{"name":"Av dels Alps - Ctra d'Esplugues","code":"358","kind":"stop","lines":",tmb-bus:67,tmb-bus:68,"},"geometry":{"type":"Point","coordinates":[2.07326,41.35643]}},{"type":"Feature","properties":{"name":"Ctra d'Esplugues - Catalunya","code":"3122","kind":"stop","lines":",tmb-bus:67,tmb-bus:68,tmb-bus:94,"},"geometry":{"type":"Point","coordinates":[2.07218,41.35862]}},{"type":"Feature","properties":{"name":"Av del Parc - Bellaterra","code":"1156","kind":"stop","lines":",tmb-bus:67,"},"geometry":{"type":"Point","coordinates":[2.07361,41.35893]}},{"type":"Feature","properties":{"name":"Av del Parc - Bonavista","code":"1157","kind":"stop","lines":",tmb-bus:67,"},"geometry":{"type":"Point","coordinates":[2.07626,41.35956]}},{"type":"Feature","properties":{"name":"La Miranda - Pl Catalunya","code":"642","kind":"stop","lines":",tmb-bus:67,tmb-bus:95,"},"geometry":{"type":"Point","coordinates":[2.07823,41.36002]}},{"type":"Feature","properties":{"name":"Av Sant Ildefons - Marfull","code":"1199","kind":"stop","lines":",tmb-bus:67,tmb-bus:95,"},"geometry":{"type":"Point","coordinates":[2.08117,41.36052]}},{"type":"Feature","properties":{"name":"Av Sant Ildefons - Dàlia","code":"1198","kind":"stop","lines":",tmb-bus:67,tmb-bus:95,"},"geometry":{"type":"Point","coordinates":[2.08236,41.36215]}},{"type":"Feature","properties":{"name":"Av de Sant Ildefons - Cirerer","code":"352","kind":"stop","lines":",tmb-bus:67,tmb-bus:95,"},"geometry":{"type":"Point","coordinates":[2.08307,41.36551]}},{"type":"Feature","properties":{"name":"Sant Ildefons, s/n","code":"8285","kind":"stop","lines":",tmb-bus:67,tmb-bus:95,"},"geometry":{"type":"Point","coordinates":[2.08084,41.3671]}},{"type":"Feature","properties":{"name":"Av de Cornellà - Montesa","code":"151","kind":"stop","lines":",tmb-bus:67,tmb-bus:68,tmb-bus:78,"},"geometry":{"type":"Point","coordinates":[2.08111,41.36964]}},{"type":"Feature","properties":{"name":"Av de Cornellà - Pl Sardana","code":"748","kind":"stop","lines":",tmb-bus:67,tmb-bus:68,tmb-bus:78,"},"geometry":{"type":"Point","coordinates":[2.08399,41.3726]}},{"type":"Feature","properties":{"name":"Av de Cornellà - 8 de Març","code":"1460","kind":"stop","lines":",tmb-bus:67,tmb-bus:68,tmb-bus:78,"},"geometry":{"type":"Point","coordinates":[2.08618,41.37484]}},{"type":"Feature","properties":{"name":"Av de Cornellà - Pont d'Esplugues","code":"1461","kind":"stop","lines":",tmb-bus:67,tmb-bus:68,tmb-bus:78,"},"geometry":{"type":"Point","coordinates":[2.08886,41.37682]}},{"type":"Feature","properties":{"name":"Diagonal - Complex Esportiu Universitari","code":"309","kind":"stop","lines":",tmb-bus:67,"},"geometry":{"type":"Point","coordinates":[2.10787,41.38327]}},{"type":"Feature","properties":{"name":"París - Enric Granados","code":"100","kind":"stop","lines":",tmb-bus:67,"},"geometry":{"type":"Point","coordinates":[2.15339,41.39368]}},{"type":"Feature","properties":{"name":"Ctra d'Esplugues - Pl Prat de la Riba","code":"3130","kind":"stop","lines":",tmb-bus:67,tmb-bus:68,tmb-bus:94,tmb-bus:95,"},"geometry":{"type":"Point","coordinates":[2.07267,41.3578]}},{"type":"Feature","properties":{"name":"Ctra d'Esplugues - Can Maragall","code":"659","kind":"stop","lines":",tmb-bus:67,tmb-bus:68,tmb-bus:95,"},"geometry":{"type":"Point","coordinates":[2.07168,41.35614]}},{"type":"Feature","properties":{"name":"Provença - Casanova - Final de trajecte","code":"3570","kind":"stop","lines":",tmb-bus:68,"},"geometry":{"type":"Point","coordinates":[2.15455,41.38957]}},{"type":"Feature","properties":{"name":"Via Augusta - Doctor Roux","code":"2287","kind":"stop","lines":",tmb-bus:68,"},"geometry":{"type":"Point","coordinates":[2.13127,41.39784]}},{"type":"Feature","properties":{"name":"Via Augusta - Anglí","code":"1572","kind":"stop","lines":",tmb-bus:68,"},"geometry":{"type":"Point","coordinates":[2.1292,41.39783]}},{"type":"Feature","properties":{"name":"Hospital Sant Joan de Déu","code":"3753","kind":"stop","lines":",tmb-bus:68,tmb-bus:78,"},"geometry":{"type":"Point","coordinates":[2.10124,41.38361]}},{"type":"Feature","properties":{"name":"Juan de la Cierva - Pau Casals","code":"3752","kind":"stop","lines":",tmb-bus:68,tmb-bus:78,"},"geometry":{"type":"Point","coordinates":[2.09971,41.38364]}},{"type":"Feature","properties":{"name":"Juan de la Cierva - Av Jacint Esteva Fontanet","code":"3751","kind":"stop","lines":",tmb-bus:68,tmb-bus:78,"},"geometry":{"type":"Point","coordinates":[2.09654,41.38298]}},{"type":"Feature","properties":{"name":"Ctra d'Esplugues - Oliverar","code":"1197","kind":"stop","lines":",tmb-bus:68,tmb-bus:95,"},"geometry":{"type":"Point","coordinates":[2.07783,41.36665]}},{"type":"Feature","properties":{"name":"Ctra d'Esplugues - Feliu i Codina","code":"1653","kind":"stop","lines":",tmb-bus:68,tmb-bus:95,"},"geometry":{"type":"Point","coordinates":[2.07491,41.36369]}},{"type":"Feature","properties":{"name":"Ctra d'Esplugues - Torras i Bages","code":"1654","kind":"stop","lines":",tmb-bus:68,tmb-bus:95,"},"geometry":{"type":"Point","coordinates":[2.07243,41.36117]}},{"type":"Feature","properties":{"name":"Av de la Fama - Cornellà - Final de trajecte","code":"3831","kind":"stop","lines":",tmb-bus:68,"},"geometry":{"type":"Point","coordinates":[2.08142,41.3532]}},{"type":"Feature","properties":{"name":"Ctra d'Esplugues - La Miranda","code":"1200","kind":"stop","lines":",tmb-bus:68,tmb-bus:94,"},"geometry":{"type":"Point","coordinates":[2.07278,41.36114]}},{"type":"Feature","properties":{"name":"Ctra d'Esplugues - Pl del Sol","code":"1201","kind":"stop","lines":",tmb-bus:68,tmb-bus:94,"},"geometry":{"type":"Point","coordinates":[2.07595,41.3644]}},{"type":"Feature","properties":{"name":"Ctra d'Esplugues - Les Garrigues","code":"643","kind":"stop","lines":",tmb-bus:68,tmb-bus:94,"},"geometry":{"type":"Point","coordinates":[2.07906,41.36759]}},{"type":"Feature","properties":{"name":"Av d'Ahrensburg - Av Jacint Esteva Fontanet","code":"3725","kind":"stop","lines":",tmb-bus:68,tmb-bus:78,"},"geometry":{"type":"Point","coordinates":[2.09794,41.38221]}},{"type":"Feature","properties":{"name":"Hospital Sant Joan de Déu","code":"3724","kind":"stop","lines":",tmb-bus:68,tmb-bus:78,"},"geometry":{"type":"Point","coordinates":[2.10151,41.38357]}},{"type":"Feature","properties":{"name":"Via Augusta - Pl Orient","code":"522","kind":"stop","lines":",tmb-bus:68,"},"geometry":{"type":"Point","coordinates":[2.12886,41.39769]}},{"type":"Feature","properties":{"name":"Via Augusta - Alt de Gironella","code":"528","kind":"stop","lines":",tmb-bus:68,"},"geometry":{"type":"Point","coordinates":[2.13368,41.3977]}},{"type":"Feature","properties":{"name":"Via Augusta - Ganduxer","code":"1528","kind":"stop","lines":",tmb-bus:68,"},"geometry":{"type":"Point","coordinates":[2.13585,41.39771]}},{"type":"Feature","properties":{"name":"Badal - Canalejas - Final de trajecte","code":"160","kind":"stop","lines":",tmb-bus:70,"},"geometry":{"type":"Point","coordinates":[2.13104,41.37349]}},{"type":"Feature","properties":{"name":"Badal - Sants","code":"1362","kind":"stop","lines":",tmb-bus:70,"},"geometry":{"type":"Point","coordinates":[2.13078,41.37522]}},{"type":"Feature","properties":{"name":"Rambla del Brasil - Miquel Àngel","code":"857","kind":"stop","lines":",tmb-bus:70,"},"geometry":{"type":"Point","coordinates":[2.13009,41.37733]}},{"type":"Feature","properties":{"name":"Gran Via Carles III - Av Madrid","code":"1379","kind":"stop","lines":",tmb-bus:70,tmb-bus:175,"},"geometry":{"type":"Point","coordinates":[2.12923,41.37998]}},{"type":"Feature","properties":{"name":"Ganduxer - Via Augusta","code":"2625","kind":"stop","lines":",tmb-bus:70,"},"geometry":{"type":"Point","coordinates":[2.1349,41.39847]}},{"type":"Feature","properties":{"name":"Mandri, 41","code":"8728","kind":"stop","lines":",tmb-bus:70,"},"geometry":{"type":"Point","coordinates":[2.13307,41.40384]}},{"type":"Feature","properties":{"name":"Capità Arenas - Pg Manuel Girona","code":"866","kind":"stop","lines":",tmb-bus:70,"},"geometry":{"type":"Point","coordinates":[2.12578,41.39084]}},{"type":"Feature","properties":{"name":"Rambla del Brasil - Violant d'Hongria","code":"1363","kind":"stop","lines":",tmb-bus:70,"},"geometry":{"type":"Point","coordinates":[2.12899,41.37889]}},{"type":"Feature","properties":{"name":"Rambla del Brasil - Roger","code":"1970","kind":"stop","lines":",tmb-bus:70,"},"geometry":{"type":"Point","coordinates":[2.12959,41.37727]}},{"type":"Feature","properties":{"name":"Badal - Casteràs","code":"161","kind":"stop","lines":",tmb-bus:70,"},"geometry":{"type":"Point","coordinates":[2.13046,41.37505]}},{"type":"Feature","properties":{"name":"St Genís dels Agudells - Natzaret - Final trajecte","code":"29","kind":"stop","lines":",tmb-bus:76,"},"geometry":{"type":"Point","coordinates":[2.13805,41.4292]}},{"type":"Feature","properties":{"name":"Av l'Alzinar - Transversal","code":"1761","kind":"stop","lines":",tmb-bus:76,tmb-bus:97,"},"geometry":{"type":"Point","coordinates":[2.18277,41.46163]}},{"type":"Feature","properties":{"name":"Av l'Alzinar - Tapioles","code":"3098","kind":"stop","lines":",tmb-bus:76,tmb-bus:97,"},"geometry":{"type":"Point","coordinates":[2.18364,41.46297]}},{"type":"Feature","properties":{"name":"Castelldefels - Llerona","code":"3460","kind":"stop","lines":",tmb-bus:76,"},"geometry":{"type":"Point","coordinates":[2.18162,41.45971]}},{"type":"Feature","properties":{"name":"Escolapi Càncer - Metro Torre Baró/Vallbona","code":"3092","kind":"stop","lines":",tmb-bus:76,tmb-bus:180,"},"geometry":{"type":"Point","coordinates":[2.18045,41.45884]}},{"type":"Feature","properties":{"name":"Petúnies - Circumval·lació - Final de trajecte","code":"2623","kind":"stop","lines":",tmb-bus:76,"},"geometry":{"type":"Point","coordinates":[2.17149,41.46314]}},{"type":"Feature","properties":{"name":"Vallcivera - Av Rasos de Peguera","code":"3604","kind":"stop","lines":",tmb-bus:76,tmb-bus:104,tmb-bus:183,"},"geometry":{"type":"Point","coordinates":[2.17598,41.45958]}},{"type":"Feature","properties":{"name":"Onze de Setembre - Pg del Canal - Final trajecte","code":"3431","kind":"stop","lines":",tmb-bus:78,"},"geometry":{"type":"Point","coordinates":[2.04758,41.37601]}},{"type":"Feature","properties":{"name":"Major - Onze de Setembre","code":"3432","kind":"stop","lines":",tmb-bus:78,"},"geometry":{"type":"Point","coordinates":[2.04617,41.37438]}},{"type":"Feature","properties":{"name":"Major - Benzinera","code":"3433","kind":"stop","lines":",tmb-bus:78,"},"geometry":{"type":"Point","coordinates":[2.05032,41.37057]}},{"type":"Feature","properties":{"name":"Major - Creu d'en Muntaner","code":"3434","kind":"stop","lines":",tmb-bus:78,"},"geometry":{"type":"Point","coordinates":[2.05285,41.36876]}},{"type":"Feature","properties":{"name":"Rambla Josep M Jujol - Riera d'en Nofre","code":"2247","kind":"stop","lines":",tmb-bus:78,"},"geometry":{"type":"Point","coordinates":[2.05147,41.36746]}},{"type":"Feature","properties":{"name":"Pl de la Ciutat Gegantera","code":"2274","kind":"stop","lines":",tmb-bus:78,"},"geometry":{"type":"Point","coordinates":[2.05435,41.36439]}},{"type":"Feature","properties":{"name":"Rambla Josep M Jujol - Montjuïc","code":"2273","kind":"stop","lines":",tmb-bus:78,"},"geometry":{"type":"Point","coordinates":[2.05673,41.36243]}},{"type":"Feature","properties":{"name":"Av Barcelona - Major","code":"2667","kind":"stop","lines":",tmb-bus:78,"},"geometry":{"type":"Point","coordinates":[2.05833,41.36339]}},{"type":"Feature","properties":{"name":"Av Barcelona - Rius i Taulet","code":"2248","kind":"stop","lines":",tmb-bus:78,"},"geometry":{"type":"Point","coordinates":[2.06074,41.36675]}},{"type":"Feature","properties":{"name":"Poliesportiu Francesc Calvet","code":"904","kind":"stop","lines":",tmb-bus:78,"},"geometry":{"type":"Point","coordinates":[2.06425,41.36787]}},{"type":"Feature","properties":{"name":"Av Barcelona - Mare de Déu de Montserrat","code":"536","kind":"stop","lines":",tmb-bus:78,"},"geometry":{"type":"Point","coordinates":[2.06786,41.36808]}},{"type":"Feature","properties":{"name":"Av Barcelona - Mare de Déu de la Mercè","code":"1657","kind":"stop","lines":",tmb-bus:78,"},"geometry":{"type":"Point","coordinates":[2.07064,41.36851]}},{"type":"Feature","properties":{"name":"St Martí de l'Erm - Zona Esportiva Fontsanta","code":"1485","kind":"stop","lines":",tmb-bus:78,"},"geometry":{"type":"Point","coordinates":[2.06989,41.37155]}},{"type":"Feature","properties":{"name":"Fructuós Gelabert - Sant Martí de l'Erm","code":"632","kind":"stop","lines":",tmb-bus:78,"},"geometry":{"type":"Point","coordinates":[2.06743,41.37278]}},{"type":"Feature","properties":{"name":"Estudis TV3","code":"1486","kind":"stop","lines":",tmb-bus:78,"},"geometry":{"type":"Point","coordinates":[2.06901,41.37336]}},{"type":"Feature","properties":{"name":"Hospital Moisès Broggi","code":"3135","kind":"stop","lines":",tmb-bus:78,"},"geometry":{"type":"Point","coordinates":[2.0713,41.37376]}},{"type":"Feature","properties":{"name":"Av Baix Llobregat - Oriol Martorell","code":"3136","kind":"stop","lines":",tmb-bus:78,"},"geometry":{"type":"Point","coordinates":[2.07361,41.37386]}},{"type":"Feature","properties":{"name":"Av Baix Llobregat - Av Barcelona","code":"2635","kind":"stop","lines":",tmb-bus:78,"},"geometry":{"type":"Point","coordinates":[2.07619,41.37183]}},{"type":"Feature","properties":{"name":"Av Baix Llobregat - Cirerers","code":"2637","kind":"stop","lines":",tmb-bus:78,"},"geometry":{"type":"Point","coordinates":[2.07914,41.36952]}},{"type":"Feature","properties":{"name":"Pl Joan Peiró - Estació de Sants - Final trajecte","code":"3877","kind":"stop","lines":",tmb-bus:78,"},"geometry":{"type":"Point","coordinates":[2.13933,41.37812]}},{"type":"Feature","properties":{"name":"Av Baix Llobregat - Enric Granados","code":"2638","kind":"stop","lines":",tmb-bus:78,"},"geometry":{"type":"Point","coordinates":[2.07869,41.37018]}},{"type":"Feature","properties":{"name":"Av Baix Llobregat - Àngel Guimerà","code":"2636","kind":"stop","lines":",tmb-bus:78,"},"geometry":{"type":"Point","coordinates":[2.07709,41.3715]}},{"type":"Feature","properties":{"name":"Av Baix Llobregat - St Martí de l'Erm","code":"1919","kind":"stop","lines":",tmb-bus:78,tmb-bus:157,"},"geometry":{"type":"Point","coordinates":[2.07397,41.37377]}},{"type":"Feature","properties":{"name":"Hospital Moisès Broggi","code":"1633","kind":"stop","lines":",tmb-bus:78,tmb-bus:157,"},"geometry":{"type":"Point","coordinates":[2.07146,41.37398]}},{"type":"Feature","properties":{"name":"Estudis TV3","code":"470","kind":"stop","lines":",tmb-bus:78,"},"geometry":{"type":"Point","coordinates":[2.06866,41.37348]}},{"type":"Feature","properties":{"name":"Fructuós Gelabert - Oriol Martorell","code":"1739","kind":"stop","lines":",tmb-bus:78,"},"geometry":{"type":"Point","coordinates":[2.0673,41.37276]}},{"type":"Feature","properties":{"name":"St Martí de l'Erm - Zona Esportiva Fontsanta","code":"1658","kind":"stop","lines":",tmb-bus:78,"},"geometry":{"type":"Point","coordinates":[2.07008,41.37141]}},{"type":"Feature","properties":{"name":"Centre Miquel Martí i Pol","code":"276","kind":"stop","lines":",tmb-bus:78,"},"geometry":{"type":"Point","coordinates":[2.07142,41.36888]}},{"type":"Feature","properties":{"name":"Av Barcelona - Gran Capità","code":"537","kind":"stop","lines":",tmb-bus:78,"},"geometry":{"type":"Point","coordinates":[2.06766,41.36816]}},{"type":"Feature","properties":{"name":"Poliesportiu Francesc Calvet","code":"1737","kind":"stop","lines":",tmb-bus:78,"},"geometry":{"type":"Point","coordinates":[2.06402,41.36798]}},{"type":"Feature","properties":{"name":"Av Barcelona - Francesc Macià","code":"1102","kind":"stop","lines":",tmb-bus:78,"},"geometry":{"type":"Point","coordinates":[2.06038,41.36654]}},{"type":"Feature","properties":{"name":"Av Barcelona - Bon Viatge","code":"2271","kind":"stop","lines":",tmb-bus:78,"},"geometry":{"type":"Point","coordinates":[2.05873,41.36476]}},{"type":"Feature","properties":{"name":"Major - Montjuïc","code":"2276","kind":"stop","lines":",tmb-bus:78,"},"geometry":{"type":"Point","coordinates":[2.05707,41.36479]}},{"type":"Feature","properties":{"name":"Major - Mercat","code":"2275","kind":"stop","lines":",tmb-bus:78,"},"geometry":{"type":"Point","coordinates":[2.05493,41.36687]}},{"type":"Feature","properties":{"name":"Major - Riera d'en Nofre","code":"3428","kind":"stop","lines":",tmb-bus:78,"},"geometry":{"type":"Point","coordinates":[2.05287,41.36886]}},{"type":"Feature","properties":{"name":"Major - Benzinera","code":"3429","kind":"stop","lines":",tmb-bus:78,"},"geometry":{"type":"Point","coordinates":[2.05041,41.37059]}},{"type":"Feature","properties":{"name":"Major - Onze de Setembre","code":"3430","kind":"stop","lines":",tmb-bus:78,"},"geometry":{"type":"Point","coordinates":[2.04626,41.37444]}},{"type":"Feature","properties":{"name":"Manso - Calàbria - Final de trajecte","code":"3561","kind":"stop","lines":",tmb-bus:91,"},"geometry":{"type":"Point","coordinates":[2.1603,41.37653]}},{"type":"Feature","properties":{"name":"Ctra Bordeta - Gran Via","code":"3869","kind":"stop","lines":",tmb-bus:91,"},"geometry":{"type":"Point","coordinates":[2.14709,41.37399]}},{"type":"Feature","properties":{"name":"Ctra de la Bordeta - Àliga","code":"908","kind":"stop","lines":",tmb-bus:91,"},"geometry":{"type":"Point","coordinates":[2.14392,41.37319]}},{"type":"Feature","properties":{"name":"Magòria","code":"2836","kind":"stop","lines":",tmb-bus:91,tmb-bus:115,"},"geometry":{"type":"Point","coordinates":[2.14171,41.36964]}},{"type":"Feature","properties":{"name":"La Campana","code":"3810","kind":"stop","lines":",tmb-bus:91,"},"geometry":{"type":"Point","coordinates":[2.13902,41.36762]}},{"type":"Feature","properties":{"name":"Constitució - Riera de Tena","code":"1848","kind":"stop","lines":",tmb-bus:91,tmb-bus:115,"},"geometry":{"type":"Point","coordinates":[2.13459,41.36952]}},{"type":"Feature","properties":{"name":"Constitució - Mossèn Amadeu Oller","code":"1057","kind":"stop","lines":",tmb-bus:91,"},"geometry":{"type":"Point","coordinates":[2.13775,41.36993]}},{"type":"Feature","properties":{"name":"Gavà - Ptge Solsona","code":"909","kind":"stop","lines":",tmb-bus:91,"},"geometry":{"type":"Point","coordinates":[2.13999,41.37113]}},{"type":"Feature","properties":{"name":"Sant Pere d'Abanto - Moianès","code":"571","kind":"stop","lines":",tmb-bus:91,"},"geometry":{"type":"Point","coordinates":[2.14297,41.37172]}},{"type":"Feature","properties":{"name":"Av St Ferran - Marià Fortuny","code":"3124","kind":"stop","lines":",tmb-bus:94,"},"geometry":{"type":"Point","coordinates":[2.08465,41.35353]}},{"type":"Feature","properties":{"name":"Tirso de Molina - Av St Ferran","code":"3114","kind":"stop","lines":",tmb-bus:94,"},"geometry":{"type":"Point","coordinates":[2.08543,41.35174]}},{"type":"Feature","properties":{"name":"Tirso de Molina - Av de la Fama","code":"3115","kind":"stop","lines":",tmb-bus:94,"},"geometry":{"type":"Point","coordinates":[2.08138,41.35043]}},{"type":"Feature","properties":{"name":"Av Baix Llobregat - Joan Fiveller","code":"3116","kind":"stop","lines":",tmb-bus:94,"},"geometry":{"type":"Point","coordinates":[2.07582,41.34955]}},{"type":"Feature","properties":{"name":"Av Baix Llobregat - Ptge Francesc Layret","code":"3117","kind":"stop","lines":",tmb-bus:94,"},"geometry":{"type":"Point","coordinates":[2.07084,41.35027]}},{"type":"Feature","properties":{"name":"Av Baix Llobregat - Miguel de Roncali","code":"3118","kind":"stop","lines":",tmb-bus:94,"},"geometry":{"type":"Point","coordinates":[2.0652,41.35325]}},{"type":"Feature","properties":{"name":"Ctra de St Boi - Campoamor","code":"3119","kind":"stop","lines":",tmb-bus:94,"},"geometry":{"type":"Point","coordinates":[2.06453,41.35534]}},{"type":"Feature","properties":{"name":"Ctra. Esplugues, 14","code":"8503","kind":"stop","lines":",tmb-bus:94,"},"geometry":{"type":"Point","coordinates":[2.06834,41.35671]}},{"type":"Feature","properties":{"name":"Av dels Alps - Ctra d'Esplugues","code":"3121","kind":"stop","lines":",tmb-bus:94,"},"geometry":{"type":"Point","coordinates":[2.07412,41.35577]}},{"type":"Feature","properties":{"name":"Av dels Alps - Tanatori","code":"3673","kind":"stop","lines":",tmb-bus:94,"},"geometry":{"type":"Point","coordinates":[2.07779,41.35493]}},{"type":"Feature","properties":{"name":"Ctra de l'Hospitalet - Vallès","code":"3123","kind":"stop","lines":",tmb-bus:94,"},"geometry":{"type":"Point","coordinates":[2.08334,41.35512]}},{"type":"Feature","properties":{"name":"Pl de l'Església","code":"3120","kind":"stop","lines":",tmb-bus:94,"},"geometry":{"type":"Point","coordinates":[2.07005,41.35621]}},{"type":"Feature","properties":{"name":"Ctra d'Esplugues - Rbla Anselm Clavé","code":"3131","kind":"stop","lines":",tmb-bus:94,"},"geometry":{"type":"Point","coordinates":[2.07188,41.3561]}},{"type":"Feature","properties":{"name":"Av Pablo Picasso - Salvador Dalí","code":"1975","kind":"stop","lines":",tmb-bus:95,"},"geometry":{"type":"Point","coordinates":[2.08774,41.35401]}},{"type":"Feature","properties":{"name":"Parc de Can Mercader","code":"598","kind":"stop","lines":",tmb-bus:95,"},"geometry":{"type":"Point","coordinates":[2.08453,41.35578]}},{"type":"Feature","properties":{"name":"Anoia - Arquitecte Calzada","code":"3037","kind":"stop","lines":",tmb-bus:95,"},"geometry":{"type":"Point","coordinates":[2.0781,41.35783]}},{"type":"Feature","properties":{"name":"Metro Sant Ildefons","code":"3435","kind":"stop","lines":",tmb-bus:95,"},"geometry":{"type":"Point","coordinates":[2.08366,41.36359]}},{"type":"Feature","properties":{"name":"Av Can Corts - Ctra d'Esplugues","code":"1018","kind":"stop","lines":",tmb-bus:95,"},"geometry":{"type":"Point","coordinates":[2.06828,41.35749]}},{"type":"Feature","properties":{"name":"Av Can Corts - Merçè Rodoreda","code":"2254","kind":"stop","lines":",tmb-bus:95,"},"geometry":{"type":"Point","coordinates":[2.06491,41.36139]}},{"type":"Feature","properties":{"name":"Montserrat Roig - Lleó Fontova","code":"64","kind":"stop","lines":",tmb-bus:95,"},"geometry":{"type":"Point","coordinates":[2.06177,41.36276]}},{"type":"Feature","properties":{"name":"Penedès - Priorat","code":"2203","kind":"stop","lines":",tmb-bus:95,"},"geometry":{"type":"Point","coordinates":[2.06046,41.36036]}},{"type":"Feature","properties":{"name":"Ctra de St Joan Despí - Terra Alta","code":"3138","kind":"stop","lines":",tmb-bus:95,"},"geometry":{"type":"Point","coordinates":[2.06243,41.36]}},{"type":"Feature","properties":{"name":"Ctra de St Joan Despí - Ctra de St Boi","code":"3137","kind":"stop","lines":",tmb-bus:95,"},"geometry":{"type":"Point","coordinates":[2.06572,41.35688]}},{"type":"Feature","properties":{"name":"Ctra de St Boi - Pl Quatre Camins","code":"3040","kind":"stop","lines":",tmb-bus:95,"},"geometry":{"type":"Point","coordinates":[2.06463,41.35555]}},{"type":"Feature","properties":{"name":"Av del Baix Llobregat - Miquel Roncali","code":"3033","kind":"stop","lines":",tmb-bus:95,"},"geometry":{"type":"Point","coordinates":[2.06501,41.35328]}},{"type":"Feature","properties":{"name":"Av del Baix Llobregat - Verge de Montserrat","code":"3034","kind":"stop","lines":",tmb-bus:95,"},"geometry":{"type":"Point","coordinates":[2.07046,41.35029]}},{"type":"Feature","properties":{"name":"Av del Baix Llobregat - Fivaller","code":"3035","kind":"stop","lines":",tmb-bus:95,"},"geometry":{"type":"Point","coordinates":[2.07623,41.34939]}},{"type":"Feature","properties":{"name":"Av de la Fama - Tirso de Molina","code":"893","kind":"stop","lines":",tmb-bus:95,"},"geometry":{"type":"Point","coordinates":[2.08324,41.3504]}},{"type":"Feature","properties":{"name":"Av Maresme - Av de la Fama","code":"1728","kind":"stop","lines":",tmb-bus:95,"},"geometry":{"type":"Point","coordinates":[2.08702,41.34969]}},{"type":"Feature","properties":{"name":"Av Pablo Picasso - Av del Maresme","code":"3036","kind":"stop","lines":",tmb-bus:95,"},"geometry":{"type":"Point","coordinates":[2.08877,41.3523]}},{"type":"Feature","properties":{"name":"Juan de Garay, 116","code":"9968","kind":"stop","lines":",tmb-bus:96,"},"geometry":{"type":"Point","coordinates":[2.18574,41.4226]}},{"type":"Feature","properties":{"name":"Meridiana - Ctra de Ribes","code":"1709","kind":"stop","lines":",tmb-bus:96,tmb-bus:97,tmb-bus:104,"},"geometry":{"type":"Point","coordinates":[2.18885,41.4499]}},{"type":"Feature","properties":{"name":"Ctra C-17 - Bifurcació","code":"115","kind":"stop","lines":",tmb-bus:96,tmb-bus:138,"},"geometry":{"type":"Point","coordinates":[2.17899,41.46707]}},{"type":"Feature","properties":{"name":"Vinyes - Pont","code":"116","kind":"stop","lines":",tmb-bus:96,tmb-bus:138,"},"geometry":{"type":"Point","coordinates":[2.18079,41.46916]}},{"type":"Feature","properties":{"name":"Pl del Bosc","code":"111","kind":"stop","lines":",tmb-bus:96,tmb-bus:138,"},"geometry":{"type":"Point","coordinates":[2.18391,41.46959]}},{"type":"Feature","properties":{"name":"Mina - Molí","code":"1457","kind":"stop","lines":",tmb-bus:96,tmb-bus:138,"},"geometry":{"type":"Point","coordinates":[2.18415,41.47225]}},{"type":"Feature","properties":{"name":"Av de la Ribera - Llevant","code":"1552","kind":"stop","lines":",tmb-bus:96,tmb-bus:138,"},"geometry":{"type":"Point","coordinates":[2.1891,41.47687]}},{"type":"Feature","properties":{"name":"Av de la Ribera - Larramendi","code":"3414","kind":"stop","lines":",tmb-bus:96,tmb-bus:138,"},"geometry":{"type":"Point","coordinates":[2.18994,41.48028]}},{"type":"Feature","properties":{"name":"Jaume I - Clavell","code":"3925","kind":"stop","lines":",tmb-bus:96,tmb-bus:138,"},"geometry":{"type":"Point","coordinates":[2.18911,41.48241]}},{"type":"Feature","properties":{"name":"Av de la Ribera - Mercat Municipal","code":"638","kind":"stop","lines":",tmb-bus:96,tmb-bus:138,"},"geometry":{"type":"Point","coordinates":[2.19097,41.48499]}},{"type":"Feature","properties":{"name":"Av Mossèn Joaquim Castellví - Barcelona","code":"1715","kind":"stop","lines":",tmb-bus:96,tmb-bus:138,"},"geometry":{"type":"Point","coordinates":[2.18777,41.48764]}},{"type":"Feature","properties":{"name":"Rambla dels Països Catalans - Torras i Bages","code":"1716","kind":"stop","lines":",tmb-bus:96,tmb-bus:138,"},"geometry":{"type":"Point","coordinates":[2.18689,41.48939]}},{"type":"Feature","properties":{"name":"Rambla dels Països Catalans - Pl Espanya","code":"1717","kind":"stop","lines":",tmb-bus:96,"},"geometry":{"type":"Point","coordinates":[2.18546,41.49129]}},{"type":"Feature","properties":{"name":"Anselm Clavé - Av Catalunya","code":"1213","kind":"stop","lines":",tmb-bus:96,tmb-bus:138,"},"geometry":{"type":"Point","coordinates":[2.18339,41.49214]}},{"type":"Feature","properties":{"name":"Av Catalunya - Serra d'Or","code":"1452","kind":"stop","lines":",tmb-bus:96,tmb-bus:138,"},"geometry":{"type":"Point","coordinates":[2.18234,41.49395]}},{"type":"Feature","properties":{"name":"Av Catalunya - Puigcerdà","code":"594","kind":"stop","lines":",tmb-bus:96,tmb-bus:138,"},"geometry":{"type":"Point","coordinates":[2.18346,41.49599]}},{"type":"Feature","properties":{"name":"Av Catalunya - Estanislau Abadal","code":"3147","kind":"stop","lines":",tmb-bus:96,tmb-bus:138,"},"geometry":{"type":"Point","coordinates":[2.18456,41.49801]}},{"type":"Feature","properties":{"name":"Av Europa - Victòria dels Àngels","code":"3778","kind":"stop","lines":",tmb-bus:96,tmb-bus:138,"},"geometry":{"type":"Point","coordinates":[2.18104,41.49921]}},{"type":"Feature","properties":{"name":"Joan Miró - Camí de Can Cabanyes","code":"3151","kind":"stop","lines":",tmb-bus:96,"},"geometry":{"type":"Point","coordinates":[2.17829,41.49753]}},{"type":"Feature","properties":{"name":"Joan Miró - Consell de Cent","code":"3277","kind":"stop","lines":",tmb-bus:96,tmb-bus:138,"},"geometry":{"type":"Point","coordinates":[2.17734,41.49501]}},{"type":"Feature","properties":{"name":"Pg Sant Jordi - Pau Casals","code":"2806","kind":"stop","lines":",tmb-bus:96,tmb-bus:137,tmb-bus:138,"},"geometry":{"type":"Point","coordinates":[2.17898,41.49402]}},{"type":"Feature","properties":{"name":"Pg de St Jordi - Tagamanent","code":"3272","kind":"stop","lines":",tmb-bus:96,tmb-bus:137,tmb-bus:138,"},"geometry":{"type":"Point","coordinates":[2.18104,41.49391]}},{"type":"Feature","properties":{"name":"Ctra BV 1411 - Tagamanent","code":"3155","kind":"stop","lines":",tmb-bus:96,tmb-bus:137,tmb-bus:138,"},"geometry":{"type":"Point","coordinates":[2.18086,41.49308]}},{"type":"Feature","properties":{"name":"Ctra BV 1411 - Pau Casals","code":"2408","kind":"stop","lines":",tmb-bus:96,tmb-bus:137,tmb-bus:138,"},"geometry":{"type":"Point","coordinates":[2.17804,41.49322]}},{"type":"Feature","properties":{"name":"Bach - Joan Miró - Final de trajecte","code":"3776","kind":"stop","lines":",tmb-bus:96,"},"geometry":{"type":"Point","coordinates":[2.17748,41.49295]}},{"type":"Feature","properties":{"name":"Bach - Pg St Jordi","code":"3157","kind":"stop","lines":",tmb-bus:96,"},"geometry":{"type":"Point","coordinates":[2.17747,41.494]}},{"type":"Feature","properties":{"name":"Joan Miró - Av Europa","code":"3271","kind":"stop","lines":",tmb-bus:96,"},"geometry":{"type":"Point","coordinates":[2.17771,41.49637]}},{"type":"Feature","properties":{"name":"Joan Miró - Salvador Dalí","code":"3273","kind":"stop","lines":",tmb-bus:96,"},"geometry":{"type":"Point","coordinates":[2.17851,41.49755]}},{"type":"Feature","properties":{"name":"Joan Miró - Victòria dels Àngels","code":"3274","kind":"stop","lines":",tmb-bus:96,"},"geometry":{"type":"Point","coordinates":[2.18029,41.49973]}},{"type":"Feature","properties":{"name":"Av Catalunya - Frederic Mompou","code":"3182","kind":"stop","lines":",tmb-bus:96,tmb-bus:137,"},"geometry":{"type":"Point","coordinates":[2.18472,41.49853]}},{"type":"Feature","properties":{"name":"Av Catalunya - Ramón y Cajal","code":"3148","kind":"stop","lines":",tmb-bus:96,"},"geometry":{"type":"Point","coordinates":[2.18404,41.49727]}},{"type":"Feature","properties":{"name":"Av Catalunya - Àngel Guimerà","code":"372","kind":"stop","lines":",tmb-bus:96,tmb-bus:137,"},"geometry":{"type":"Point","coordinates":[2.1834,41.49607]}},{"type":"Feature","properties":{"name":"Av Catalunya - Sol","code":"747","kind":"stop","lines":",tmb-bus:96,tmb-bus:137,"},"geometry":{"type":"Point","coordinates":[2.1821,41.49375]}},{"type":"Feature","properties":{"name":"Anselm Clavé - Pl Espanya","code":"1719","kind":"stop","lines":",tmb-bus:96,tmb-bus:137,"},"geometry":{"type":"Point","coordinates":[2.18373,41.49195]}},{"type":"Feature","properties":{"name":"Rambla dels Països Catalans - Ptge Formentera","code":"152","kind":"stop","lines":",tmb-bus:96,"},"geometry":{"type":"Point","coordinates":[2.18506,41.49138]}},{"type":"Feature","properties":{"name":"Rambla dels Països Catalans - Torras i Bages","code":"640","kind":"stop","lines":",tmb-bus:96,"},"geometry":{"type":"Point","coordinates":[2.18671,41.48937]}},{"type":"Feature","properties":{"name":"Av Mossèn Joaquim Castellví - Rbla Països Catalans","code":"639","kind":"stop","lines":",tmb-bus:96,tmb-bus:137,"},"geometry":{"type":"Point","coordinates":[2.1883,41.48751]}},{"type":"Feature","properties":{"name":"Av de la Ribera - Pg Rocamora","code":"742","kind":"stop","lines":",tmb-bus:96,tmb-bus:137,"},"geometry":{"type":"Point","coordinates":[2.19084,41.48481]}},{"type":"Feature","properties":{"name":"Jaume I - Pl Lluís Companys","code":"1145","kind":"stop","lines":",tmb-bus:96,tmb-bus:137,"},"geometry":{"type":"Point","coordinates":[2.1886,41.48208]}},{"type":"Feature","properties":{"name":"Provença - Larramendi","code":"3413","kind":"stop","lines":",tmb-bus:96,tmb-bus:137,"},"geometry":{"type":"Point","coordinates":[2.18881,41.47959]}},{"type":"Feature","properties":{"name":"Av de la Ribera - Pl de la Ribera","code":"117","kind":"stop","lines":",tmb-bus:96,tmb-bus:137,"},"geometry":{"type":"Point","coordinates":[2.189,41.4768]}},{"type":"Feature","properties":{"name":"Bifurcació - del Molí","code":"112","kind":"stop","lines":",tmb-bus:96,tmb-bus:137,"},"geometry":{"type":"Point","coordinates":[2.18342,41.47181]}},{"type":"Feature","properties":{"name":"Bifurcació - Pl Sant Joan","code":"113","kind":"stop","lines":",tmb-bus:96,tmb-bus:137,"},"geometry":{"type":"Point","coordinates":[2.18087,41.46962]}},{"type":"Feature","properties":{"name":"Bifurcació - Ctra C-17","code":"114","kind":"stop","lines":",tmb-bus:96,tmb-bus:137,"},"geometry":{"type":"Point","coordinates":[2.17888,41.46694]}},{"type":"Feature","properties":{"name":"Estació d'Autobusos Fabra i Puig - Final trajecte","code":"872","kind":"stop","lines":",tmb-bus:97,"},"geometry":{"type":"Point","coordinates":[2.1832,41.43168]}},{"type":"Feature","properties":{"name":"Meridiana - Pl de Mossèn Clapés","code":"883","kind":"stop","lines":",tmb-bus:97,tmb-bus:104,"},"geometry":{"type":"Point","coordinates":[2.18644,41.44234]}},{"type":"Feature","properties":{"name":"Camp Municipal de futbol Vallbona","code":"2717","kind":"stop","lines":",tmb-bus:97,tmb-bus:183,"},"geometry":{"type":"Point","coordinates":[2.18542,41.464]}},{"type":"Feature","properties":{"name":"Pl Primer de Maig - Final de trajecte","code":"2718","kind":"stop","lines":",tmb-bus:97,"},"geometry":{"type":"Point","coordinates":[2.186,41.46614]}},{"type":"Feature","properties":{"name":"Castelladral - Oristà","code":"1503","kind":"stop","lines":",tmb-bus:97,tmb-bus:183,"},"geometry":{"type":"Point","coordinates":[2.18531,41.46414]}},{"type":"Feature","properties":{"name":"Centre d'Activitats Vallbona","code":"3097","kind":"stop","lines":",tmb-bus:97,tmb-bus:183,"},"geometry":{"type":"Point","coordinates":[2.18387,41.46319]}},{"type":"Feature","properties":{"name":"CEIP Ciutat Comtal","code":"1504","kind":"stop","lines":",tmb-bus:97,tmb-bus:183,"},"geometry":{"type":"Point","coordinates":[2.18257,41.46279]}},{"type":"Feature","properties":{"name":"Av Sivatte - Ctra C-17","code":"884","kind":"stop","lines":",tmb-bus:97,tmb-bus:183,"},"geometry":{"type":"Point","coordinates":[2.18078,41.46387]}},{"type":"Feature","properties":{"name":"Pg. Maragall, 421","code":"9961","kind":"stop","lines":",tmb-bus:102,"},"geometry":{"type":"Point","coordinates":[2.16228,41.42923]}},{"type":"Feature","properties":{"name":"Coll de La Ventosa","code":"1758","kind":"stop","lines":",tmb-bus:102,"},"geometry":{"type":"Point","coordinates":[2.15913,41.45015]}},{"type":"Feature","properties":{"name":"Ctra del Cementiri de Collserola - Recinte Hebreu","code":"1759","kind":"stop","lines":",tmb-bus:102,"},"geometry":{"type":"Point","coordinates":[2.15503,41.45972]}},{"type":"Feature","properties":{"name":"Ctra Cementiri Collserola - Residència Joan XXIII","code":"1998","kind":"stop","lines":",tmb-bus:102,"},"geometry":{"type":"Point","coordinates":[2.15601,41.46516]}},{"type":"Feature","properties":{"name":"Bucle Entrada Recinte Cementiri","code":"669","kind":"stop","lines":",tmb-bus:102,"},"geometry":{"type":"Point","coordinates":[2.15618,41.46623]}},{"type":"Feature","properties":{"name":"Pl del Complex Funerari, direcció Recinte","code":"2804","kind":"stop","lines":",tmb-bus:102,"},"geometry":{"type":"Point","coordinates":[2.15587,41.47002]}},{"type":"Feature","properties":{"name":"Agrupació número 1.2 - Jardí del Repòs","code":"670","kind":"stop","lines":",tmb-bus:102,tmb-bus:104,"},"geometry":{"type":"Point","coordinates":[2.15806,41.46053]}},{"type":"Feature","properties":{"name":"Agrupacions números 5 i 6","code":"2955","kind":"stop","lines":",tmb-bus:102,"},"geometry":{"type":"Point","coordinates":[2.15823,41.45896]}},{"type":"Feature","properties":{"name":"Agrupacions números 3 i 4","code":"2956","kind":"stop","lines":",tmb-bus:102,"},"geometry":{"type":"Point","coordinates":[2.15784,41.45675]}},{"type":"Feature","properties":{"name":"Agrupació número 11","code":"2957","kind":"stop","lines":",tmb-bus:102,"},"geometry":{"type":"Point","coordinates":[2.16039,41.45497]}},{"type":"Feature","properties":{"name":"Agrupacions números 7 i 8","code":"2958","kind":"stop","lines":",tmb-bus:102,"},"geometry":{"type":"Point","coordinates":[2.15855,41.45747]}},{"type":"Feature","properties":{"name":"Agrupació número 8","code":"2959","kind":"stop","lines":",tmb-bus:102,"},"geometry":{"type":"Point","coordinates":[2.15941,41.45893]}},{"type":"Feature","properties":{"name":"Agrupacions números 8 i 14","code":"671","kind":"stop","lines":",tmb-bus:102,tmb-bus:104,"},"geometry":{"type":"Point","coordinates":[2.16256,41.45842]}},{"type":"Feature","properties":{"name":"Agrupacions números 8 i 9","code":"2960","kind":"stop","lines":",tmb-bus:102,"},"geometry":{"type":"Point","coordinates":[2.16176,41.45793]}},{"type":"Feature","properties":{"name":"Agrupació número 10","code":"2961","kind":"stop","lines":",tmb-bus:102,"},"geometry":{"type":"Point","coordinates":[2.16064,41.45789]}},{"type":"Feature","properties":{"name":"Agrupacions números 9 i 10","code":"2962","kind":"stop","lines":",tmb-bus:102,"},"geometry":{"type":"Point","coordinates":[2.16231,41.45688]}},{"type":"Feature","properties":{"name":"Agrupació número 9","code":"2963","kind":"stop","lines":",tmb-bus:102,"},"geometry":{"type":"Point","coordinates":[2.1639,41.45755]}},{"type":"Feature","properties":{"name":"Agrupació número 12·13 - Fossar","code":"673","kind":"stop","lines":",tmb-bus:102,tmb-bus:104,"},"geometry":{"type":"Point","coordinates":[2.16285,41.45929]}},{"type":"Feature","properties":{"name":"Agrupació número 14·15","code":"674","kind":"stop","lines":",tmb-bus:102,tmb-bus:104,"},"geometry":{"type":"Point","coordinates":[2.16124,41.46004]}},{"type":"Feature","properties":{"name":"Agrupació número 15","code":"675","kind":"stop","lines":",tmb-bus:102,tmb-bus:104,"},"geometry":{"type":"Point","coordinates":[2.15949,41.46062]}},{"type":"Feature","properties":{"name":"Agrupació número 16 entrada","code":"676","kind":"stop","lines":",tmb-bus:102,tmb-bus:104,"},"geometry":{"type":"Point","coordinates":[2.15892,41.4623]}},{"type":"Feature","properties":{"name":"Agrupació número 16·17","code":"1801","kind":"stop","lines":",tmb-bus:102,tmb-bus:104,"},"geometry":{"type":"Point","coordinates":[2.15927,41.46337]}},{"type":"Feature","properties":{"name":"Agrupació número 16 sortida","code":"678","kind":"stop","lines":",tmb-bus:102,tmb-bus:104,"},"geometry":{"type":"Point","coordinates":[2.15883,41.46233]}},{"type":"Feature","properties":{"name":"Agrupació número 15 - Columbaris","code":"679","kind":"stop","lines":",tmb-bus:102,tmb-bus:104,"},"geometry":{"type":"Point","coordinates":[2.15803,41.46148]}},{"type":"Feature","properties":{"name":"Pl del Complex Funerari, direcció Barcelona","code":"2805","kind":"stop","lines":",tmb-bus:102,tmb-bus:104,"},"geometry":{"type":"Point","coordinates":[2.15602,41.47021]}},{"type":"Feature","properties":{"name":"Bucle Sortida Recinte Cementiri","code":"680","kind":"stop","lines":",tmb-bus:102,"},"geometry":{"type":"Point","coordinates":[2.15602,41.46616]}},{"type":"Feature","properties":{"name":"Residència Joan XXIII","code":"1999","kind":"stop","lines":",tmb-bus:102,"},"geometry":{"type":"Point","coordinates":[2.15599,41.46496]}},{"type":"Feature","properties":{"name":"Ctra Cementiri Collserola - Camí Vall de St Iscle","code":"1760","kind":"stop","lines":",tmb-bus:102,"},"geometry":{"type":"Point","coordinates":[2.15523,41.45744]}},{"type":"Feature","properties":{"name":"Ctra Cementiri de Collserola - Coll de La Ventosa","code":"1743","kind":"stop","lines":",tmb-bus:102,"},"geometry":{"type":"Point","coordinates":[2.15894,41.44992]}},{"type":"Feature","properties":{"name":"Ctra d'Horta - Ronda de Dalt","code":"1779","kind":"stop","lines":",tmb-bus:102,tmb-bus:185,"},"geometry":{"type":"Point","coordinates":[2.15436,41.4396]}},{"type":"Feature","properties":{"name":"Metro Fabra i Puig","code":"1901","kind":"stop","lines":",tmb-bus:104,"},"geometry":{"type":"Point","coordinates":[2.1832,41.43163]}},{"type":"Feature","properties":{"name":"Les Agudes 27","code":"1347","kind":"stop","lines":",tmb-bus:104,"},"geometry":{"type":"Point","coordinates":[2.17834,41.46364]}},{"type":"Feature","properties":{"name":"Les Agudes - Fusters","code":"1348","kind":"stop","lines":",tmb-bus:104,"},"geometry":{"type":"Point","coordinates":[2.17516,41.46385]}},{"type":"Feature","properties":{"name":"Fusters - Ctra Nacional 150","code":"1701","kind":"stop","lines":",tmb-bus:104,tmb-bus:137,tmb-bus:138,"},"geometry":{"type":"Point","coordinates":[2.17501,41.46433]}},{"type":"Feature","properties":{"name":"Ctra del Cementiri de Collserola - Ramon Llull","code":"1806","kind":"stop","lines":",tmb-bus:104,"},"geometry":{"type":"Point","coordinates":[2.165,41.47332]}},{"type":"Feature","properties":{"name":"Pl de l'Agrupació número 9","code":"1800","kind":"stop","lines":",tmb-bus:104,"},"geometry":{"type":"Point","coordinates":[2.16302,41.45752]}},{"type":"Feature","properties":{"name":"Sales de Vetlla - Capelles","code":"1808","kind":"stop","lines":",tmb-bus:104,"},"geometry":{"type":"Point","coordinates":[2.15688,41.47033]}},{"type":"Feature","properties":{"name":"Ramon Llull - Ctra de Montcada","code":"1809","kind":"stop","lines":",tmb-bus:104,"},"geometry":{"type":"Point","coordinates":[2.16623,41.47425]}},{"type":"Feature","properties":{"name":"Fusters - Ctra Nacional 150","code":"1696","kind":"stop","lines":",tmb-bus:104,tmb-bus:137,tmb-bus:138,"},"geometry":{"type":"Point","coordinates":[2.17481,41.46418]}},{"type":"Feature","properties":{"name":"Can Tunis","code":"1400","kind":"stop","lines":",tmb-bus:107,"},"geometry":{"type":"Point","coordinates":[2.15822,41.35208]}},{"type":"Feature","properties":{"name":"Via Santa Eulàlia - Rda Litoral","code":"685","kind":"stop","lines":",tmb-bus:107,"},"geometry":{"type":"Point","coordinates":[2.15453,41.35313]}},{"type":"Feature","properties":{"name":"Pl de l'Esperança","code":"686","kind":"stop","lines":",tmb-bus:107,"},"geometry":{"type":"Point","coordinates":[2.15625,41.35386]}},{"type":"Feature","properties":{"name":"Via Sant Jordi - Via Sant Sever","code":"690","kind":"stop","lines":",tmb-bus:107,"},"geometry":{"type":"Point","coordinates":[2.158,41.35533]}},{"type":"Feature","properties":{"name":"Via Sant Jordi","code":"2317","kind":"stop","lines":",tmb-bus:107,"},"geometry":{"type":"Point","coordinates":[2.1576,41.35573]}},{"type":"Feature","properties":{"name":"Pl de la Caritat","code":"687","kind":"stop","lines":",tmb-bus:107,"},"geometry":{"type":"Point","coordinates":[2.15467,41.35526]}},{"type":"Feature","properties":{"name":"Pl Sant Rafael","code":"688","kind":"stop","lines":",tmb-bus:107,"},"geometry":{"type":"Point","coordinates":[2.15385,41.35507]}},{"type":"Feature","properties":{"name":"Pl Sant Francesc","code":"689","kind":"stop","lines":",tmb-bus:107,"},"geometry":{"type":"Point","coordinates":[2.1577,41.35643]}},{"type":"Feature","properties":{"name":"Via Sant Jaume - Via Santíssima Trinitat","code":"691","kind":"stop","lines":",tmb-bus:107,"},"geometry":{"type":"Point","coordinates":[2.15474,41.35627]}},{"type":"Feature","properties":{"name":"Via Santíssima Trinitat","code":"692","kind":"stop","lines":",tmb-bus:107,"},"geometry":{"type":"Point","coordinates":[2.15203,41.35621]}},{"type":"Feature","properties":{"name":"Via Santíssima Trinitat - Pl Sant Agustí","code":"693","kind":"stop","lines":",tmb-bus:107,"},"geometry":{"type":"Point","coordinates":[2.15437,41.35688]}},{"type":"Feature","properties":{"name":"Pl Sant Agustí","code":"684","kind":"stop","lines":",tmb-bus:107,"},"geometry":{"type":"Point","coordinates":[2.15591,41.35784]}},{"type":"Feature","properties":{"name":"Via Nostra - Sra de la Merçé","code":"2691","kind":"stop","lines":",tmb-bus:107,"},"geometry":{"type":"Point","coordinates":[2.1549,41.35872]}},{"type":"Feature","properties":{"name":"Via Sant Salvador","code":"2692","kind":"stop","lines":",tmb-bus:107,"},"geometry":{"type":"Point","coordinates":[2.15707,41.35872]}},{"type":"Feature","properties":{"name":"Via Sant Salvador - Via Sant Lluís","code":"2693","kind":"stop","lines":",tmb-bus:107,"},"geometry":{"type":"Point","coordinates":[2.15515,41.35842]}},{"type":"Feature","properties":{"name":"Via Sant Lluís","code":"2694","kind":"stop","lines":",tmb-bus:107,"},"geometry":{"type":"Point","coordinates":[2.15365,41.35799]}},{"type":"Feature","properties":{"name":"Via Sant Antoni Abat","code":"422","kind":"stop","lines":",tmb-bus:107,"},"geometry":{"type":"Point","coordinates":[2.15095,41.35656]}},{"type":"Feature","properties":{"name":"Via Sant Antoni Abat - Via Santíssima Trinitat","code":"694","kind":"stop","lines":",tmb-bus:107,"},"geometry":{"type":"Point","coordinates":[2.15138,41.35556]}},{"type":"Feature","properties":{"name":"Via Sant Jaume","code":"695","kind":"stop","lines":",tmb-bus:107,"},"geometry":{"type":"Point","coordinates":[2.15322,41.3557]}},{"type":"Feature","properties":{"name":"Sagrat Cor","code":"2318","kind":"stop","lines":",tmb-bus:107,"},"geometry":{"type":"Point","coordinates":[2.14997,41.35534]}},{"type":"Feature","properties":{"name":"Via Sant Francesc","code":"696","kind":"stop","lines":",tmb-bus:107,"},"geometry":{"type":"Point","coordinates":[2.15354,41.35473]}},{"type":"Feature","properties":{"name":"Via Sant Oleguer","code":"2319","kind":"stop","lines":",tmb-bus:107,"},"geometry":{"type":"Point","coordinates":[2.15409,41.35447]}},{"type":"Feature","properties":{"name":"Via Santa Eulàlia","code":"2320","kind":"stop","lines":",tmb-bus:107,"},"geometry":{"type":"Point","coordinates":[2.15271,41.35288]}},{"type":"Feature","properties":{"name":"Provença - Villarroel","code":"3537","kind":"stop","lines":",tmb-bus:109,"},"geometry":{"type":"Point","coordinates":[2.15303,41.38844]}},{"type":"Feature","properties":{"name":"Carrer A - Cotxeres TB Zona Franca","code":"3768","kind":"stop","lines":",tmb-bus:109,"},"geometry":{"type":"Point","coordinates":[2.13734,41.33102]}},{"type":"Feature","properties":{"name":"Mercabarna","code":"843","kind":"stop","lines":",tmb-bus:109,"},"geometry":{"type":"Point","coordinates":[2.11555,41.33117]}},{"type":"Feature","properties":{"name":"Mercabarna - Mercat del Peix","code":"1643","kind":"stop","lines":",tmb-bus:109,"},"geometry":{"type":"Point","coordinates":[2.11733,41.33405]}},{"type":"Feature","properties":{"name":"Carrer D - Carrer número 4","code":"1645","kind":"stop","lines":",tmb-bus:109,"},"geometry":{"type":"Point","coordinates":[2.12876,41.33011]}},{"type":"Feature","properties":{"name":"Carrer D - Carrer número 5","code":"1646","kind":"stop","lines":",tmb-bus:109,"},"geometry":{"type":"Point","coordinates":[2.1272,41.32759]}},{"type":"Feature","properties":{"name":"Carrer D - Carrer número 6","code":"1647","kind":"stop","lines":",tmb-bus:109,"},"geometry":{"type":"Point","coordinates":[2.12555,41.3249]}},{"type":"Feature","properties":{"name":"Carrer número 6 - Carrer F","code":"844","kind":"stop","lines":",tmb-bus:109,"},"geometry":{"type":"Point","coordinates":[2.11812,41.32499]}},{"type":"Feature","properties":{"name":"Camí Vell","code":"1804","kind":"stop","lines":",tmb-bus:111,"},"geometry":{"type":"Point","coordinates":[2.10165,41.40891]}},{"type":"Feature","properties":{"name":"Mont d'Orsà","code":"1816","kind":"stop","lines":",tmb-bus:111,"},"geometry":{"type":"Point","coordinates":[2.10315,41.41129]}},{"type":"Feature","properties":{"name":"Pl de Vallvidrera - Alberes","code":"1817","kind":"stop","lines":",tmb-bus:111,"},"geometry":{"type":"Point","coordinates":[2.10467,41.41298]}},{"type":"Feature","properties":{"name":"Funicular de Vallvidrera","code":"1803","kind":"stop","lines":",tmb-bus:111,"},"geometry":{"type":"Point","coordinates":[2.10552,41.41442]}},{"type":"Feature","properties":{"name":"Font del Mont - Parc de la Budellera","code":"1818","kind":"stop","lines":",tmb-bus:111,"},"geometry":{"type":"Point","coordinates":[2.11007,41.41577]}},{"type":"Feature","properties":{"name":"Accés Escola Judicial","code":"1819","kind":"stop","lines":",tmb-bus:111,"},"geometry":{"type":"Point","coordinates":[2.11261,41.41669]}},{"type":"Feature","properties":{"name":"Ctra de Vallvidrera - Cruïlla de Carreteres","code":"1820","kind":"stop","lines":",tmb-bus:111,"},"geometry":{"type":"Point","coordinates":[2.1167,41.41777]}},{"type":"Feature","properties":{"name":"Ctra de Vallvidrera - Camí de l'Observatori","code":"3471","kind":"stop","lines":",tmb-bus:111,"},"geometry":{"type":"Point","coordinates":[2.11969,41.41973]}},{"type":"Feature","properties":{"name":"Mentora Alsina","code":"1821","kind":"stop","lines":",tmb-bus:111,"},"geometry":{"type":"Point","coordinates":[2.12111,41.42173]}},{"type":"Feature","properties":{"name":"Ctra de Vallvidrera - El Castanyer","code":"2143","kind":"stop","lines":",tmb-bus:111,"},"geometry":{"type":"Point","coordinates":[2.12135,41.42537]}},{"type":"Feature","properties":{"name":"Ctra de Vallvidrera - St Cugat","code":"2629","kind":"stop","lines":",tmb-bus:111,"},"geometry":{"type":"Point","coordinates":[2.12001,41.42577]}},{"type":"Feature","properties":{"name":"Ctra de Vallvidrera al Tibidabo","code":"1911","kind":"stop","lines":",tmb-bus:111,"},"geometry":{"type":"Point","coordinates":[2.11918,41.42413]}},{"type":"Feature","properties":{"name":"Pl Tibidabo","code":"2149","kind":"stop","lines":",tmb-bus:111,"},"geometry":{"type":"Point","coordinates":[2.11883,41.42151]}},{"type":"Feature","properties":{"name":"Colònia Tibidabo","code":"501","kind":"stop","lines":",tmb-bus:111,"},"geometry":{"type":"Point","coordinates":[2.11903,41.42038]}},{"type":"Feature","properties":{"name":"Torre de Collserola","code":"1547","kind":"stop","lines":",tmb-bus:111,"},"geometry":{"type":"Point","coordinates":[2.11674,41.4189]}},{"type":"Feature","properties":{"name":"Cruïlla de Carreteres","code":"1810","kind":"stop","lines":",tmb-bus:111,"},"geometry":{"type":"Point","coordinates":[2.11655,41.4183]}},{"type":"Feature","properties":{"name":"Ctra de Vallvidrera - Accés Escola Judicial","code":"1811","kind":"stop","lines":",tmb-bus:111,"},"geometry":{"type":"Point","coordinates":[2.11226,41.41667]}},{"type":"Feature","properties":{"name":"Parc de la Budellera","code":"1812","kind":"stop","lines":",tmb-bus:111,"},"geometry":{"type":"Point","coordinates":[2.10997,41.41581]}},{"type":"Feature","properties":{"name":"Funicular de Vallvidrera - Pl Pep Ventura","code":"1802","kind":"stop","lines":",tmb-bus:111,"},"geometry":{"type":"Point","coordinates":[2.10531,41.41452]}},{"type":"Feature","properties":{"name":"Mont d'Orsà - Pl Vallvidrera","code":"2931","kind":"stop","lines":",tmb-bus:111,"},"geometry":{"type":"Point","coordinates":[2.10423,41.41295]}},{"type":"Feature","properties":{"name":"Mont d'Orsà - Romanimar","code":"1814","kind":"stop","lines":",tmb-bus:111,"},"geometry":{"type":"Point","coordinates":[2.10306,41.41132]}},{"type":"Feature","properties":{"name":"Camí Santa Creu d'Olorda","code":"1815","kind":"stop","lines":",tmb-bus:111,"},"geometry":{"type":"Point","coordinates":[2.10165,41.40902]}},{"type":"Feature","properties":{"name":"Porto, 12","code":"9962","kind":"stop","lines":",tmb-bus:112,"},"geometry":{"type":"Point","coordinates":[2.15735,41.42961]}},{"type":"Feature","properties":{"name":"Lisboa - Alarcón","code":"1855","kind":"stop","lines":",tmb-bus:112,tmb-bus:185,"},"geometry":{"type":"Point","coordinates":[2.15383,41.42757]}},{"type":"Feature","properties":{"name":"Plàtans - Pl de la Clota","code":"1856","kind":"stop","lines":",tmb-bus:112,tmb-bus:185,"},"geometry":{"type":"Point","coordinates":[2.15061,41.42625]}},{"type":"Feature","properties":{"name":"Judea - Av Jordà","code":"2912","kind":"stop","lines":",tmb-bus:112,"},"geometry":{"type":"Point","coordinates":[2.1408,41.42504]}},{"type":"Feature","properties":{"name":"Sinaí","code":"238","kind":"stop","lines":",tmb-bus:112,"},"geometry":{"type":"Point","coordinates":[2.13836,41.42485]}},{"type":"Feature","properties":{"name":"Natzaret - Lledoner","code":"683","kind":"stop","lines":",tmb-bus:112,"},"geometry":{"type":"Point","coordinates":[2.13623,41.42587]}},{"type":"Feature","properties":{"name":"Natzaret - Cànoves","code":"800","kind":"stop","lines":",tmb-bus:112,"},"geometry":{"type":"Point","coordinates":[2.13545,41.42701]}},{"type":"Feature","properties":{"name":"Saldes - Baldomer Girona","code":"3868","kind":"stop","lines":",tmb-bus:112,"},"geometry":{"type":"Point","coordinates":[2.13666,41.42857]}},{"type":"Feature","properties":{"name":"Saldes","code":"388","kind":"stop","lines":",tmb-bus:112,"},"geometry":{"type":"Point","coordinates":[2.1345,41.42895]}},{"type":"Feature","properties":{"name":"Olvan","code":"1010","kind":"stop","lines":",tmb-bus:112,"},"geometry":{"type":"Point","coordinates":[2.13327,41.42968]}},{"type":"Feature","properties":{"name":"Viver - Av Elies Pagès","code":"2465","kind":"stop","lines":",tmb-bus:112,"},"geometry":{"type":"Point","coordinates":[2.13202,41.42906]}},{"type":"Feature","properties":{"name":"Viver - Cànoves","code":"2466","kind":"stop","lines":",tmb-bus:112,"},"geometry":{"type":"Point","coordinates":[2.13079,41.42862]}},{"type":"Feature","properties":{"name":"Cànoves - Viver","code":"2540","kind":"stop","lines":",tmb-bus:112,"},"geometry":{"type":"Point","coordinates":[2.12864,41.42931]}},{"type":"Feature","properties":{"name":"Cànoves 105","code":"2467","kind":"stop","lines":",tmb-bus:112,"},"geometry":{"type":"Point","coordinates":[2.12876,41.42798]}},{"type":"Feature","properties":{"name":"Cànoves - Sant Genís","code":"2468","kind":"stop","lines":",tmb-bus:112,"},"geometry":{"type":"Point","coordinates":[2.12998,41.42777]}},{"type":"Feature","properties":{"name":"Cànoves 49","code":"2469","kind":"stop","lines":",tmb-bus:112,"},"geometry":{"type":"Point","coordinates":[2.132,41.4275]}},{"type":"Feature","properties":{"name":"Cànoves - Penitents","code":"2470","kind":"stop","lines":",tmb-bus:112,"},"geometry":{"type":"Point","coordinates":[2.13388,41.42716]}},{"type":"Feature","properties":{"name":"Cànoves - Natzaret","code":"2471","kind":"stop","lines":",tmb-bus:112,"},"geometry":{"type":"Point","coordinates":[2.13497,41.42678]}},{"type":"Feature","properties":{"name":"Av Elies Pagès - Pl Madrona Prat","code":"2472","kind":"stop","lines":",tmb-bus:112,"},"geometry":{"type":"Point","coordinates":[2.1348,41.42754]}},{"type":"Feature","properties":{"name":"Av Elies Pagès","code":"1279","kind":"stop","lines":",tmb-bus:112,"},"geometry":{"type":"Point","coordinates":[2.13287,41.42836]}},{"type":"Feature","properties":{"name":"Costa Pacheco 26","code":"1424","kind":"stop","lines":",tmb-bus:112,"},"geometry":{"type":"Point","coordinates":[2.13125,41.4281]}},{"type":"Feature","properties":{"name":"Costa Pacheco - Font del Roure","code":"797","kind":"stop","lines":",tmb-bus:112,"},"geometry":{"type":"Point","coordinates":[2.12963,41.42841]}},{"type":"Feature","properties":{"name":"Costa Pacheco 21","code":"1785","kind":"stop","lines":",tmb-bus:112,"},"geometry":{"type":"Point","coordinates":[2.13129,41.42804]}},{"type":"Feature","properties":{"name":"Costa Pacheco - Av Elies Pagès","code":"1827","kind":"stop","lines":",tmb-bus:112,"},"geometry":{"type":"Point","coordinates":[2.13245,41.42836]}},{"type":"Feature","properties":{"name":"Av Elies Pagès - Natzaret","code":"1828","kind":"stop","lines":",tmb-bus:112,"},"geometry":{"type":"Point","coordinates":[2.13481,41.42747]}},{"type":"Feature","properties":{"name":"Granja Vella - Pg Vall d'Hebron","code":"1858","kind":"stop","lines":",tmb-bus:112,"},"geometry":{"type":"Point","coordinates":[2.14405,41.42715]}},{"type":"Feature","properties":{"name":"Pantà de Tremp - Pl de la Clota","code":"1860","kind":"stop","lines":",tmb-bus:112,tmb-bus:185,"},"geometry":{"type":"Point","coordinates":[2.15,41.42569]}},{"type":"Feature","properties":{"name":"Pl Pius XII - Av Pedralbes","code":"2992","kind":"stop","lines":",tmb-bus:113,"},"geometry":{"type":"Point","coordinates":[2.12252,41.3878]}},{"type":"Feature","properties":{"name":"Sor Eulàlia d'Anzizu - Gran Capità","code":"1863","kind":"stop","lines":",tmb-bus:113,"},"geometry":{"type":"Point","coordinates":[2.10995,41.38811]}},{"type":"Feature","properties":{"name":"Sor Eulàlia d'Anzizu - Dulcet","code":"1864","kind":"stop","lines":",tmb-bus:113,"},"geometry":{"type":"Point","coordinates":[2.11244,41.38994]}},{"type":"Feature","properties":{"name":"Miret i Sans - Av d'Esplugues","code":"1865","kind":"stop","lines":",tmb-bus:113,"},"geometry":{"type":"Point","coordinates":[2.11086,41.39153]}},{"type":"Feature","properties":{"name":"Joan d'Alòs - Miret i Sans","code":"3217","kind":"stop","lines":",tmb-bus:113,"},"geometry":{"type":"Point","coordinates":[2.10897,41.39322]}},{"type":"Feature","properties":{"name":"Abadessa Olzet - Montevideo","code":"3218","kind":"stop","lines":",tmb-bus:113,"},"geometry":{"type":"Point","coordinates":[2.10874,41.39488]}},{"type":"Feature","properties":{"name":"Panamà - Abadessa Olzet","code":"3219","kind":"stop","lines":",tmb-bus:113,"},"geometry":{"type":"Point","coordinates":[2.10736,41.39555]}},{"type":"Feature","properties":{"name":"Av Pearson - Ptge Ametllers","code":"3220","kind":"stop","lines":",tmb-bus:113,"},"geometry":{"type":"Point","coordinates":[2.10437,41.39317]}},{"type":"Feature","properties":{"name":"Joan d'Alòs - Av Pearson","code":"1868","kind":"stop","lines":",tmb-bus:113,"},"geometry":{"type":"Point","coordinates":[2.10383,41.39146]}},{"type":"Feature","properties":{"name":"Torrent de les Roses - Mare de Déu de la Merçé","code":"1869","kind":"stop","lines":",tmb-bus:113,"},"geometry":{"type":"Point","coordinates":[2.10357,41.38924]}},{"type":"Feature","properties":{"name":"Pl Coll de Finestrelles","code":"1870","kind":"stop","lines":",tmb-bus:113,"},"geometry":{"type":"Point","coordinates":[2.10432,41.38909]}},{"type":"Feature","properties":{"name":"Eduard Toldrà - Ardena","code":"3377","kind":"stop","lines":",tmb-bus:113,"},"geometry":{"type":"Point","coordinates":[2.10587,41.38853]}},{"type":"Feature","properties":{"name":"Mini Estadi - Palau Blaugrana","code":"925","kind":"stop","lines":",tmb-bus:113,"},"geometry":{"type":"Point","coordinates":[2.11923,41.38083]}},{"type":"Feature","properties":{"name":"Av Joan XXIII - Maternitat","code":"1862","kind":"stop","lines":",tmb-bus:113,"},"geometry":{"type":"Point","coordinates":[2.12246,41.38352]}},{"type":"Feature","properties":{"name":"Av Joan XXIII - Pl Pius XII","code":"293","kind":"stop","lines":",tmb-bus:113,"},"geometry":{"type":"Point","coordinates":[2.12261,41.38564]}},{"type":"Feature","properties":{"name":"Escorial - Metro Joanic","code":"3911","kind":"stop","lines":",tmb-bus:114,"},"geometry":{"type":"Point","coordinates":[2.1622,41.40645]}},{"type":"Feature","properties":{"name":"Camèlies - Abd el-Kader","code":"246","kind":"stop","lines":",tmb-bus:114,"},"geometry":{"type":"Point","coordinates":[2.16437,41.41386]}},{"type":"Feature","properties":{"name":"Francesc Alegre - Av Mare de Déu de Montserrat","code":"2194","kind":"stop","lines":",tmb-bus:114,"},"geometry":{"type":"Point","coordinates":[2.16709,41.41572]}},{"type":"Feature","properties":{"name":"Francesc Alegre - Budapest","code":"2533","kind":"stop","lines":",tmb-bus:114,"},"geometry":{"type":"Point","coordinates":[2.16629,41.41655]}},{"type":"Feature","properties":{"name":"Budapest - Gènova","code":"2195","kind":"stop","lines":",tmb-bus:114,"},"geometry":{"type":"Point","coordinates":[2.168,41.41827]}},{"type":"Feature","properties":{"name":"Telègraf - Doctor Cadevall","code":"2196","kind":"stop","lines":",tmb-bus:114,"},"geometry":{"type":"Point","coordinates":[2.16909,41.41851]}},{"type":"Feature","properties":{"name":"Francesc Alegre","code":"2197","kind":"stop","lines":",tmb-bus:114,"},"geometry":{"type":"Point","coordinates":[2.16628,41.4164]}},{"type":"Feature","properties":{"name":"Pl de la Font Castellana - Tenerife","code":"1065","kind":"stop","lines":",tmb-bus:114,"},"geometry":{"type":"Point","coordinates":[2.16635,41.41521]}},{"type":"Feature","properties":{"name":"Baró St Lluís - Polònia","code":"3275","kind":"stop","lines":",tmb-bus:114,"},"geometry":{"type":"Point","coordinates":[2.16426,41.41562]}},{"type":"Feature","properties":{"name":"Torre Dulac - Tenerife","code":"3276","kind":"stop","lines":",tmb-bus:114,"},"geometry":{"type":"Point","coordinates":[2.16377,41.41637]}},{"type":"Feature","properties":{"name":"Josep Serrano - Baró Sant Lluís","code":"1872","kind":"stop","lines":",tmb-bus:114,"},"geometry":{"type":"Point","coordinates":[2.16258,41.41723]}},{"type":"Feature","properties":{"name":"Jaume Puigvert - Josep Serrano","code":"1873","kind":"stop","lines":",tmb-bus:114,"},"geometry":{"type":"Point","coordinates":[2.16119,41.41672]}},{"type":"Feature","properties":{"name":"Jaume Puigvert - José Millán González","code":"863","kind":"stop","lines":",tmb-bus:114,"},"geometry":{"type":"Point","coordinates":[2.16013,41.41612]}},{"type":"Feature","properties":{"name":"Av Can Baró - Bismarck","code":"1874","kind":"stop","lines":",tmb-bus:114,"},"geometry":{"type":"Point","coordinates":[2.16115,41.41522]}},{"type":"Feature","properties":{"name":"Pl Can Baró","code":"894","kind":"stop","lines":",tmb-bus:114,"},"geometry":{"type":"Point","coordinates":[2.16229,41.4162]}},{"type":"Feature","properties":{"name":"França - Polònia","code":"2198","kind":"stop","lines":",tmb-bus:114,"},"geometry":{"type":"Point","coordinates":[2.16358,41.41524]}},{"type":"Feature","properties":{"name":"Rda Guinardó - Sardenya","code":"1885","kind":"stop","lines":",tmb-bus:114,"},"geometry":{"type":"Point","coordinates":[2.16266,41.41217]}},{"type":"Feature","properties":{"name":"Encarnació - Escorial","code":"2479","kind":"stop","lines":",tmb-bus:114,"},"geometry":{"type":"Point","coordinates":[2.16178,41.40753]}},{"type":"Feature","properties":{"name":"Encarnació - Torrent de les Flors","code":"2480","kind":"stop","lines":",tmb-bus:114,"},"geometry":{"type":"Point","coordinates":[2.15971,41.40622]}},{"type":"Feature","properties":{"name":"Pl de la Virreina","code":"2481","kind":"stop","lines":",tmb-bus:114,"},"geometry":{"type":"Point","coordinates":[2.15725,41.40467]}},{"type":"Feature","properties":{"name":"Pg Sant Joan - Sant Antoni Maria Claret","code":"3697","kind":"stop","lines":",tmb-bus:114,"},"geometry":{"type":"Point","coordinates":[2.16479,41.4033]}},{"type":"Feature","properties":{"name":"Ros de Olano - Torrent de l'Olla","code":"2482","kind":"stop","lines":",tmb-bus:114,"},"geometry":{"type":"Point","coordinates":[2.15664,41.40215]}},{"type":"Feature","properties":{"name":"Ros de Olano - Gran de Gràcia","code":"2483","kind":"stop","lines":",tmb-bus:114,"},"geometry":{"type":"Point","coordinates":[2.15468,41.40105]}},{"type":"Feature","properties":{"name":"Montseny - Travessia de Sant Antoni","code":"3916","kind":"stop","lines":",tmb-bus:114,"},"geometry":{"type":"Point","coordinates":[2.15542,41.40229]}},{"type":"Feature","properties":{"name":"Dolors Batlle i Sunyer - Numància","code":"2695","kind":"stop","lines":",tmb-bus:115,"},"geometry":{"type":"Point","coordinates":[2.14021,41.38158]}},{"type":"Feature","properties":{"name":"Constitució - Jocs Florals","code":"2952","kind":"stop","lines":",tmb-bus:115,"},"geometry":{"type":"Point","coordinates":[2.1366,41.36987]}},{"type":"Feature","properties":{"name":"Constitució - Badal","code":"2537","kind":"stop","lines":",tmb-bus:115,"},"geometry":{"type":"Point","coordinates":[2.13351,41.36925]}},{"type":"Feature","properties":{"name":"Dos de Maig - Indústria","code":"224","kind":"stop","lines":",tmb-bus:117,"},"geometry":{"type":"Point","coordinates":[2.17694,41.41083]}},{"type":"Feature","properties":{"name":"Sant Antoni Maria Claret - Pg Maragall","code":"2668","kind":"stop","lines":",tmb-bus:117,tmb-bus:192,"},"geometry":{"type":"Point","coordinates":[2.18086,41.41616]}},{"type":"Feature","properties":{"name":"Rambla Volart - Trobador","code":"2670","kind":"stop","lines":",tmb-bus:117,"},"geometry":{"type":"Point","coordinates":[2.17856,41.41621]}},{"type":"Feature","properties":{"name":"Xiprer - Vinya","code":"3205","kind":"stop","lines":",tmb-bus:117,"},"geometry":{"type":"Point","coordinates":[2.179,41.41798]}},{"type":"Feature","properties":{"name":"Oblit - direcció Font d'en Fargas","code":"2004","kind":"stop","lines":",tmb-bus:117,"},"geometry":{"type":"Point","coordinates":[2.17761,41.41932]}},{"type":"Feature","properties":{"name":"Rambla Volart - Flors de Maig","code":"2005","kind":"stop","lines":",tmb-bus:117,"},"geometry":{"type":"Point","coordinates":[2.17442,41.41763]}},{"type":"Feature","properties":{"name":"La Bisbal - Av Mare de Déu de Montserrat","code":"2006","kind":"stop","lines":",tmb-bus:117,"},"geometry":{"type":"Point","coordinates":[2.17227,41.41827]}},{"type":"Feature","properties":{"name":"Maurici Vilomara - Montserrat de Casanovas","code":"2778","kind":"stop","lines":",tmb-bus:117,"},"geometry":{"type":"Point","coordinates":[2.16291,41.4232]}},{"type":"Feature","properties":{"name":"Maurici Vilomara - direcció El Carmel","code":"2779","kind":"stop","lines":",tmb-bus:117,"},"geometry":{"type":"Point","coordinates":[2.16368,41.42291]}},{"type":"Feature","properties":{"name":"Maurici Vilomara - Penyal","code":"2780","kind":"stop","lines":",tmb-bus:117,"},"geometry":{"type":"Point","coordinates":[2.16417,41.42191]}},{"type":"Feature","properties":{"name":"Penyal - Pl Font d'en Fargas","code":"2781","kind":"stop","lines":",tmb-bus:117,"},"geometry":{"type":"Point","coordinates":[2.16364,41.42231]}},{"type":"Feature","properties":{"name":"Penyal - Doctor Bové","code":"2782","kind":"stop","lines":",tmb-bus:117,"},"geometry":{"type":"Point","coordinates":[2.1636,41.42147]}},{"type":"Feature","properties":{"name":"Penyal - Font de la Mulassa","code":"2783","kind":"stop","lines":",tmb-bus:117,"},"geometry":{"type":"Point","coordinates":[2.16359,41.42171]}},{"type":"Feature","properties":{"name":"Penyal","code":"2784","kind":"stop","lines":",tmb-bus:117,"},"geometry":{"type":"Point","coordinates":[2.16357,41.42226]}},{"type":"Feature","properties":{"name":"Pl de la Font d'en Fargas","code":"2785","kind":"stop","lines":",tmb-bus:117,"},"geometry":{"type":"Point","coordinates":[2.16428,41.42185]}},{"type":"Feature","properties":{"name":"Maurici Vilomara - Doctor Coll","code":"2786","kind":"stop","lines":",tmb-bus:117,"},"geometry":{"type":"Point","coordinates":[2.16407,41.42277]}},{"type":"Feature","properties":{"name":"Pg Font d'en Fargas - Pintor Pradilla","code":"2787","kind":"stop","lines":",tmb-bus:117,"},"geometry":{"type":"Point","coordinates":[2.1653,41.42334]}},{"type":"Feature","properties":{"name":"Aguilar - Alt de Pedrell","code":"2007","kind":"stop","lines":",tmb-bus:117,"},"geometry":{"type":"Point","coordinates":[2.16948,41.42549]}},{"type":"Feature","properties":{"name":"Aguilar - Montserrat de Casanovas","code":"2008","kind":"stop","lines":",tmb-bus:117,"},"geometry":{"type":"Point","coordinates":[2.16978,41.42309]}},{"type":"Feature","properties":{"name":"Garriga i Roca - Sales Ferrer","code":"2009","kind":"stop","lines":",tmb-bus:117,"},"geometry":{"type":"Point","coordinates":[2.16987,41.42117]}},{"type":"Feature","properties":{"name":"Garriga i Roca - Ercilla","code":"2010","kind":"stop","lines":",tmb-bus:117,"},"geometry":{"type":"Point","coordinates":[2.17068,41.41978]}},{"type":"Feature","properties":{"name":"Garriga i Roca - Av Mare de Déu de Montserrat","code":"2415","kind":"stop","lines":",tmb-bus:117,"},"geometry":{"type":"Point","coordinates":[2.17191,41.41908]}},{"type":"Feature","properties":{"name":"Ptge Garrofers - Varsòvia","code":"2367","kind":"stop","lines":",tmb-bus:117,"},"geometry":{"type":"Point","coordinates":[2.17316,41.41857]}},{"type":"Feature","properties":{"name":"Rambla de la Muntanya - Vinyals","code":"2012","kind":"stop","lines":",tmb-bus:117,"},"geometry":{"type":"Point","coordinates":[2.17535,41.42014]}},{"type":"Feature","properties":{"name":"Pg Maragall - Sta Joaquina Vedruna","code":"3208","kind":"stop","lines":",tmb-bus:117,"},"geometry":{"type":"Point","coordinates":[2.17998,41.42111]}},{"type":"Feature","properties":{"name":"Oblit - Doctor Valls","code":"2759","kind":"stop","lines":",tmb-bus:117,"},"geometry":{"type":"Point","coordinates":[2.17884,41.4202]}},{"type":"Feature","properties":{"name":"Oblit - direcció Dos de Maig","code":"2760","kind":"stop","lines":",tmb-bus:117,"},"geometry":{"type":"Point","coordinates":[2.17699,41.41888]}},{"type":"Feature","properties":{"name":"Renaixença - Vinya","code":"3203","kind":"stop","lines":",tmb-bus:117,"},"geometry":{"type":"Point","coordinates":[2.17717,41.41811]}},{"type":"Feature","properties":{"name":"Villar - Xiprer","code":"3204","kind":"stop","lines":",tmb-bus:117,"},"geometry":{"type":"Point","coordinates":[2.17803,41.41698]}},{"type":"Feature","properties":{"name":"Villar - Pg Maragall","code":"2669","kind":"stop","lines":",tmb-bus:117,"},"geometry":{"type":"Point","coordinates":[2.18008,41.41637]}},{"type":"Feature","properties":{"name":"Pl de Vallvidrera","code":"2209","kind":"stop","lines":",tmb-bus:118,"},"geometry":{"type":"Point","coordinates":[2.1044,41.41305]}},{"type":"Feature","properties":{"name":"Ctra de l'Església - Camí del Faig","code":"2573","kind":"stop","lines":",tmb-bus:118,tmb-bus:128,"},"geometry":{"type":"Point","coordinates":[2.1071,41.41766]}},{"type":"Feature","properties":{"name":"Torrent del Rovelló - Camí del Pantà","code":"2074","kind":"stop","lines":",tmb-bus:118,tmb-bus:128,"},"geometry":{"type":"Point","coordinates":[2.09691,41.41937]}},{"type":"Feature","properties":{"name":"Mas Sauró - Camí del Pebràs","code":"2080","kind":"stop","lines":",tmb-bus:118,"},"geometry":{"type":"Point","coordinates":[2.09283,41.41567]}},{"type":"Feature","properties":{"name":"Can Sauró, direcció Mas Guimbau","code":"2081","kind":"stop","lines":",tmb-bus:118,"},"geometry":{"type":"Point","coordinates":[2.09518,41.41592]}},{"type":"Feature","properties":{"name":"Camí del Mas Sauró, direcció Mas Guimbau","code":"2082","kind":"stop","lines":",tmb-bus:118,"},"geometry":{"type":"Point","coordinates":[2.09635,41.41706]}},{"type":"Feature","properties":{"name":"Camí Alt de Mas Sauró, direcció Mas Guimbau","code":"2212","kind":"stop","lines":",tmb-bus:118,"},"geometry":{"type":"Point","coordinates":[2.09635,41.41642]}},{"type":"Feature","properties":{"name":"Camí del Ciureny, direcció Mas Guimbau","code":"2083","kind":"stop","lines":",tmb-bus:118,"},"geometry":{"type":"Point","coordinates":[2.09658,41.4179]}},{"type":"Feature","properties":{"name":"Font Mossèn Cinto Verdaguer, direcció Mas Guimbau","code":"2084","kind":"stop","lines":",tmb-bus:118,"},"geometry":{"type":"Point","coordinates":[2.09515,41.41789]}},{"type":"Feature","properties":{"name":"Camí Baix del Mas Sauró, direcció Mas Guimbau","code":"2085","kind":"stop","lines":",tmb-bus:118,"},"geometry":{"type":"Point","coordinates":[2.0945,41.41821]}},{"type":"Feature","properties":{"name":"Torrent del Rovelló, direcció Mas Guimbau","code":"2086","kind":"stop","lines":",tmb-bus:118,"},"geometry":{"type":"Point","coordinates":[2.09683,41.41922]}},{"type":"Feature","properties":{"name":"FGC Les Planes","code":"2087","kind":"stop","lines":",tmb-bus:118,"},"geometry":{"type":"Point","coordinates":[2.09148,41.42719]}},{"type":"Feature","properties":{"name":"Pg de Solé i Pla","code":"2071","kind":"stop","lines":",tmb-bus:118,"},"geometry":{"type":"Point","coordinates":[2.0886,41.42712]}},{"type":"Feature","properties":{"name":"Camí dels Verns - Camí del Mas Guimbau","code":"2088","kind":"stop","lines":",tmb-bus:118,"},"geometry":{"type":"Point","coordinates":[2.08977,41.42615]}},{"type":"Feature","properties":{"name":"Camí del Mas Guimbau - Gatosa","code":"2213","kind":"stop","lines":",tmb-bus:118,"},"geometry":{"type":"Point","coordinates":[2.09009,41.42553]}},{"type":"Feature","properties":{"name":"Camí del Mas Guimbau - Gespa","code":"2214","kind":"stop","lines":",tmb-bus:118,"},"geometry":{"type":"Point","coordinates":[2.09063,41.42401]}},{"type":"Feature","properties":{"name":"Gespa - la Gatosa","code":"2215","kind":"stop","lines":",tmb-bus:118,"},"geometry":{"type":"Point","coordinates":[2.08963,41.42458]}},{"type":"Feature","properties":{"name":"Escala de la Gatosa","code":"2216","kind":"stop","lines":",tmb-bus:118,"},"geometry":{"type":"Point","coordinates":[2.08978,41.42384]}},{"type":"Feature","properties":{"name":"Pg de la Vimetera","code":"2217","kind":"stop","lines":",tmb-bus:118,"},"geometry":{"type":"Point","coordinates":[2.08927,41.42359]}},{"type":"Feature","properties":{"name":"Pg de la Vimetera - Pg del Pi Forcat","code":"2218","kind":"stop","lines":",tmb-bus:118,"},"geometry":{"type":"Point","coordinates":[2.08737,41.42328]}},{"type":"Feature","properties":{"name":"Pg del Pi Forcat - Pg del Grèvol","code":"3004","kind":"stop","lines":",tmb-bus:118,"},"geometry":{"type":"Point","coordinates":[2.08726,41.42259]}},{"type":"Feature","properties":{"name":"Pg del Grèvol","code":"3005","kind":"stop","lines":",tmb-bus:118,"},"geometry":{"type":"Point","coordinates":[2.0866,41.42173]}},{"type":"Feature","properties":{"name":"Pg del Grèvol - Camí de Can Castellví","code":"3006","kind":"stop","lines":",tmb-bus:118,"},"geometry":{"type":"Point","coordinates":[2.08496,41.4201]}},{"type":"Feature","properties":{"name":"Pg del Grèvol - Pg del Pi Forcat","code":"3007","kind":"stop","lines":",tmb-bus:118,"},"geometry":{"type":"Point","coordinates":[2.08695,41.42173]}},{"type":"Feature","properties":{"name":"Pg del Pi Forcat - Pg d'Anna Rúbies","code":"2219","kind":"stop","lines":",tmb-bus:118,"},"geometry":{"type":"Point","coordinates":[2.08737,41.42265]}},{"type":"Feature","properties":{"name":"Pg de la Vimetera - Escala de la Gatosa","code":"2220","kind":"stop","lines":",tmb-bus:118,"},"geometry":{"type":"Point","coordinates":[2.08924,41.42351]}},{"type":"Feature","properties":{"name":"Gespa - Pg de la Vimetera","code":"2221","kind":"stop","lines":",tmb-bus:118,"},"geometry":{"type":"Point","coordinates":[2.08984,41.42387]}},{"type":"Feature","properties":{"name":"Gespa","code":"2222","kind":"stop","lines":",tmb-bus:118,"},"geometry":{"type":"Point","coordinates":[2.08969,41.42455]}},{"type":"Feature","properties":{"name":"Camí del Mas Guimbau","code":"2223","kind":"stop","lines":",tmb-bus:118,"},"geometry":{"type":"Point","coordinates":[2.09069,41.42399]}},{"type":"Feature","properties":{"name":"Camí del Mas Guimbau - Castellví","code":"2224","kind":"stop","lines":",tmb-bus:118,"},"geometry":{"type":"Point","coordinates":[2.09006,41.42557]}},{"type":"Feature","properties":{"name":"Santuari de la Salut","code":"2225","kind":"stop","lines":",tmb-bus:118,"},"geometry":{"type":"Point","coordinates":[2.08981,41.42609]}},{"type":"Feature","properties":{"name":"Pg de Solé i Pla - Pollancres","code":"2704","kind":"stop","lines":",tmb-bus:118,"},"geometry":{"type":"Point","coordinates":[2.08885,41.4272]}},{"type":"Feature","properties":{"name":"Mas Guimbau","code":"2089","kind":"stop","lines":",tmb-bus:118,"},"geometry":{"type":"Point","coordinates":[2.09028,41.42814]}},{"type":"Feature","properties":{"name":"Torrent del Rovelló - Camí Fredolic","code":"3303","kind":"stop","lines":",tmb-bus:118,"},"geometry":{"type":"Point","coordinates":[2.09689,41.41936]}},{"type":"Feature","properties":{"name":"Torrent del Rovelló - Camí Baix del Mas Sauró","code":"2075","kind":"stop","lines":",tmb-bus:118,"},"geometry":{"type":"Point","coordinates":[2.09445,41.41824]}},{"type":"Feature","properties":{"name":"Camí Alt Mas Sauró - Font Mossèn Cinto Verdaguer","code":"2076","kind":"stop","lines":",tmb-bus:118,"},"geometry":{"type":"Point","coordinates":[2.09489,41.41783]}},{"type":"Feature","properties":{"name":"Camí Alt del Mas Sauró - Camí del Ciureny","code":"2077","kind":"stop","lines":",tmb-bus:118,"},"geometry":{"type":"Point","coordinates":[2.09649,41.41787]}},{"type":"Feature","properties":{"name":"Camí Alt del Mas Sauró","code":"2210","kind":"stop","lines":",tmb-bus:118,"},"geometry":{"type":"Point","coordinates":[2.09632,41.41648]}},{"type":"Feature","properties":{"name":"Camí del Mas Sauró","code":"2078","kind":"stop","lines":",tmb-bus:118,"},"geometry":{"type":"Point","coordinates":[2.09651,41.41708]}},{"type":"Feature","properties":{"name":"Can Sauró","code":"2079","kind":"stop","lines":",tmb-bus:118,"},"geometry":{"type":"Point","coordinates":[2.09504,41.41591]}},{"type":"Feature","properties":{"name":"Mas Sauró","code":"2090","kind":"stop","lines":",tmb-bus:118,"},"geometry":{"type":"Point","coordinates":[2.0929,41.41561]}},{"type":"Feature","properties":{"name":"Can Sauró, direcció Vallvidrera","code":"2091","kind":"stop","lines":",tmb-bus:118,"},"geometry":{"type":"Point","coordinates":[2.09521,41.41595]}},{"type":"Feature","properties":{"name":"Camí del Mas Sauró, direcció Vallvidrera","code":"2092","kind":"stop","lines":",tmb-bus:118,"},"geometry":{"type":"Point","coordinates":[2.09639,41.41706]}},{"type":"Feature","properties":{"name":"Cami Alt del Mas Sauró, direcció Vallvidrera","code":"2211","kind":"stop","lines":",tmb-bus:118,"},"geometry":{"type":"Point","coordinates":[2.09639,41.41644]}},{"type":"Feature","properties":{"name":"Camí del Ciureny, direcció Vallvidrera","code":"2093","kind":"stop","lines":",tmb-bus:118,"},"geometry":{"type":"Point","coordinates":[2.09651,41.41792]}},{"type":"Feature","properties":{"name":"Font Mossèn Cinto Verdaguer, direcció Vallvidrera","code":"2094","kind":"stop","lines":",tmb-bus:118,"},"geometry":{"type":"Point","coordinates":[2.09508,41.41789]}},{"type":"Feature","properties":{"name":"Camí Baix del Mas Sauró, direcció Vallvidrera","code":"2095","kind":"stop","lines":",tmb-bus:118,"},"geometry":{"type":"Point","coordinates":[2.09466,41.41834]}},{"type":"Feature","properties":{"name":"Torrent del Rovelló, direcció Vallvidrera","code":"2096","kind":"stop","lines":",tmb-bus:118,"},"geometry":{"type":"Point","coordinates":[2.09685,41.41923]}},{"type":"Feature","properties":{"name":"Camí del Pantà","code":"2097","kind":"stop","lines":",tmb-bus:118,tmb-bus:128,"},"geometry":{"type":"Point","coordinates":[2.09789,41.41845]}},{"type":"Feature","properties":{"name":"Ctra de l'Església","code":"2574","kind":"stop","lines":",tmb-bus:118,tmb-bus:128,"},"geometry":{"type":"Point","coordinates":[2.1074,41.41801]}},{"type":"Feature","properties":{"name":"Metro Penitents","code":"2034","kind":"stop","lines":",tmb-bus:119,"},"geometry":{"type":"Point","coordinates":[2.14059,41.41745]}},{"type":"Feature","properties":{"name":"Vall d'hebron, 96.118","code":"9940","kind":"stop","lines":",tmb-bus:119,"},"geometry":{"type":"Point","coordinates":[2.14144,41.42265]}},{"type":"Feature","properties":{"name":"Pg. Vall d'hebron, 101","code":"9931","kind":"stop","lines":",tmb-bus:119,"},"geometry":{"type":"Point","coordinates":[2.14162,41.42412]}},{"type":"Feature","properties":{"name":"Vall d'Hebron, 101","code":"8582","kind":"stop","lines":",tmb-bus:119,"},"geometry":{"type":"Point","coordinates":[2.14047,41.4215]}},{"type":"Feature","properties":{"name":"General Mendoza - Santa Rosalia","code":"1702","kind":"stop","lines":",tmb-bus:119,"},"geometry":{"type":"Point","coordinates":[2.14163,41.42147]}},{"type":"Feature","properties":{"name":"Santa Rosalia - Castellbisbal","code":"749","kind":"stop","lines":",tmb-bus:119,"},"geometry":{"type":"Point","coordinates":[2.14373,41.42075]}},{"type":"Feature","properties":{"name":"Santa Rosalia - Besòs","code":"164","kind":"stop","lines":",tmb-bus:119,"},"geometry":{"type":"Point","coordinates":[2.14668,41.42169]}},{"type":"Feature","properties":{"name":"Mare de Déu dels Àngels - Fastenrath","code":"2035","kind":"stop","lines":",tmb-bus:119,"},"geometry":{"type":"Point","coordinates":[2.14906,41.42215]}},{"type":"Feature","properties":{"name":"Sigüenza - La Murtra","code":"2037","kind":"stop","lines":",tmb-bus:119,"},"geometry":{"type":"Point","coordinates":[2.15261,41.42326]}},{"type":"Feature","properties":{"name":"Sigüenza - Ramon Rocafull","code":"2038","kind":"stop","lines":",tmb-bus:119,"},"geometry":{"type":"Point","coordinates":[2.15414,41.42412]}},{"type":"Feature","properties":{"name":"Mercat del Carmel","code":"2039","kind":"stop","lines":",tmb-bus:119,"},"geometry":{"type":"Point","coordinates":[2.15536,41.42357]}},{"type":"Feature","properties":{"name":"Conca de Tremp - Agudells","code":"2040","kind":"stop","lines":",tmb-bus:119,"},"geometry":{"type":"Point","coordinates":[2.15649,41.42232]}},{"type":"Feature","properties":{"name":"Conca de Tremp - Arbós","code":"2041","kind":"stop","lines":",tmb-bus:119,"},"geometry":{"type":"Point","coordinates":[2.15732,41.42128]}},{"type":"Feature","properties":{"name":"Conca de Tremp - Queixans","code":"2042","kind":"stop","lines":",tmb-bus:119,"},"geometry":{"type":"Point","coordinates":[2.15751,41.42002]}},{"type":"Feature","properties":{"name":"Mühlberg - Ctra del Carmel","code":"3743","kind":"stop","lines":",tmb-bus:119,"},"geometry":{"type":"Point","coordinates":[2.15905,41.418]}},{"type":"Feature","properties":{"name":"Mühlberg - Turó de la Rovira","code":"3744","kind":"stop","lines":",tmb-bus:119,"},"geometry":{"type":"Point","coordinates":[2.1598,41.41855]}},{"type":"Feature","properties":{"name":"Turó de La Rovira","code":"2141","kind":"stop","lines":",tmb-bus:119,"},"geometry":{"type":"Point","coordinates":[2.15952,41.41969]}},{"type":"Feature","properties":{"name":"Panorama - Marià Lavèrnia","code":"3482","kind":"stop","lines":",tmb-bus:119,"},"geometry":{"type":"Point","coordinates":[2.16501,41.41918]}},{"type":"Feature","properties":{"name":"Marià Lavèrnia","code":"3475","kind":"stop","lines":",tmb-bus:119,"},"geometry":{"type":"Point","coordinates":[2.16375,41.41949]}},{"type":"Feature","properties":{"name":"Panorama - Labèrnia","code":"2539","kind":"stop","lines":",tmb-bus:119,"},"geometry":{"type":"Point","coordinates":[2.16542,41.41907]}},{"type":"Feature","properties":{"name":"Gran Vista - IES Ferran Tallada","code":"545","kind":"stop","lines":",tmb-bus:119,"},"geometry":{"type":"Point","coordinates":[2.16167,41.42079]}},{"type":"Feature","properties":{"name":"Gran Vista","code":"2142","kind":"stop","lines":",tmb-bus:119,"},"geometry":{"type":"Point","coordinates":[2.15995,41.41997]}},{"type":"Feature","properties":{"name":"Calderón de la Barca - Ctra del Carmel","code":"2023","kind":"stop","lines":",tmb-bus:119,"},"geometry":{"type":"Point","coordinates":[2.15732,41.41902]}},{"type":"Feature","properties":{"name":"Calderón de la Barca - Alcalde de Zalamea","code":"2024","kind":"stop","lines":",tmb-bus:119,"},"geometry":{"type":"Point","coordinates":[2.15684,41.42063]}},{"type":"Feature","properties":{"name":"Segimon - L'Alguer","code":"2025","kind":"stop","lines":",tmb-bus:119,"},"geometry":{"type":"Point","coordinates":[2.1551,41.42095]}},{"type":"Feature","properties":{"name":"Fastenrath - L'Hortal","code":"2026","kind":"stop","lines":",tmb-bus:119,"},"geometry":{"type":"Point","coordinates":[2.15267,41.42192]}},{"type":"Feature","properties":{"name":"Fastenrath - Llobregós","code":"2987","kind":"stop","lines":",tmb-bus:119,"},"geometry":{"type":"Point","coordinates":[2.1515,41.42164]}},{"type":"Feature","properties":{"name":"Mare de Déu del Coll - Lorda","code":"2773","kind":"stop","lines":",tmb-bus:119,"},"geometry":{"type":"Point","coordinates":[2.14953,41.42101]}},{"type":"Feature","properties":{"name":"Camí dels Àngels","code":"2028","kind":"stop","lines":",tmb-bus:119,"},"geometry":{"type":"Point","coordinates":[2.14897,41.42166]}},{"type":"Feature","properties":{"name":"Parc de La Creueta del Coll","code":"2029","kind":"stop","lines":",tmb-bus:119,"},"geometry":{"type":"Point","coordinates":[2.14627,41.4213]}},{"type":"Feature","properties":{"name":"Castellbisbal - Sta Rosalia","code":"3052","kind":"stop","lines":",tmb-bus:119,"},"geometry":{"type":"Point","coordinates":[2.14428,41.42137]}},{"type":"Feature","properties":{"name":"Fastenrath - Arenys","code":"2976","kind":"stop","lines":",tmb-bus:119,"},"geometry":{"type":"Point","coordinates":[2.1429,41.42187]}},{"type":"Feature","properties":{"name":"Pg Vall d'Hebron - Patronat Ribes","code":"1372","kind":"stop","lines":",tmb-bus:119,"},"geometry":{"type":"Point","coordinates":[2.14129,41.42234]}},{"type":"Feature","properties":{"name":"Jericó - Pg Vall d'Hebron","code":"2154","kind":"stop","lines":",tmb-bus:119,"},"geometry":{"type":"Point","coordinates":[2.1395,41.42079]}},{"type":"Feature","properties":{"name":"Jericó - Romeu","code":"2155","kind":"stop","lines":",tmb-bus:119,"},"geometry":{"type":"Point","coordinates":[2.13902,41.42183]}},{"type":"Feature","properties":{"name":"Vall Park","code":"2656","kind":"stop","lines":",tmb-bus:119,"},"geometry":{"type":"Point","coordinates":[2.13516,41.42478]}},{"type":"Feature","properties":{"name":"Ctra Sant Cugat - Samària","code":"2156","kind":"stop","lines":",tmb-bus:119,"},"geometry":{"type":"Point","coordinates":[2.13826,41.42222]}},{"type":"Feature","properties":{"name":"Ctra Sant Cugat - Navata","code":"2157","kind":"stop","lines":",tmb-bus:119,"},"geometry":{"type":"Point","coordinates":[2.13853,41.42062]}},{"type":"Feature","properties":{"name":"Ctra Sant Cugat - Gutenberg","code":"2158","kind":"stop","lines":",tmb-bus:119,"},"geometry":{"type":"Point","coordinates":[2.13856,41.4186]}},{"type":"Feature","properties":{"name":"Pg Vall d'Hebron - Anna Piferrer","code":"2200","kind":"stop","lines":",tmb-bus:119,tmb-bus:123,tmb-bus:124,"},"geometry":{"type":"Point","coordinates":[2.13914,41.41783]}},{"type":"Feature","properties":{"name":"Manso - Calàbria","code":"2043","kind":"stop","lines":",tmb-bus:120,"},"geometry":{"type":"Point","coordinates":[2.16049,41.37667]}},{"type":"Feature","properties":{"name":"Riera Alta - Nou de Dulce","code":"2044","kind":"stop","lines":",tmb-bus:120,"},"geometry":{"type":"Point","coordinates":[2.16374,41.38034]}},{"type":"Feature","properties":{"name":"Riera Alta - Erasme de Janer","code":"2045","kind":"stop","lines":",tmb-bus:120,"},"geometry":{"type":"Point","coordinates":[2.16646,41.38048]}},{"type":"Feature","properties":{"name":"Rambla del Raval - Aurora","code":"2046","kind":"stop","lines":",tmb-bus:120,"},"geometry":{"type":"Point","coordinates":[2.16822,41.37931]}},{"type":"Feature","properties":{"name":"Rambla del Raval - Sant Pau","code":"2047","kind":"stop","lines":",tmb-bus:120,"},"geometry":{"type":"Point","coordinates":[2.17022,41.37763]}},{"type":"Feature","properties":{"name":"Av Drassanes - Arc del Teatre","code":"2048","kind":"stop","lines":",tmb-bus:120,"},"geometry":{"type":"Point","coordinates":[2.17308,41.37663]}},{"type":"Feature","properties":{"name":"Av Drassanes - Pl Portal de la Pau","code":"2049","kind":"stop","lines":",tmb-bus:120,"},"geometry":{"type":"Point","coordinates":[2.17624,41.37601]}},{"type":"Feature","properties":{"name":"Francesc Cambó - Freixures","code":"2920","kind":"stop","lines":",tmb-bus:120,"},"geometry":{"type":"Point","coordinates":[2.1775,41.38605]}},{"type":"Feature","properties":{"name":"Gombau - Jaume Giralt","code":"3443","kind":"stop","lines":",tmb-bus:120,"},"geometry":{"type":"Point","coordinates":[2.17934,41.38718]}},{"type":"Feature","properties":{"name":"Placeta del Comerç","code":"2923","kind":"stop","lines":",tmb-bus:120,"},"geometry":{"type":"Point","coordinates":[2.18096,41.38962]}},{"type":"Feature","properties":{"name":"Pg Picasso - Comerç","code":"1130","kind":"stop","lines":",tmb-bus:120,"},"geometry":{"type":"Point","coordinates":[2.18209,41.38836]}},{"type":"Feature","properties":{"name":"Pl Pons Clerch","code":"2925","kind":"stop","lines":",tmb-bus:120,"},"geometry":{"type":"Point","coordinates":[2.18186,41.3865]}},{"type":"Feature","properties":{"name":"Princesa - Montcada","code":"2926","kind":"stop","lines":",tmb-bus:120,"},"geometry":{"type":"Point","coordinates":[2.18029,41.38526]}},{"type":"Feature","properties":{"name":"Ample - Fusteria","code":"2927","kind":"stop","lines":",tmb-bus:120,"},"geometry":{"type":"Point","coordinates":[2.18057,41.38126]}},{"type":"Feature","properties":{"name":"Pl de la Mercè","code":"2928","kind":"stop","lines":",tmb-bus:120,"},"geometry":{"type":"Point","coordinates":[2.17932,41.37951]}},{"type":"Feature","properties":{"name":"Pl del Duc de Medinaceli","code":"2929","kind":"stop","lines":",tmb-bus:120,"},"geometry":{"type":"Point","coordinates":[2.17854,41.37835]}},{"type":"Feature","properties":{"name":"Metro Drassanes","code":"2051","kind":"stop","lines":",tmb-bus:120,"},"geometry":{"type":"Point","coordinates":[2.1748,41.37642]}},{"type":"Feature","properties":{"name":"Av Drassanes - Nou de la Rambla","code":"2052","kind":"stop","lines":",tmb-bus:120,"},"geometry":{"type":"Point","coordinates":[2.17273,41.37683]}},{"type":"Feature","properties":{"name":"Rambla del Raval - Sant Josep Oriol","code":"2053","kind":"stop","lines":",tmb-bus:120,"},"geometry":{"type":"Point","coordinates":[2.17053,41.37801]}},{"type":"Feature","properties":{"name":"Rambla del Raval - Hospital","code":"2054","kind":"stop","lines":",tmb-bus:120,"},"geometry":{"type":"Point","coordinates":[2.1688,41.37946]}},{"type":"Feature","properties":{"name":"Pl Joan Amades","code":"2055","kind":"stop","lines":",tmb-bus:120,"},"geometry":{"type":"Point","coordinates":[2.16872,41.38139]}},{"type":"Feature","properties":{"name":"Pl dels Àngels","code":"2056","kind":"stop","lines":",tmb-bus:120,"},"geometry":{"type":"Point","coordinates":[2.16789,41.38266]}},{"type":"Feature","properties":{"name":"Montalegre - Valldonzella","code":"2057","kind":"stop","lines":",tmb-bus:120,"},"geometry":{"type":"Point","coordinates":[2.16678,41.384]}},{"type":"Feature","properties":{"name":"Torres i Amat - Ptge St Bernat","code":"2930","kind":"stop","lines":",tmb-bus:120,"},"geometry":{"type":"Point","coordinates":[2.16467,41.38442]}},{"type":"Feature","properties":{"name":"Mercat de Sant Antoni","code":"2059","kind":"stop","lines":",tmb-bus:121,"},"geometry":{"type":"Point","coordinates":[2.16138,41.37734]}},{"type":"Feature","properties":{"name":"Ricart - Paral·lel","code":"2990","kind":"stop","lines":",tmb-bus:121,"},"geometry":{"type":"Point","coordinates":[2.15826,41.37436]}},{"type":"Feature","properties":{"name":"Elkano - Blasco de Garay","code":"2063","kind":"stop","lines":",tmb-bus:121,"},"geometry":{"type":"Point","coordinates":[2.16309,41.37312]}},{"type":"Feature","properties":{"name":"Elkano - Poeta Cabanyes","code":"2064","kind":"stop","lines":",tmb-bus:121,"},"geometry":{"type":"Point","coordinates":[2.16482,41.37258]}},{"type":"Feature","properties":{"name":"CAP Les Hortes","code":"3008","kind":"stop","lines":",tmb-bus:121,"},"geometry":{"type":"Point","coordinates":[2.16679,41.37178]}},{"type":"Feature","properties":{"name":"Vila i Vilà - Puigxuriguer","code":"2067","kind":"stop","lines":",tmb-bus:121,"},"geometry":{"type":"Point","coordinates":[2.17291,41.37293]}},{"type":"Feature","properties":{"name":"Pg. Montjuïc, 38","code":"9791","kind":"stop","lines":",tmb-bus:121,"},"geometry":{"type":"Point","coordinates":[2.17073,41.37222]}},{"type":"Feature","properties":{"name":"Pg de Montjuïc - Nou de La Rambla","code":"2536","kind":"stop","lines":",tmb-bus:121,"},"geometry":{"type":"Point","coordinates":[2.16722,41.37195]}},{"type":"Feature","properties":{"name":"Montsant - Cadí","code":"2401","kind":"stop","lines":",tmb-bus:122,"},"geometry":{"type":"Point","coordinates":[2.17026,41.43346]}},{"type":"Feature","properties":{"name":"Montmajor - Pg de la Peira","code":"2402","kind":"stop","lines":",tmb-bus:122,"},"geometry":{"type":"Point","coordinates":[2.1705,41.43228]}},{"type":"Feature","properties":{"name":"Teide - Fabra i Puig","code":"3180","kind":"stop","lines":",tmb-bus:122,"},"geometry":{"type":"Point","coordinates":[2.16914,41.43016]}},{"type":"Feature","properties":{"name":"Cartellà - Pl d'Àlvaro Cunqueiro","code":"2404","kind":"stop","lines":",tmb-bus:122,"},"geometry":{"type":"Point","coordinates":[2.16908,41.42855]}},{"type":"Feature","properties":{"name":"Cartellà - Amílcar","code":"2405","kind":"stop","lines":",tmb-bus:122,"},"geometry":{"type":"Point","coordinates":[2.17266,41.42768]}},{"type":"Feature","properties":{"name":"Vall d'Ordesa - Institut Josep Pla","code":"3483","kind":"stop","lines":",tmb-bus:122,"},"geometry":{"type":"Point","coordinates":[2.16428,41.43158]}},{"type":"Feature","properties":{"name":"Vall d'Ordesa - Canfranc","code":"3484","kind":"stop","lines":",tmb-bus:122,"},"geometry":{"type":"Point","coordinates":[2.16652,41.43104]}},{"type":"Feature","properties":{"name":"Cadi - Pg de la Peira","code":"2951","kind":"stop","lines":",tmb-bus:122,"},"geometry":{"type":"Point","coordinates":[2.16918,41.43176]}},{"type":"Feature","properties":{"name":"Beret - Teide","code":"2950","kind":"stop","lines":",tmb-bus:122,"},"geometry":{"type":"Point","coordinates":[2.16767,41.43214]}},{"type":"Feature","properties":{"name":"Aneto - Montmajor","code":"2395","kind":"stop","lines":",tmb-bus:122,"},"geometry":{"type":"Point","coordinates":[2.17024,41.43283]}},{"type":"Feature","properties":{"name":"Montagut - Vila-seca","code":"3020","kind":"stop","lines":",tmb-bus:122,"},"geometry":{"type":"Point","coordinates":[2.16825,41.43406]}},{"type":"Feature","properties":{"name":"Espinauga - Darnius","code":"3021","kind":"stop","lines":",tmb-bus:122,"},"geometry":{"type":"Point","coordinates":[2.16625,41.43515]}},{"type":"Feature","properties":{"name":"Pl Karl Marx - Via Favència","code":"2416","kind":"stop","lines":",tmb-bus:122,tmb-bus:185,"},"geometry":{"type":"Point","coordinates":[2.16386,41.4402]}},{"type":"Feature","properties":{"name":"Pg d'Urrutia - Cistellet","code":"2398","kind":"stop","lines":",tmb-bus:122,"},"geometry":{"type":"Point","coordinates":[2.16569,41.43585]}},{"type":"Feature","properties":{"name":"Pg d'Urrutia - Rocabruna","code":"2400","kind":"stop","lines":",tmb-bus:122,"},"geometry":{"type":"Point","coordinates":[2.16764,41.43533]}},{"type":"Feature","properties":{"name":"Pg d'Urrutia - Dr Pi i Molist","code":"3158","kind":"stop","lines":",tmb-bus:122,"},"geometry":{"type":"Point","coordinates":[2.17087,41.43477]}},{"type":"Feature","properties":{"name":"Nil - Dr Pi i Molist","code":"3159","kind":"stop","lines":",tmb-bus:122,"},"geometry":{"type":"Point","coordinates":[2.17171,41.43417]}},{"type":"Feature","properties":{"name":"St Iscle - Travau","code":"3160","kind":"stop","lines":",tmb-bus:122,"},"geometry":{"type":"Point","coordinates":[2.17028,41.43425]}},{"type":"Feature","properties":{"name":"Metro Penitens","code":"2838","kind":"stop","lines":",tmb-bus:123,"},"geometry":{"type":"Point","coordinates":[2.14086,41.41734]}},{"type":"Feature","properties":{"name":"CAP Vallcarca","code":"713","kind":"stop","lines":",tmb-bus:123,tmb-bus:124,"},"geometry":{"type":"Point","coordinates":[2.14226,41.41548]}},{"type":"Feature","properties":{"name":"Hospital Delfos","code":"400","kind":"stop","lines":",tmb-bus:123,"},"geometry":{"type":"Point","coordinates":[2.1429,41.41342]}},{"type":"Feature","properties":{"name":"Esteve Terradas - Josep Jover","code":"2442","kind":"stop","lines":",tmb-bus:123,tmb-bus:124,"},"geometry":{"type":"Point","coordinates":[2.14051,41.41389]}},{"type":"Feature","properties":{"name":"Parc Sanitari Pere Virgili","code":"2443","kind":"stop","lines":",tmb-bus:123,tmb-bus:124,"},"geometry":{"type":"Point","coordinates":[2.13981,41.41505]}},{"type":"Feature","properties":{"name":"Esperança - Vilana","code":"2433","kind":"stop","lines":",tmb-bus:123,"},"geometry":{"type":"Point","coordinates":[2.12855,41.40505]}},{"type":"Feature","properties":{"name":"Esperança - Marquesa de Vilallonga","code":"2434","kind":"stop","lines":",tmb-bus:123,"},"geometry":{"type":"Point","coordinates":[2.12641,41.40396]}},{"type":"Feature","properties":{"name":"Planella - Marquesa de Vilallonga","code":"2436","kind":"stop","lines":",tmb-bus:123,"},"geometry":{"type":"Point","coordinates":[2.12622,41.40677]}},{"type":"Feature","properties":{"name":"Bellesguard - Immaculada","code":"2437","kind":"stop","lines":",tmb-bus:123,"},"geometry":{"type":"Point","coordinates":[2.12803,41.40836]}},{"type":"Feature","properties":{"name":"Bellesguard - Valeta d'Arquer","code":"2438","kind":"stop","lines":",tmb-bus:123,"},"geometry":{"type":"Point","coordinates":[2.12643,41.40909]}},{"type":"Feature","properties":{"name":"Balsareny - Vista Bella","code":"2439","kind":"stop","lines":",tmb-bus:123,"},"geometry":{"type":"Point","coordinates":[2.12941,41.41161]}},{"type":"Feature","properties":{"name":"Vista Bella - Infanta Isabel","code":"3765","kind":"stop","lines":",tmb-bus:123,"},"geometry":{"type":"Point","coordinates":[2.12983,41.41015]}},{"type":"Feature","properties":{"name":"Jesús Maria - Quatre Camins","code":"2440","kind":"stop","lines":",tmb-bus:123,"},"geometry":{"type":"Point","coordinates":[2.13159,41.41054]}},{"type":"Feature","properties":{"name":"Jesús Maria - Pg Sant Gervasi","code":"2441","kind":"stop","lines":",tmb-bus:123,"},"geometry":{"type":"Point","coordinates":[2.13295,41.40966]}},{"type":"Feature","properties":{"name":"Pg Sant Gervasi - Folgueroles","code":"97","kind":"stop","lines":",tmb-bus:123,"},"geometry":{"type":"Point","coordinates":[2.13521,41.40938]}},{"type":"Feature","properties":{"name":"av. Tibidabo, 25","code":"9532","kind":"stop","lines":",tmb-bus:123,"},"geometry":{"type":"Point","coordinates":[2.13494,41.41319]}},{"type":"Feature","properties":{"name":"Anna Piferrer - Av Vallcarca","code":"2453","kind":"stop","lines":",tmb-bus:124,"},"geometry":{"type":"Point","coordinates":[2.14071,41.4174]}},{"type":"Feature","properties":{"name":"Collserola - Josep Garí","code":"2655","kind":"stop","lines":",tmb-bus:124,"},"geometry":{"type":"Point","coordinates":[2.1361,41.41625]}},{"type":"Feature","properties":{"name":"Collserola - Carlos Pirozzini","code":"2445","kind":"stop","lines":",tmb-bus:124,"},"geometry":{"type":"Point","coordinates":[2.13502,41.4172]}},{"type":"Feature","properties":{"name":"Enric Clarassó - Collserola","code":"2446","kind":"stop","lines":",tmb-bus:124,"},"geometry":{"type":"Point","coordinates":[2.13391,41.41825]}},{"type":"Feature","properties":{"name":"Carles Pirozzini - Collserola","code":"2761","kind":"stop","lines":",tmb-bus:124,"},"geometry":{"type":"Point","coordinates":[2.13461,41.41658]}},{"type":"Feature","properties":{"name":"Enginyeria - Marquès de Lamadrid","code":"2762","kind":"stop","lines":",tmb-bus:124,"},"geometry":{"type":"Point","coordinates":[2.13266,41.41772]}},{"type":"Feature","properties":{"name":"Enginyeria - Collserola","code":"2763","kind":"stop","lines":",tmb-bus:124,"},"geometry":{"type":"Point","coordinates":[2.13126,41.41791]}},{"type":"Feature","properties":{"name":"Collserola - August Font","code":"2764","kind":"stop","lines":",tmb-bus:124,"},"geometry":{"type":"Point","coordinates":[2.13084,41.41823]}},{"type":"Feature","properties":{"name":"Collserola - Salvador Alarma","code":"2765","kind":"stop","lines":",tmb-bus:124,"},"geometry":{"type":"Point","coordinates":[2.13214,41.41854]}},{"type":"Feature","properties":{"name":"Salvador Alarma - August Font","code":"2766","kind":"stop","lines":",tmb-bus:124,"},"geometry":{"type":"Point","coordinates":[2.13397,41.41899]}},{"type":"Feature","properties":{"name":"Josep M Jujol - August Font","code":"2767","kind":"stop","lines":",tmb-bus:124,"},"geometry":{"type":"Point","coordinates":[2.13362,41.41974]}},{"type":"Feature","properties":{"name":"Josep M Jujol - Vallpar","code":"2788","kind":"stop","lines":",tmb-bus:124,"},"geometry":{"type":"Point","coordinates":[2.13399,41.42097]}},{"type":"Feature","properties":{"name":"Vallpar - Josep M Jujol","code":"2768","kind":"stop","lines":",tmb-bus:124,"},"geometry":{"type":"Point","coordinates":[2.13488,41.42019]}},{"type":"Feature","properties":{"name":"Vallpar - Navata","code":"2769","kind":"stop","lines":",tmb-bus:124,"},"geometry":{"type":"Point","coordinates":[2.13579,41.41925]}},{"type":"Feature","properties":{"name":"Ticià - Penitents","code":"2770","kind":"stop","lines":",tmb-bus:124,"},"geometry":{"type":"Point","coordinates":[2.13663,41.41833]}},{"type":"Feature","properties":{"name":"Ticià - Palma de St Genís","code":"2771","kind":"stop","lines":",tmb-bus:124,"},"geometry":{"type":"Point","coordinates":[2.13762,41.41761]}},{"type":"Feature","properties":{"name":"Mare de Déu de Port - Pl Teresa Claramunt","code":"2493","kind":"stop","lines":",tmb-bus:125,"},"geometry":{"type":"Point","coordinates":[2.1395,41.36219]}},{"type":"Feature","properties":{"name":"Alts Forns - Mare de Déu de Port","code":"1913","kind":"stop","lines":",tmb-bus:125,"},"geometry":{"type":"Point","coordinates":[2.1424,41.35978]}},{"type":"Feature","properties":{"name":"Segura - Jocs del 92","code":"2662","kind":"stop","lines":",tmb-bus:125,"},"geometry":{"type":"Point","coordinates":[2.14549,41.3632]}},{"type":"Feature","properties":{"name":"Av Estadi - INEFC","code":"348","kind":"stop","lines":",tmb-bus:125,tmb-bus:150,"},"geometry":{"type":"Point","coordinates":[2.14737,41.36548]}},{"type":"Feature","properties":{"name":"Piscines Picornell - Museu Nacional","code":"344","kind":"stop","lines":",tmb-bus:125,tmb-bus:150,"},"geometry":{"type":"Point","coordinates":[2.15136,41.36647]}},{"type":"Feature","properties":{"name":"Av de l'Estadi - Estadi Olímpic","code":"345","kind":"stop","lines":",tmb-bus:125,tmb-bus:150,"},"geometry":{"type":"Point","coordinates":[2.15454,41.366]}},{"type":"Feature","properties":{"name":"Mare de Déu de Port - Sant Eloi","code":"2494","kind":"stop","lines":",tmb-bus:125,"},"geometry":{"type":"Point","coordinates":[2.1437,41.35755]}},{"type":"Feature","properties":{"name":"Pl del Nou - Estany","code":"3210","kind":"stop","lines":",tmb-bus:125,"},"geometry":{"type":"Point","coordinates":[2.14155,41.35342]}},{"type":"Feature","properties":{"name":"Plom 5 - 7","code":"9621","kind":"stop","lines":",tmb-bus:125,"},"geometry":{"type":"Point","coordinates":[2.13607,41.35192]}},{"type":"Feature","properties":{"name":"Alumini - Alts Forns","code":"2606","kind":"stop","lines":",tmb-bus:125,"},"geometry":{"type":"Point","coordinates":[2.13519,41.35609]}},{"type":"Feature","properties":{"name":"Alumini - Ctra del Prat","code":"2501","kind":"stop","lines":",tmb-bus:125,"},"geometry":{"type":"Point","coordinates":[2.13292,41.35922]}},{"type":"Feature","properties":{"name":"Ctra del Prat - Energia","code":"2180","kind":"stop","lines":",tmb-bus:125,"},"geometry":{"type":"Point","coordinates":[2.13413,41.36061]}},{"type":"Feature","properties":{"name":"Foneria - Pg Zona Franca","code":"2504","kind":"stop","lines":",tmb-bus:125,"},"geometry":{"type":"Point","coordinates":[2.13827,41.36032]}},{"type":"Feature","properties":{"name":"Mineria - Mare de Déu de Port","code":"2502","kind":"stop","lines":",tmb-bus:125,"},"geometry":{"type":"Point","coordinates":[2.13829,41.36487]}},{"type":"Feature","properties":{"name":"Peníscola - Pare Manjón","code":"3016","kind":"stop","lines":",tmb-bus:126,tmb-bus:127,"},"geometry":{"type":"Point","coordinates":[2.19071,41.45342]}},{"type":"Feature","properties":{"name":"Turó de La Trinitat - Ausona","code":"3017","kind":"stop","lines":",tmb-bus:126,tmb-bus:127,"},"geometry":{"type":"Point","coordinates":[2.19142,41.45288]}},{"type":"Feature","properties":{"name":"Turó de La Trinitat - Foradada","code":"3018","kind":"stop","lines":",tmb-bus:126,"},"geometry":{"type":"Point","coordinates":[2.1907,41.45113]}},{"type":"Feature","properties":{"name":"Turó de La Trinitat - Madriguera","code":"3019","kind":"stop","lines":",tmb-bus:126,tmb-bus:127,"},"geometry":{"type":"Point","coordinates":[2.19016,41.44991]}},{"type":"Feature","properties":{"name":"Palomar - Gran de Sant Andreu","code":"2701","kind":"stop","lines":",tmb-bus:126,tmb-bus:127,tmb-bus:133,"},"geometry":{"type":"Point","coordinates":[2.18865,41.44196]}},{"type":"Feature","properties":{"name":"Segre - Pl Orfila","code":"128","kind":"stop","lines":",tmb-bus:126,tmb-bus:133,"},"geometry":{"type":"Point","coordinates":[2.19147,41.43575]}},{"type":"Feature","properties":{"name":"Segre - Sant Adrià","code":"1338","kind":"stop","lines":",tmb-bus:126,tmb-bus:133,"},"geometry":{"type":"Point","coordinates":[2.19241,41.43358]}},{"type":"Feature","properties":{"name":"Virgili - Pl de Montserrat Roca i Baltà","code":"1943","kind":"stop","lines":",tmb-bus:126,tmb-bus:133,"},"geometry":{"type":"Point","coordinates":[2.19342,41.4313]}},{"type":"Feature","properties":{"name":"Juan de Garay, 114","code":"9969","kind":"stop","lines":",tmb-bus:126,"},"geometry":{"type":"Point","coordinates":[2.18574,41.42236]}},{"type":"Feature","properties":{"name":"Via Favència - Pablo Iglesias","code":"3814","kind":"stop","lines":",tmb-bus:127,"},"geometry":{"type":"Point","coordinates":[2.18236,41.44631]}},{"type":"Feature","properties":{"name":"Via Favència - Rda de Dalt","code":"3181","kind":"stop","lines":",tmb-bus:127,"},"geometry":{"type":"Point","coordinates":[2.18526,41.44693]}},{"type":"Feature","properties":{"name":"Mireia - Finestrelles","code":"3025","kind":"stop","lines":",tmb-bus:127,"},"geometry":{"type":"Point","coordinates":[2.1894,41.45114]}},{"type":"Feature","properties":{"name":"Mireia - Ausona","code":"3026","kind":"stop","lines":",tmb-bus:127,"},"geometry":{"type":"Point","coordinates":[2.18955,41.45234]}},{"type":"Feature","properties":{"name":"Sa Tuna - Palamós","code":"3775","kind":"stop","lines":",tmb-bus:127,"},"geometry":{"type":"Point","coordinates":[2.18752,41.45199]}},{"type":"Feature","properties":{"name":"Aiguablava - Vila-real","code":"2515","kind":"stop","lines":",tmb-bus:127,tmb-bus:180,"},"geometry":{"type":"Point","coordinates":[2.18629,41.45167]}},{"type":"Feature","properties":{"name":"Mercat Mare de Déu de Montserrat","code":"2792","kind":"stop","lines":",tmb-bus:127,"},"geometry":{"type":"Point","coordinates":[2.17907,41.44621]}},{"type":"Feature","properties":{"name":"Pla de Fornells - Jaume Pinent","code":"2793","kind":"stop","lines":",tmb-bus:127,"},"geometry":{"type":"Point","coordinates":[2.17668,41.44639]}},{"type":"Feature","properties":{"name":"Romaní - Les Torres","code":"2794","kind":"stop","lines":",tmb-bus:127,"},"geometry":{"type":"Point","coordinates":[2.17516,41.44657]}},{"type":"Feature","properties":{"name":"Garigliano - Almansa","code":"2507","kind":"stop","lines":",tmb-bus:127,"},"geometry":{"type":"Point","coordinates":[2.17397,41.44614]}},{"type":"Feature","properties":{"name":"Mina de la Ciutat - Pla de Fornells","code":"2513","kind":"stop","lines":",tmb-bus:127,tmb-bus:134,"},"geometry":{"type":"Point","coordinates":[2.17576,41.44817]}},{"type":"Feature","properties":{"name":"Cantera - Llobera","code":"2512","kind":"stop","lines":",tmb-bus:127,"},"geometry":{"type":"Point","coordinates":[2.17759,41.44923]}},{"type":"Feature","properties":{"name":"Llobera","code":"2977","kind":"stop","lines":",tmb-bus:127,"},"geometry":{"type":"Point","coordinates":[2.17788,41.44999]}},{"type":"Feature","properties":{"name":"Escales de Llobera","code":"2511","kind":"stop","lines":",tmb-bus:127,"},"geometry":{"type":"Point","coordinates":[2.17643,41.44987]}},{"type":"Feature","properties":{"name":"Llobera - Baixada del Pedregar","code":"2510","kind":"stop","lines":",tmb-bus:127,"},"geometry":{"type":"Point","coordinates":[2.17522,41.44945]}},{"type":"Feature","properties":{"name":"Rodrigo Caro - Llobera","code":"2978","kind":"stop","lines":",tmb-bus:127,"},"geometry":{"type":"Point","coordinates":[2.17453,41.44915]}},{"type":"Feature","properties":{"name":"Rodrigo Caro - Fornells","code":"2979","kind":"stop","lines":",tmb-bus:127,"},"geometry":{"type":"Point","coordinates":[2.17377,41.44848]}},{"type":"Feature","properties":{"name":"Rodrigo Caro - Ojeda","code":"2980","kind":"stop","lines":",tmb-bus:127,"},"geometry":{"type":"Point","coordinates":[2.17318,41.44773]}},{"type":"Feature","properties":{"name":"Rodrigo Caro - Turó de les Roquetes","code":"3787","kind":"stop","lines":",tmb-bus:127,"},"geometry":{"type":"Point","coordinates":[2.17254,41.44768]}},{"type":"Feature","properties":{"name":"Rodrigo Caro - Artesania","code":"2798","kind":"stop","lines":",tmb-bus:127,"},"geometry":{"type":"Point","coordinates":[2.17145,41.44709]}},{"type":"Feature","properties":{"name":"Quarter de Simancas - Almansa","code":"2799","kind":"stop","lines":",tmb-bus:127,"},"geometry":{"type":"Point","coordinates":[2.1733,41.44538]}},{"type":"Feature","properties":{"name":"Cantera - Baixada del Pedregar","code":"3788","kind":"stop","lines":",tmb-bus:127,"},"geometry":{"type":"Point","coordinates":[2.17489,41.44895]}},{"type":"Feature","properties":{"name":"Artesania - Jaume Pinent","code":"3128","kind":"stop","lines":",tmb-bus:127,"},"geometry":{"type":"Point","coordinates":[2.17401,41.44808]}},{"type":"Feature","properties":{"name":"Artesania - Alcántara","code":"3099","kind":"stop","lines":",tmb-bus:127,"},"geometry":{"type":"Point","coordinates":[2.17234,41.44737]}},{"type":"Feature","properties":{"name":"CEIP Nabí","code":"3011","kind":"stop","lines":",tmb-bus:128,"},"geometry":{"type":"Point","coordinates":[2.10124,41.41679]}},{"type":"Feature","properties":{"name":"Elisa Moragas i Badia - Llicorella","code":"3012","kind":"stop","lines":",tmb-bus:128,"},"geometry":{"type":"Point","coordinates":[2.10278,41.41501]}},{"type":"Feature","properties":{"name":"Mercat de Vallvidrera","code":"3013","kind":"stop","lines":",tmb-bus:128,"},"geometry":{"type":"Point","coordinates":[2.1037,41.41407]}},{"type":"Feature","properties":{"name":"FGC Baixador Vallvidrera","code":"2098","kind":"stop","lines":",tmb-bus:128,"},"geometry":{"type":"Point","coordinates":[2.09687,41.41996]}},{"type":"Feature","properties":{"name":"Camí del Sanatori - Ctra de Vallvidrera","code":"2099","kind":"stop","lines":",tmb-bus:128,"},"geometry":{"type":"Point","coordinates":[2.09659,41.42105]}},{"type":"Feature","properties":{"name":"Major del Rectoret - Parc Municipal de Vallvidrera","code":"2100","kind":"stop","lines":",tmb-bus:128,"},"geometry":{"type":"Point","coordinates":[2.09475,41.42348]}},{"type":"Feature","properties":{"name":"Major del Rectoret - Amarant","code":"2101","kind":"stop","lines":",tmb-bus:128,"},"geometry":{"type":"Point","coordinates":[2.09495,41.42453]}},{"type":"Feature","properties":{"name":"Bohemis - Savina","code":"2102","kind":"stop","lines":",tmb-bus:128,"},"geometry":{"type":"Point","coordinates":[2.09713,41.42533]}},{"type":"Feature","properties":{"name":"Savina - Pg del Magraner","code":"2103","kind":"stop","lines":",tmb-bus:128,"},"geometry":{"type":"Point","coordinates":[2.09661,41.42414]}},{"type":"Feature","properties":{"name":"Lilà - Boix","code":"2104","kind":"stop","lines":",tmb-bus:128,"},"geometry":{"type":"Point","coordinates":[2.0998,41.42569]}},{"type":"Feature","properties":{"name":"Lilà - Presseguer","code":"2105","kind":"stop","lines":",tmb-bus:128,"},"geometry":{"type":"Point","coordinates":[2.10092,41.42824]}},{"type":"Feature","properties":{"name":"Lilà - Menta","code":"2628","kind":"stop","lines":",tmb-bus:128,"},"geometry":{"type":"Point","coordinates":[2.10086,41.42947]}},{"type":"Feature","properties":{"name":"Casal Can Rectoret","code":"3904","kind":"stop","lines":",tmb-bus:128,"},"geometry":{"type":"Point","coordinates":[2.09843,41.42895]}},{"type":"Feature","properties":{"name":"Pl de la Tulipa - Satèl·lits","code":"2299","kind":"stop","lines":",tmb-bus:128,"},"geometry":{"type":"Point","coordinates":[2.0965,41.4279]}},{"type":"Feature","properties":{"name":"Orellana - Passatge Ossa Major","code":"2300","kind":"stop","lines":",tmb-bus:128,"},"geometry":{"type":"Point","coordinates":[2.09615,41.4294]}},{"type":"Feature","properties":{"name":"Orellana, direcció El Rectoret","code":"2301","kind":"stop","lines":",tmb-bus:128,"},"geometry":{"type":"Point","coordinates":[2.09666,41.43163]}},{"type":"Feature","properties":{"name":"Pl Coll de la Creu d'en Blau, direcció El Rectoret","code":"2109","kind":"stop","lines":",tmb-bus:128,"},"geometry":{"type":"Point","coordinates":[2.09415,41.43365]}},{"type":"Feature","properties":{"name":"Major del Rectoret - Marco Polo","code":"2110","kind":"stop","lines":",tmb-bus:128,"},"geometry":{"type":"Point","coordinates":[2.09485,41.42964]}},{"type":"Feature","properties":{"name":"Major del Rectoret - Parsifal","code":"2111","kind":"stop","lines":",tmb-bus:128,"},"geometry":{"type":"Point","coordinates":[2.09384,41.42642]}},{"type":"Feature","properties":{"name":"Margalló - Major del Rectoret","code":"2112","kind":"stop","lines":",tmb-bus:128,"},"geometry":{"type":"Point","coordinates":[2.09616,41.42613]}},{"type":"Feature","properties":{"name":"Av del Rectoret - Baladre","code":"2113","kind":"stop","lines":",tmb-bus:128,"},"geometry":{"type":"Point","coordinates":[2.09304,41.42593]}},{"type":"Feature","properties":{"name":"Pl Major del Rectoret","code":"2072","kind":"stop","lines":",tmb-bus:128,"},"geometry":{"type":"Point","coordinates":[2.09221,41.42738]}},{"type":"Feature","properties":{"name":"Av del Rectoret - Vesc","code":"2114","kind":"stop","lines":",tmb-bus:128,"},"geometry":{"type":"Point","coordinates":[2.09286,41.42613]}},{"type":"Feature","properties":{"name":"Major del Rectoret - Margalló","code":"2115","kind":"stop","lines":",tmb-bus:128,"},"geometry":{"type":"Point","coordinates":[2.09586,41.42617]}},{"type":"Feature","properties":{"name":"Major del Rectoret - Lohengrin","code":"2116","kind":"stop","lines":",tmb-bus:128,"},"geometry":{"type":"Point","coordinates":[2.09395,41.42654]}},{"type":"Feature","properties":{"name":"Major del Rectoret - Costa del Bruc","code":"2108","kind":"stop","lines":",tmb-bus:128,"},"geometry":{"type":"Point","coordinates":[2.09489,41.4299]}},{"type":"Feature","properties":{"name":"Pl Coll de la Creu d'en Blau, direcció Vallvidrera","code":"2117","kind":"stop","lines":",tmb-bus:128,"},"geometry":{"type":"Point","coordinates":[2.09413,41.43365]}},{"type":"Feature","properties":{"name":"Orellana, direcció Vallvidrera","code":"2302","kind":"stop","lines":",tmb-bus:128,"},"geometry":{"type":"Point","coordinates":[2.09655,41.43163]}},{"type":"Feature","properties":{"name":"Orellana","code":"2303","kind":"stop","lines":",tmb-bus:128,"},"geometry":{"type":"Point","coordinates":[2.09609,41.42939]}},{"type":"Feature","properties":{"name":"Pl de la Tulipa - Traviata","code":"2304","kind":"stop","lines":",tmb-bus:128,"},"geometry":{"type":"Point","coordinates":[2.0965,41.4278]}},{"type":"Feature","properties":{"name":"Via Làctia - Menta","code":"3903","kind":"stop","lines":",tmb-bus:128,"},"geometry":{"type":"Point","coordinates":[2.09812,41.42875]}},{"type":"Feature","properties":{"name":"Lilà - Júpiter","code":"2627","kind":"stop","lines":",tmb-bus:128,"},"geometry":{"type":"Point","coordinates":[2.10069,41.42937]}},{"type":"Feature","properties":{"name":"Lilà - Geranis","code":"2121","kind":"stop","lines":",tmb-bus:128,"},"geometry":{"type":"Point","coordinates":[2.10083,41.42816]}},{"type":"Feature","properties":{"name":"Lilà - Poncelles","code":"2122","kind":"stop","lines":",tmb-bus:128,"},"geometry":{"type":"Point","coordinates":[2.09966,41.42564]}},{"type":"Feature","properties":{"name":"Savina - Poncelles","code":"2123","kind":"stop","lines":",tmb-bus:128,"},"geometry":{"type":"Point","coordinates":[2.0965,41.42417]}},{"type":"Feature","properties":{"name":"Bohemis - Amarant","code":"2124","kind":"stop","lines":",tmb-bus:128,"},"geometry":{"type":"Point","coordinates":[2.09734,41.42542]}},{"type":"Feature","properties":{"name":"Major del Rectoret","code":"2125","kind":"stop","lines":",tmb-bus:128,"},"geometry":{"type":"Point","coordinates":[2.0949,41.42459]}},{"type":"Feature","properties":{"name":"Parc Municipal de Vallvidrera","code":"2126","kind":"stop","lines":",tmb-bus:128,"},"geometry":{"type":"Point","coordinates":[2.09476,41.42332]}},{"type":"Feature","properties":{"name":"Camí del Sanatori - FGC Baixador de Vallvidrera","code":"2127","kind":"stop","lines":",tmb-bus:128,"},"geometry":{"type":"Point","coordinates":[2.0965,41.42086]}},{"type":"Feature","properties":{"name":"CAP Vallvidrera","code":"3009","kind":"stop","lines":",tmb-bus:128,"},"geometry":{"type":"Point","coordinates":[2.10391,41.41399]}},{"type":"Feature","properties":{"name":"Centre Cívic Vallvidrera","code":"3010","kind":"stop","lines":",tmb-bus:128,"},"geometry":{"type":"Point","coordinates":[2.10263,41.41522]}},{"type":"Feature","properties":{"name":"Tirso - Mora la Nova","code":"2843","kind":"stop","lines":",tmb-bus:129,"},"geometry":{"type":"Point","coordinates":[2.15098,41.41901]}},{"type":"Feature","properties":{"name":"Tirso - Pl Laguna Lanau","code":"2844","kind":"stop","lines":",tmb-bus:129,"},"geometry":{"type":"Point","coordinates":[2.15011,41.41776]}},{"type":"Feature","properties":{"name":"Aldea - Font del Remei","code":"2845","kind":"stop","lines":",tmb-bus:129,"},"geometry":{"type":"Point","coordinates":[2.15,41.4185]}},{"type":"Feature","properties":{"name":"Duran i Borrell - Baixada de Sant Marià","code":"2846","kind":"stop","lines":",tmb-bus:129,"},"geometry":{"type":"Point","coordinates":[2.14932,41.41804]}},{"type":"Feature","properties":{"name":"Torrent del Remei - Riu de la Plata","code":"2847","kind":"stop","lines":",tmb-bus:129,"},"geometry":{"type":"Point","coordinates":[2.14834,41.41615]}},{"type":"Feature","properties":{"name":"Sant Eudald - Mora d'Ebre","code":"2848","kind":"stop","lines":",tmb-bus:129,"},"geometry":{"type":"Point","coordinates":[2.14717,41.4148]}},{"type":"Feature","properties":{"name":"Sant Eudald - Pl Mons","code":"2849","kind":"stop","lines":",tmb-bus:129,"},"geometry":{"type":"Point","coordinates":[2.14528,41.41366]}},{"type":"Feature","properties":{"name":"Cardedeu - Montornès","code":"2851","kind":"stop","lines":",tmb-bus:129,"},"geometry":{"type":"Point","coordinates":[2.14437,41.4164]}},{"type":"Feature","properties":{"name":"Montornès - Capellades","code":"2852","kind":"stop","lines":",tmb-bus:129,"},"geometry":{"type":"Point","coordinates":[2.14269,41.41822]}},{"type":"Feature","properties":{"name":"Anna Piferrer - Betània","code":"3046","kind":"stop","lines":",tmb-bus:129,"},"geometry":{"type":"Point","coordinates":[2.14036,41.41754]}},{"type":"Feature","properties":{"name":"Parc Sanitari Pere Virgili","code":"3302","kind":"stop","lines":",tmb-bus:129,"},"geometry":{"type":"Point","coordinates":[2.142,41.41569]}},{"type":"Feature","properties":{"name":"Gustavo Bécquer - Av Vallcarca","code":"2841","kind":"stop","lines":",tmb-bus:129,"},"geometry":{"type":"Point","coordinates":[2.14262,41.41577]}},{"type":"Feature","properties":{"name":"Baró de la Barre - Gustavo Bécquer","code":"2842","kind":"stop","lines":",tmb-bus:129,"},"geometry":{"type":"Point","coordinates":[2.14439,41.41437]}},{"type":"Feature","properties":{"name":"Pl Artós","code":"702","kind":"stop","lines":",tmb-bus:130,"},"geometry":{"type":"Point","coordinates":[2.12562,41.39555]}},{"type":"Feature","properties":{"name":"Bonaplata","code":"3175","kind":"stop","lines":",tmb-bus:130,"},"geometry":{"type":"Point","coordinates":[2.12416,41.39604]}},{"type":"Feature","properties":{"name":"Bonaplata - Pedró de la Creu","code":"3176","kind":"stop","lines":",tmb-bus:130,"},"geometry":{"type":"Point","coordinates":[2.12205,41.3972]}},{"type":"Feature","properties":{"name":"Av J V Foix - Mendel","code":"2870","kind":"stop","lines":",tmb-bus:130,"},"geometry":{"type":"Point","coordinates":[2.12018,41.39718]}},{"type":"Feature","properties":{"name":"Ramon Miquel Planas - Duquesa d'Orleans","code":"2866","kind":"stop","lines":",tmb-bus:130,"},"geometry":{"type":"Point","coordinates":[2.11813,41.39988]}},{"type":"Feature","properties":{"name":"Ramon Miquel Planas - Major de Sarrià","code":"3177","kind":"stop","lines":",tmb-bus:130,"},"geometry":{"type":"Point","coordinates":[2.12023,41.40093]}},{"type":"Feature","properties":{"name":"Major de Sarrià - Nou de Santa Eulàlia","code":"1584","kind":"stop","lines":",tmb-bus:130,"},"geometry":{"type":"Point","coordinates":[2.11925,41.40227]}},{"type":"Feature","properties":{"name":"Major de Sarrià - General Vives","code":"1585","kind":"stop","lines":",tmb-bus:130,"},"geometry":{"type":"Point","coordinates":[2.11716,41.40347]}},{"type":"Feature","properties":{"name":"Pg de Santa Eulàlia - Can Caralleu","code":"330","kind":"stop","lines":",tmb-bus:130,"},"geometry":{"type":"Point","coordinates":[2.11535,41.40383]}},{"type":"Feature","properties":{"name":"Gaspar Cassadó - Can Caralleu","code":"2855","kind":"stop","lines":",tmb-bus:130,"},"geometry":{"type":"Point","coordinates":[2.11329,41.40061]}},{"type":"Feature","properties":{"name":"Major de Can Caralleu - Ptge Blada","code":"2858","kind":"stop","lines":",tmb-bus:130,"},"geometry":{"type":"Point","coordinates":[2.11029,41.40217]}},{"type":"Feature","properties":{"name":"CEIP Costa i Llobera","code":"2859","kind":"stop","lines":",tmb-bus:130,"},"geometry":{"type":"Point","coordinates":[2.10911,41.402]}},{"type":"Feature","properties":{"name":"Capella de Can Caralleu - Saüc","code":"2953","kind":"stop","lines":",tmb-bus:130,"},"geometry":{"type":"Point","coordinates":[2.10737,41.40232]}},{"type":"Feature","properties":{"name":"Camí de Lliçà","code":"2954","kind":"stop","lines":",tmb-bus:130,"},"geometry":{"type":"Point","coordinates":[2.10669,41.40236]}},{"type":"Feature","properties":{"name":"Pins de Can Caralleu - Lliçà","code":"2861","kind":"stop","lines":",tmb-bus:130,"},"geometry":{"type":"Point","coordinates":[2.10848,41.40316]}},{"type":"Feature","properties":{"name":"Pins de Can Caralleu","code":"2862","kind":"stop","lines":",tmb-bus:130,"},"geometry":{"type":"Point","coordinates":[2.10857,41.40385]}},{"type":"Feature","properties":{"name":"Pl de Mossèn Miquel Vall i Mundó","code":"2863","kind":"stop","lines":",tmb-bus:130,"},"geometry":{"type":"Point","coordinates":[2.10977,41.40315]}},{"type":"Feature","properties":{"name":"Torrent de Can Caralleu - Major de Can Caralleu","code":"2864","kind":"stop","lines":",tmb-bus:130,"},"geometry":{"type":"Point","coordinates":[2.11201,41.40181]}},{"type":"Feature","properties":{"name":"Major de Can Caralleu - Ronda de Dalt","code":"1777","kind":"stop","lines":",tmb-bus:130,"},"geometry":{"type":"Point","coordinates":[2.11344,41.40128]}},{"type":"Feature","properties":{"name":"Via Augusta - Tres Reis","code":"1313","kind":"stop","lines":",tmb-bus:130,"},"geometry":{"type":"Point","coordinates":[2.11802,41.40414]}},{"type":"Feature","properties":{"name":"Clos de St Francesc- Pg Reina Elisenda de Montcada","code":"3178","kind":"stop","lines":",tmb-bus:130,"},"geometry":{"type":"Point","coordinates":[2.12057,41.39933]}},{"type":"Feature","properties":{"name":"Pedró de la Creu - Gresolet","code":"2869","kind":"stop","lines":",tmb-bus:130,"},"geometry":{"type":"Point","coordinates":[2.12202,41.39763]}},{"type":"Feature","properties":{"name":"Sta Amèlia - Or","code":"3134","kind":"stop","lines":",tmb-bus:130,"},"geometry":{"type":"Point","coordinates":[2.12356,41.3938]}},{"type":"Feature","properties":{"name":"Major de Sarrià, 21-26","code":"9157","kind":"stop","lines":",tmb-bus:130,"},"geometry":{"type":"Point","coordinates":[2.12403,41.39688]}},{"type":"Feature","properties":{"name":"Pedró de la Creu, 29","code":"8568","kind":"stop","lines":",tmb-bus:130,"},"geometry":{"type":"Point","coordinates":[2.12205,41.39764]}},{"type":"Feature","properties":{"name":"Esteve Terradas - Parc Sanitari Pere Virgili","code":"3243","kind":"stop","lines":",tmb-bus:131,"},"geometry":{"type":"Point","coordinates":[2.13922,41.41526]}},{"type":"Feature","properties":{"name":"Parc Sanitari Pere Virgili","code":"3244","kind":"stop","lines":",tmb-bus:131,"},"geometry":{"type":"Point","coordinates":[2.14004,41.41514]}},{"type":"Feature","properties":{"name":"Esteve Terradas - Pl Alfonso Comín","code":"3245","kind":"stop","lines":",tmb-bus:131,"},"geometry":{"type":"Point","coordinates":[2.13846,41.41536]}},{"type":"Feature","properties":{"name":"Caire - República Argentina","code":"2882","kind":"stop","lines":",tmb-bus:131,"},"geometry":{"type":"Point","coordinates":[2.14105,41.41145]}},{"type":"Feature","properties":{"name":"Portolà - Ferran Puig","code":"2883","kind":"stop","lines":",tmb-bus:131,"},"geometry":{"type":"Point","coordinates":[2.14268,41.41079]}},{"type":"Feature","properties":{"name":"Ferran Puig - Jardins Turó del Putxet","code":"2884","kind":"stop","lines":",tmb-bus:131,"},"geometry":{"type":"Point","coordinates":[2.14398,41.41005]}},{"type":"Feature","properties":{"name":"Ferran Puig - Agramunt","code":"2885","kind":"stop","lines":",tmb-bus:131,"},"geometry":{"type":"Point","coordinates":[2.14517,41.40893]}},{"type":"Feature","properties":{"name":"Ferran Puig - Ballester","code":"2886","kind":"stop","lines":",tmb-bus:131,"},"geometry":{"type":"Point","coordinates":[2.14654,41.40763]}},{"type":"Feature","properties":{"name":"Mitre - Lesseps","code":"3939","kind":"stop","lines":",tmb-bus:131,"},"geometry":{"type":"Point","coordinates":[2.14849,41.40621]}},{"type":"Feature","properties":{"name":"Homer - Escipió","code":"3392","kind":"stop","lines":",tmb-bus:131,"},"geometry":{"type":"Point","coordinates":[2.14507,41.408]}},{"type":"Feature","properties":{"name":"Putxet - Cadis","code":"2888","kind":"stop","lines":",tmb-bus:131,"},"geometry":{"type":"Point","coordinates":[2.14397,41.40645]}},{"type":"Feature","properties":{"name":"Saragossa - Ronda General Mitre","code":"2872","kind":"stop","lines":",tmb-bus:131,"},"geometry":{"type":"Point","coordinates":[2.14371,41.40568]}},{"type":"Feature","properties":{"name":"Lucà - Craywinckel","code":"2876","kind":"stop","lines":",tmb-bus:131,"},"geometry":{"type":"Point","coordinates":[2.13892,41.41105]}},{"type":"Feature","properties":{"name":"Marmellà - Hurtado","code":"2880","kind":"stop","lines":",tmb-bus:131,"},"geometry":{"type":"Point","coordinates":[2.14132,41.40985]}},{"type":"Feature","properties":{"name":"Hurtado, 14-18","code":"8729","kind":"stop","lines":",tmb-bus:131,"},"geometry":{"type":"Point","coordinates":[2.14034,41.41112]}},{"type":"Feature","properties":{"name":"Costa i Cuxart - Av dels Quinze","code":"1957","kind":"stop","lines":",tmb-bus:132,"},"geometry":{"type":"Point","coordinates":[2.17529,41.42796]}},{"type":"Feature","properties":{"name":"Piferrer - Deià","code":"1925","kind":"stop","lines":",tmb-bus:132,tmb-bus:134,"},"geometry":{"type":"Point","coordinates":[2.17774,41.43212]}},{"type":"Feature","properties":{"name":"Piferrer - Pintor Alsamora","code":"1926","kind":"stop","lines":",tmb-bus:132,tmb-bus:134,"},"geometry":{"type":"Point","coordinates":[2.1797,41.43448]}},{"type":"Feature","properties":{"name":"Av Rio de Janeiro - Cementiri de Sant Andreu","code":"3423","kind":"stop","lines":",tmb-bus:132,tmb-bus:134,"},"geometry":{"type":"Point","coordinates":[2.18052,41.43682]}},{"type":"Feature","properties":{"name":"Av Rio de Janeiro - Pg Valldaura","code":"1927","kind":"stop","lines":",tmb-bus:132,tmb-bus:134,"},"geometry":{"type":"Point","coordinates":[2.18159,41.43893]}},{"type":"Feature","properties":{"name":"Pl Àngel Pestaña","code":"1928","kind":"stop","lines":",tmb-bus:132,"},"geometry":{"type":"Point","coordinates":[2.17925,41.44101]}},{"type":"Feature","properties":{"name":"Via Favència - Pablo Iglesias","code":"1910","kind":"stop","lines":",tmb-bus:132,"},"geometry":{"type":"Point","coordinates":[2.18277,41.44636]}},{"type":"Feature","properties":{"name":"CEIP Mercè Rodoreda","code":"2752","kind":"stop","lines":",tmb-bus:132,"},"geometry":{"type":"Point","coordinates":[2.18647,41.44595]}},{"type":"Feature","properties":{"name":"Av Rio de Janeiro - Tissó","code":"2753","kind":"stop","lines":",tmb-bus:132,"},"geometry":{"type":"Point","coordinates":[2.18462,41.44187]}},{"type":"Feature","properties":{"name":"Av Rio de Janeiro - Baltasar Gracián","code":"1930","kind":"stop","lines":",tmb-bus:132,"},"geometry":{"type":"Point","coordinates":[2.18254,41.4401]}},{"type":"Feature","properties":{"name":"Pg Andreu Nin - Rosselló i Porcel","code":"1932","kind":"stop","lines":",tmb-bus:132,"},"geometry":{"type":"Point","coordinates":[2.18229,41.43662]}},{"type":"Feature","properties":{"name":"Pg Andreu Nin - Parc Esportiu Can Dragó","code":"2454","kind":"stop","lines":",tmb-bus:132,"},"geometry":{"type":"Point","coordinates":[2.18147,41.43422]}},{"type":"Feature","properties":{"name":"Pg Ciutat de Mallorca - Av Rio de Janeiro","code":"1933","kind":"stop","lines":",tmb-bus:132,"},"geometry":{"type":"Point","coordinates":[2.18052,41.43249]}},{"type":"Feature","properties":{"name":"Pg Ciutat de Mallorca - Piferrer","code":"2455","kind":"stop","lines":",tmb-bus:132,"},"geometry":{"type":"Point","coordinates":[2.17867,41.43293]}},{"type":"Feature","properties":{"name":"Pintor Alsamora - Piferrer","code":"2456","kind":"stop","lines":",tmb-bus:132,"},"geometry":{"type":"Point","coordinates":[2.17921,41.43514]}},{"type":"Feature","properties":{"name":"Escultor Ordóñez - Pintor Alsamora","code":"2457","kind":"stop","lines":",tmb-bus:132,"},"geometry":{"type":"Point","coordinates":[2.17588,41.43503]}},{"type":"Feature","properties":{"name":"Escultor Ordóñez - Pl de Sóller","code":"1935","kind":"stop","lines":",tmb-bus:132,"},"geometry":{"type":"Point","coordinates":[2.17493,41.43361]}},{"type":"Feature","properties":{"name":"Malats - Arbúcies","code":"3657","kind":"stop","lines":",tmb-bus:133,"},"geometry":{"type":"Point","coordinates":[2.18638,41.43655]}},{"type":"Feature","properties":{"name":"Malats - Gran de Sant Andreu","code":"3658","kind":"stop","lines":",tmb-bus:133,"},"geometry":{"type":"Point","coordinates":[2.18933,41.43601]}},{"type":"Feature","properties":{"name":"Parc de la Maquinista","code":"3866","kind":"stop","lines":",tmb-bus:133,"},"geometry":{"type":"Point","coordinates":[2.1962,41.43541]}},{"type":"Feature","properties":{"name":"Sant Adrià - Formiga","code":"360","kind":"stop","lines":",tmb-bus:133,"},"geometry":{"type":"Point","coordinates":[2.20163,41.43579]}},{"type":"Feature","properties":{"name":"Sant Adrià - Pg Enric Sanchis","code":"1023","kind":"stop","lines":",tmb-bus:133,"},"geometry":{"type":"Point","coordinates":[2.20405,41.43601]}},{"type":"Feature","properties":{"name":"Campins - Pl del Baró de Viver","code":"3863","kind":"stop","lines":",tmb-bus:133,"},"geometry":{"type":"Point","coordinates":[2.1996,41.44744]}},{"type":"Feature","properties":{"name":"Ciutat d'Asunción - Potosí","code":"3345","kind":"stop","lines":",tmb-bus:133,"},"geometry":{"type":"Point","coordinates":[2.19929,41.44439]}},{"type":"Feature","properties":{"name":"Fernando Pessoa","code":"3344","kind":"stop","lines":",tmb-bus:133,"},"geometry":{"type":"Point","coordinates":[2.19304,41.44284]}},{"type":"Feature","properties":{"name":"Ctra de Ribes - Via Favència","code":"2619","kind":"stop","lines":",tmb-bus:133,"},"geometry":{"type":"Point","coordinates":[2.18963,41.44796]}},{"type":"Feature","properties":{"name":"Palomar - Fernando Pessoa","code":"3865","kind":"stop","lines":",tmb-bus:133,"},"geometry":{"type":"Point","coordinates":[2.19262,41.44221]}},{"type":"Feature","properties":{"name":"Ferran Junoy - Palomar","code":"2597","kind":"stop","lines":",tmb-bus:133,"},"geometry":{"type":"Point","coordinates":[2.19697,41.44298]}},{"type":"Feature","properties":{"name":"Ferran Junoy - Ciutat d'Asunción","code":"3861","kind":"stop","lines":",tmb-bus:133,"},"geometry":{"type":"Point","coordinates":[2.19797,41.44594]}},{"type":"Feature","properties":{"name":"Clariana - Clarà","code":"3862","kind":"stop","lines":",tmb-bus:133,"},"geometry":{"type":"Point","coordinates":[2.19975,41.44695]}},{"type":"Feature","properties":{"name":"Sant Adrià - Ciutat d'Asunción","code":"3656","kind":"stop","lines":",tmb-bus:133,"},"geometry":{"type":"Point","coordinates":[2.20048,41.43572]}},{"type":"Feature","properties":{"name":"Sant Adrià - Pg de l'Havana","code":"3385","kind":"stop","lines":",tmb-bus:133,"},"geometry":{"type":"Point","coordinates":[2.19635,41.43558]}},{"type":"Feature","properties":{"name":"Metro Trinitat Nova","code":"8657","kind":"stop","lines":",tmb-bus:134,"},"geometry":{"type":"Point","coordinates":[2.18232,41.44907]}},{"type":"Feature","properties":{"name":"Parc Esportiu Can Dragó","code":"3867","kind":"stop","lines":",tmb-bus:134,"},"geometry":{"type":"Point","coordinates":[2.18285,41.43668]}},{"type":"Feature","properties":{"name":"Estació Fabra i Puig","code":"3860","kind":"stop","lines":",tmb-bus:134,"},"geometry":{"type":"Point","coordinates":[2.18335,41.4316]}},{"type":"Feature","properties":{"name":"Trelawny - Pg Marítim","code":"1784","kind":"stop","lines":",tmb-bus:136,"},"geometry":{"type":"Point","coordinates":[2.19524,41.38519]}},{"type":"Feature","properties":{"name":"Llull - Joan d'Àustria","code":"3572","kind":"stop","lines":",tmb-bus:136,"},"geometry":{"type":"Point","coordinates":[2.19112,41.39284]}},{"type":"Feature","properties":{"name":"Llull - Àlaba","code":"31","kind":"stop","lines":",tmb-bus:136,"},"geometry":{"type":"Point","coordinates":[2.19552,41.39602]}},{"type":"Feature","properties":{"name":"Llull - Ciutat de Granada","code":"830","kind":"stop","lines":",tmb-bus:136,"},"geometry":{"type":"Point","coordinates":[2.19891,41.39849]}},{"type":"Feature","properties":{"name":"Llull - Llacuna","code":"1273","kind":"stop","lines":",tmb-bus:136,"},"geometry":{"type":"Point","coordinates":[2.20102,41.40007]}},{"type":"Feature","properties":{"name":"Llull - Bilbao","code":"827","kind":"stop","lines":",tmb-bus:136,"},"geometry":{"type":"Point","coordinates":[2.20343,41.40189]}},{"type":"Feature","properties":{"name":"Llull - Jardins Gandhi","code":"2134","kind":"stop","lines":",tmb-bus:136,"},"geometry":{"type":"Point","coordinates":[2.20675,41.40442]}},{"type":"Feature","properties":{"name":"Llull - Selva de Mar","code":"399","kind":"stop","lines":",tmb-bus:136,"},"geometry":{"type":"Point","coordinates":[2.21021,41.40702]}},{"type":"Feature","properties":{"name":"Llull - Diagonal Mar","code":"2268","kind":"stop","lines":",tmb-bus:136,"},"geometry":{"type":"Point","coordinates":[2.21303,41.40915]}},{"type":"Feature","properties":{"name":"Metro Maresme - Fòrum","code":"1090","kind":"stop","lines":",tmb-bus:136,"},"geometry":{"type":"Point","coordinates":[2.21717,41.41224]}},{"type":"Feature","properties":{"name":"Rambla Prim - Santander","code":"3573","kind":"stop","lines":",tmb-bus:136,"},"geometry":{"type":"Point","coordinates":[2.20118,41.42469]}},{"type":"Feature","properties":{"name":"Metro Maresme - Fòrum","code":"887","kind":"stop","lines":",tmb-bus:136,"},"geometry":{"type":"Point","coordinates":[2.21669,41.41218]}},{"type":"Feature","properties":{"name":"Pujades - Provençals","code":"2289","kind":"stop","lines":",tmb-bus:136,"},"geometry":{"type":"Point","coordinates":[2.20871,41.40775]}},{"type":"Feature","properties":{"name":"Pujades - Espronceda","code":"382","kind":"stop","lines":",tmb-bus:136,"},"geometry":{"type":"Point","coordinates":[2.2057,41.40558]}},{"type":"Feature","properties":{"name":"Pujades - Bilbao","code":"1274","kind":"stop","lines":",tmb-bus:136,tmb-bus:192,"},"geometry":{"type":"Point","coordinates":[2.20236,41.40301]}},{"type":"Feature","properties":{"name":"Castelló - Camí Font Freda (Origen-Final)","code":"2944","kind":"stop","lines":",tmb-bus:137,"},"geometry":{"type":"Point","coordinates":[2.18927,41.49376]}},{"type":"Feature","properties":{"name":"Girona - Francesc Layret","code":"3893","kind":"stop","lines":",tmb-bus:137,"},"geometry":{"type":"Point","coordinates":[2.18817,41.49036]}},{"type":"Feature","properties":{"name":"Parc Salvador Allende","code":"3892","kind":"stop","lines":",tmb-bus:137,"},"geometry":{"type":"Point","coordinates":[2.18731,41.4894]}},{"type":"Feature","properties":{"name":"Ctra Nacional 150 - Carrer Núm 36","code":"3919","kind":"stop","lines":",tmb-bus:137,"},"geometry":{"type":"Point","coordinates":[2.1693,41.4683]}},{"type":"Feature","properties":{"name":"Ctra Nacional 150 - Ctra del Cementiri","code":"3920","kind":"stop","lines":",tmb-bus:137,"},"geometry":{"type":"Point","coordinates":[2.16646,41.47406]}},{"type":"Feature","properties":{"name":"Ctra Nacional 150 - Reixac","code":"3921","kind":"stop","lines":",tmb-bus:137,"},"geometry":{"type":"Point","coordinates":[2.16683,41.47971]}},{"type":"Feature","properties":{"name":"Av Terra Nostra - Alzina","code":"3843","kind":"stop","lines":",tmb-bus:137,"},"geometry":{"type":"Point","coordinates":[2.16735,41.48182]}},{"type":"Feature","properties":{"name":"Av Terra Nostra - Llorer","code":"3844","kind":"stop","lines":",tmb-bus:137,"},"geometry":{"type":"Point","coordinates":[2.17107,41.48243]}},{"type":"Feature","properties":{"name":"Parc del Mitja Costa","code":"3845","kind":"stop","lines":",tmb-bus:137,"},"geometry":{"type":"Point","coordinates":[2.17466,41.48261]}},{"type":"Feature","properties":{"name":"Av Riera de Sant Cugat - Huc de Montcada","code":"985","kind":"stop","lines":",tmb-bus:137,"},"geometry":{"type":"Point","coordinates":[2.17895,41.48451]}},{"type":"Feature","properties":{"name":"Av Riera de Sant Cugat - Ptge de la Pintura","code":"1718","kind":"stop","lines":",tmb-bus:137,"},"geometry":{"type":"Point","coordinates":[2.1815,41.48573]}},{"type":"Feature","properties":{"name":"Vapor - Treball","code":"2722","kind":"stop","lines":",tmb-bus:137,"},"geometry":{"type":"Point","coordinates":[2.17908,41.48683]}},{"type":"Feature","properties":{"name":"Bach - Beat Oriol","code":"2412","kind":"stop","lines":",tmb-bus:137,"},"geometry":{"type":"Point","coordinates":[2.17803,41.49133]}},{"type":"Feature","properties":{"name":"Av Europa - Salvador Dalí","code":"3922","kind":"stop","lines":",tmb-bus:137,"},"geometry":{"type":"Point","coordinates":[2.17967,41.49667]}},{"type":"Feature","properties":{"name":"Av Europa - Victòria dels Àngels","code":"3923","kind":"stop","lines":",tmb-bus:137,"},"geometry":{"type":"Point","coordinates":[2.18127,41.49929]}},{"type":"Feature","properties":{"name":"Pla de Matabous - Alacant","code":"3154","kind":"stop","lines":",tmb-bus:137,"},"geometry":{"type":"Point","coordinates":[2.18499,41.49342]}},{"type":"Feature","properties":{"name":"Castelló - Eivissa","code":"2943","kind":"stop","lines":",tmb-bus:137,"},"geometry":{"type":"Point","coordinates":[2.18624,41.4944]}},{"type":"Feature","properties":{"name":"Camí Font Freda - València","code":"2935","kind":"stop","lines":",tmb-bus:138,"},"geometry":{"type":"Point","coordinates":[2.1895,41.49366]}},{"type":"Feature","properties":{"name":"Castelló - Rigola","code":"2936","kind":"stop","lines":",tmb-bus:138,"},"geometry":{"type":"Point","coordinates":[2.18714,41.49459]}},{"type":"Feature","properties":{"name":"Ferrer i Guàrdia - Puigcerdà","code":"3153","kind":"stop","lines":",tmb-bus:138,"},"geometry":{"type":"Point","coordinates":[2.18441,41.49379]}},{"type":"Feature","properties":{"name":"Av Europa - Salvador Dalí","code":"3926","kind":"stop","lines":",tmb-bus:138,"},"geometry":{"type":"Point","coordinates":[2.1797,41.49692]}},{"type":"Feature","properties":{"name":"Bach - Ctra BV 1411","code":"2409","kind":"stop","lines":",tmb-bus:138,"},"geometry":{"type":"Point","coordinates":[2.17775,41.49088]}},{"type":"Feature","properties":{"name":"Química - Av Ferreria","code":"3421","kind":"stop","lines":",tmb-bus:138,"},"geometry":{"type":"Point","coordinates":[2.17665,41.48573]}},{"type":"Feature","properties":{"name":"Av Ferreria - Química","code":"2410","kind":"stop","lines":",tmb-bus:138,"},"geometry":{"type":"Point","coordinates":[2.17794,41.48504]}},{"type":"Feature","properties":{"name":"Av Riera de Sant Cugat - Ptge de la Pintura","code":"2705","kind":"stop","lines":",tmb-bus:138,"},"geometry":{"type":"Point","coordinates":[2.18135,41.48578]}},{"type":"Feature","properties":{"name":"Av Riera de Sant Cugat - Pere de Montcada","code":"979","kind":"stop","lines":",tmb-bus:138,"},"geometry":{"type":"Point","coordinates":[2.17886,41.48457]}},{"type":"Feature","properties":{"name":"Escola Mitja Costa","code":"3839","kind":"stop","lines":",tmb-bus:138,"},"geometry":{"type":"Point","coordinates":[2.17458,41.48267]}},{"type":"Feature","properties":{"name":"Antoni Pujades - Parc de Ca n'Oller","code":"3840","kind":"stop","lines":",tmb-bus:138,"},"geometry":{"type":"Point","coordinates":[2.17172,41.48169]}},{"type":"Feature","properties":{"name":"Estació Rodalies Montcada i Reixac - Santa Maria","code":"3841","kind":"stop","lines":",tmb-bus:138,"},"geometry":{"type":"Point","coordinates":[2.16699,41.48092]}},{"type":"Feature","properties":{"name":"Ctra Nacional 150 -  Pins","code":"3928","kind":"stop","lines":",tmb-bus:138,"},"geometry":{"type":"Point","coordinates":[2.16691,41.47946]}},{"type":"Feature","properties":{"name":"Ctra Nacional 150 - Ctra del Cementiri","code":"3929","kind":"stop","lines":",tmb-bus:138,"},"geometry":{"type":"Point","coordinates":[2.16625,41.47396]}},{"type":"Feature","properties":{"name":"Ctra Nacional 150 - Carrer Núm 36","code":"3930","kind":"stop","lines":",tmb-bus:138,"},"geometry":{"type":"Point","coordinates":[2.16944,41.46805]}},{"type":"Feature","properties":{"name":"Camí Font Freda - Girona","code":"3412","kind":"stop","lines":",tmb-bus:138,"},"geometry":{"type":"Point","coordinates":[2.18877,41.49109]}},{"type":"Feature","properties":{"name":"Manso - Comte Borrell","code":"3589","kind":"stop","lines":",tmb-bus:141,"},"geometry":{"type":"Point","coordinates":[2.16166,41.37755]}},{"type":"Feature","properties":{"name":"Calàbria - Floridablanca","code":"205","kind":"stop","lines":",tmb-bus:141,"},"geometry":{"type":"Point","coordinates":[2.15709,41.37821]}},{"type":"Feature","properties":{"name":"Calàbria - Gran Via","code":"314","kind":"stop","lines":",tmb-bus:141,"},"geometry":{"type":"Point","coordinates":[2.15474,41.37998]}},{"type":"Feature","properties":{"name":"Calàbria - Aragó","code":"1491","kind":"stop","lines":",tmb-bus:141,"},"geometry":{"type":"Point","coordinates":[2.15135,41.38255]}},{"type":"Feature","properties":{"name":"Calàbria - Provença","code":"1267","kind":"stop","lines":",tmb-bus:141,"},"geometry":{"type":"Point","coordinates":[2.14795,41.3851]}},{"type":"Feature","properties":{"name":"Fira Barcelona","code":"3793","kind":"stop","lines":",tmb-bus:150,"},"geometry":{"type":"Point","coordinates":[2.15025,41.37361]}},{"type":"Feature","properties":{"name":"Doctor Font i Quer - Tarongers","code":"2307","kind":"stop","lines":",tmb-bus:150,"},"geometry":{"type":"Point","coordinates":[2.1625,41.36715]}},{"type":"Feature","properties":{"name":"Doctor Font i Quer - Can Valero","code":"2308","kind":"stop","lines":",tmb-bus:150,"},"geometry":{"type":"Point","coordinates":[2.16055,41.36584]}},{"type":"Feature","properties":{"name":"Can Valero - Doctor Font i Quer","code":"3774","kind":"stop","lines":",tmb-bus:150,"},"geometry":{"type":"Point","coordinates":[2.16005,41.36474]}},{"type":"Feature","properties":{"name":"Can Valero - Pg del Migdia","code":"2325","kind":"stop","lines":",tmb-bus:150,"},"geometry":{"type":"Point","coordinates":[2.16124,41.36271]}},{"type":"Feature","properties":{"name":"Castell","code":"2315","kind":"stop","lines":",tmb-bus:150,"},"geometry":{"type":"Point","coordinates":[2.16702,41.36507]}},{"type":"Feature","properties":{"name":"Pl de la Sardana","code":"2326","kind":"stop","lines":",tmb-bus:150,"},"geometry":{"type":"Point","coordinates":[2.16887,41.36792]}},{"type":"Feature","properties":{"name":"Av Miramar - Pl Carlos Ibáñez","code":"2310","kind":"stop","lines":",tmb-bus:150,"},"geometry":{"type":"Point","coordinates":[2.16888,41.37026]}},{"type":"Feature","properties":{"name":"Av Miramar - Pl Dante","code":"2309","kind":"stop","lines":",tmb-bus:150,"},"geometry":{"type":"Point","coordinates":[2.16579,41.369]}},{"type":"Feature","properties":{"name":"Estadi Olímpic","code":"346","kind":"stop","lines":",tmb-bus:150,"},"geometry":{"type":"Point","coordinates":[2.15532,41.36616]}},{"type":"Feature","properties":{"name":"Piscines Picornell - Museu Nacional","code":"347","kind":"stop","lines":",tmb-bus:150,"},"geometry":{"type":"Point","coordinates":[2.15172,41.36654]}},{"type":"Feature","properties":{"name":"Av Estadi - INEFC","code":"349","kind":"stop","lines":",tmb-bus:150,"},"geometry":{"type":"Point","coordinates":[2.14681,41.36553]}},{"type":"Feature","properties":{"name":"Riera Blanca - Trav de Les Corts","code":"3305","kind":"stop","lines":",tmb-bus:157,"},"geometry":{"type":"Point","coordinates":[2.12182,41.3768]}},{"type":"Feature","properties":{"name":"Ctra de Collblanc - Metro Ernest Lluch","code":"1438","kind":"stop","lines":",tmb-bus:157,"},"geometry":{"type":"Point","coordinates":[2.11081,41.37597]}},{"type":"Feature","properties":{"name":"Can Rigal","code":"905","kind":"stop","lines":",tmb-bus:157,"},"geometry":{"type":"Point","coordinates":[2.10578,41.37621]}},{"type":"Feature","properties":{"name":"Complex Esportiu Hospitalet Nord","code":"1725","kind":"stop","lines":",tmb-bus:157,"},"geometry":{"type":"Point","coordinates":[2.10158,41.37649]}},{"type":"Feature","properties":{"name":"Comissaria Mossos d'Esquadra","code":"1726","kind":"stop","lines":",tmb-bus:157,"},"geometry":{"type":"Point","coordinates":[2.09561,41.37692]}},{"type":"Feature","properties":{"name":"Can Clota","code":"590","kind":"stop","lines":",tmb-bus:157,"},"geometry":{"type":"Point","coordinates":[2.09286,41.37709]}},{"type":"Feature","properties":{"name":"Walden","code":"1903","kind":"stop","lines":",tmb-bus:157,"},"geometry":{"type":"Point","coordinates":[2.06691,41.37957]}},{"type":"Feature","properties":{"name":"Josep Trueta - Josep Tarradellas","code":"1920","kind":"stop","lines":",tmb-bus:157,"},"geometry":{"type":"Point","coordinates":[2.07131,41.37282]}},{"type":"Feature","properties":{"name":"Sant Martí de l'Erm - Josep Trueta","code":"1921","kind":"stop","lines":",tmb-bus:157,"},"geometry":{"type":"Point","coordinates":[2.0706,41.37172]}},{"type":"Feature","properties":{"name":"Av Barcelona - Extremadura","code":"1922","kind":"stop","lines":",tmb-bus:157,"},"geometry":{"type":"Point","coordinates":[2.07335,41.36931]}},{"type":"Feature","properties":{"name":"Av Barcelona - John F Kennedy","code":"2631","kind":"stop","lines":",tmb-bus:157,"},"geometry":{"type":"Point","coordinates":[2.07602,41.37059]}},{"type":"Feature","properties":{"name":"Laureà Miró - Primer de Maig","code":"1034","kind":"stop","lines":",tmb-bus:157,"},"geometry":{"type":"Point","coordinates":[2.09217,41.37693]}},{"type":"Feature","properties":{"name":"Ca n'Oliveres","code":"771","kind":"stop","lines":",tmb-bus:157,"},"geometry":{"type":"Point","coordinates":[2.09648,41.37662]}},{"type":"Feature","properties":{"name":"Ctra de Collblanc - Av Tomás Giménez","code":"906","kind":"stop","lines":",tmb-bus:157,"},"geometry":{"type":"Point","coordinates":[2.10344,41.37615]}},{"type":"Feature","properties":{"name":"Can Rigal","code":"324","kind":"stop","lines":",tmb-bus:157,"},"geometry":{"type":"Point","coordinates":[2.10599,41.37597]}},{"type":"Feature","properties":{"name":"Metro Ernest Lluch","code":"1439","kind":"stop","lines":",tmb-bus:157,"},"geometry":{"type":"Point","coordinates":[2.11033,41.37584]}},{"type":"Feature","properties":{"name":"Collblanc - Rosich","code":"831","kind":"stop","lines":",tmb-bus:157,"},"geometry":{"type":"Point","coordinates":[2.11465,41.37576]}},{"type":"Feature","properties":{"name":"Riera Blanca - Onze de Setembre","code":"854","kind":"stop","lines":",tmb-bus:175,"},"geometry":{"type":"Point","coordinates":[2.12146,41.37732]}},{"type":"Feature","properties":{"name":"Cavallers - González Tablas","code":"3766","kind":"stop","lines":",tmb-bus:175,"},"geometry":{"type":"Point","coordinates":[2.10793,41.38746]}},{"type":"Feature","properties":{"name":"Mercat de Montserrat","code":"3931","kind":"stop","lines":",tmb-bus:180,"},"geometry":{"type":"Point","coordinates":[2.18061,41.44752]}},{"type":"Feature","properties":{"name":"Aiguablava - Llosa","code":"3784","kind":"stop","lines":",tmb-bus:180,"},"geometry":{"type":"Point","coordinates":[2.18575,41.45067]}},{"type":"Feature","properties":{"name":"Palau-Solità - Balenyà","code":"3081","kind":"stop","lines":",tmb-bus:180,"},"geometry":{"type":"Point","coordinates":[2.18615,41.45595]}},{"type":"Feature","properties":{"name":"Llerona - Balenyà","code":"3083","kind":"stop","lines":",tmb-bus:180,"},"geometry":{"type":"Point","coordinates":[2.18184,41.45445]}},{"type":"Feature","properties":{"name":"Llerona a Vallbona","code":"3085","kind":"stop","lines":",tmb-bus:180,"},"geometry":{"type":"Point","coordinates":[2.18085,41.45611]}},{"type":"Feature","properties":{"name":"Llerona - Vacarisses","code":"3086","kind":"stop","lines":",tmb-bus:180,"},"geometry":{"type":"Point","coordinates":[2.18129,41.45639]}},{"type":"Feature","properties":{"name":"Ripollet - Llerona","code":"3088","kind":"stop","lines":",tmb-bus:180,"},"geometry":{"type":"Point","coordinates":[2.18218,41.45631]}},{"type":"Feature","properties":{"name":"Llerona","code":"3090","kind":"stop","lines":",tmb-bus:180,"},"geometry":{"type":"Point","coordinates":[2.18167,41.45924]}},{"type":"Feature","properties":{"name":"Av Vallbona - Pl Eucaliptus","code":"3066","kind":"stop","lines":",tmb-bus:180,"},"geometry":{"type":"Point","coordinates":[2.18124,41.46051]}},{"type":"Feature","properties":{"name":"Vallcivera - Pl Roja de Ciutat Meridiana","code":"3094","kind":"stop","lines":",tmb-bus:180,"},"geometry":{"type":"Point","coordinates":[2.17946,41.46154]}},{"type":"Feature","properties":{"name":"Av Escolapi Càncer","code":"3054","kind":"stop","lines":",tmb-bus:180,tmb-bus:183,"},"geometry":{"type":"Point","coordinates":[2.18034,41.45882]}},{"type":"Feature","properties":{"name":"Llerona - Martorelles","code":"3091","kind":"stop","lines":",tmb-bus:180,"},"geometry":{"type":"Point","coordinates":[2.18152,41.45917]}},{"type":"Feature","properties":{"name":"Llerona - Ripollet","code":"3089","kind":"stop","lines":",tmb-bus:180,"},"geometry":{"type":"Point","coordinates":[2.18177,41.45573]}},{"type":"Feature","properties":{"name":"Llerona, 77","code":"9340","kind":"stop","lines":",tmb-bus:180,"},"geometry":{"type":"Point","coordinates":[2.18138,41.45662]}},{"type":"Feature","properties":{"name":"Llerona - Avinyonet","code":"3816","kind":"stop","lines":",tmb-bus:180,"},"geometry":{"type":"Point","coordinates":[2.18053,41.45607]}},{"type":"Feature","properties":{"name":"Llerona a Trinitat Nova","code":"3084","kind":"stop","lines":",tmb-bus:180,"},"geometry":{"type":"Point","coordinates":[2.18097,41.45544]}},{"type":"Feature","properties":{"name":"Llerona - Viladecavalls","code":"3082","kind":"stop","lines":",tmb-bus:180,"},"geometry":{"type":"Point","coordinates":[2.18197,41.45439]}},{"type":"Feature","properties":{"name":"Balenyà - Palau-Solità","code":"3080","kind":"stop","lines":",tmb-bus:180,"},"geometry":{"type":"Point","coordinates":[2.18596,41.45593]}},{"type":"Feature","properties":{"name":"Torre Baró - Castellví","code":"3113","kind":"stop","lines":",tmb-bus:182,"},"geometry":{"type":"Point","coordinates":[2.17137,41.45378]}},{"type":"Feature","properties":{"name":"Castellví - Lliçà","code":"3111","kind":"stop","lines":",tmb-bus:182,"},"geometry":{"type":"Point","coordinates":[2.17206,41.45146]}},{"type":"Feature","properties":{"name":"Ctra Alta de Roquetes - Castell","code":"3109","kind":"stop","lines":",tmb-bus:182,"},"geometry":{"type":"Point","coordinates":[2.17471,41.45069]}},{"type":"Feature","properties":{"name":"Ctra Alta de Roquetes a Pl Karl Marx","code":"3107","kind":"stop","lines":",tmb-bus:182,"},"geometry":{"type":"Point","coordinates":[2.16776,41.44936]}},{"type":"Feature","properties":{"name":"Rda Guineueta Vella","code":"3104","kind":"stop","lines":",tmb-bus:182,"},"geometry":{"type":"Point","coordinates":[2.16208,41.44334]}},{"type":"Feature","properties":{"name":"Rda Guineueta Vella - Pl Karl Marx","code":"3103","kind":"stop","lines":",tmb-bus:182,"},"geometry":{"type":"Point","coordinates":[2.16181,41.44153]}},{"type":"Feature","properties":{"name":"Pl Virrei Amat","code":"3102","kind":"stop","lines":",tmb-bus:182,"},"geometry":{"type":"Point","coordinates":[2.17421,41.43037]}},{"type":"Feature","properties":{"name":"Ctra Alta de Roquetes","code":"3106","kind":"stop","lines":",tmb-bus:182,"},"geometry":{"type":"Point","coordinates":[2.16372,41.44472]}},{"type":"Feature","properties":{"name":"Ctra Alta de Roquetes a Torre Baró","code":"3108","kind":"stop","lines":",tmb-bus:182,"},"geometry":{"type":"Point","coordinates":[2.16783,41.44932]}},{"type":"Feature","properties":{"name":"Castell de Torre Baró","code":"3110","kind":"stop","lines":",tmb-bus:182,"},"geometry":{"type":"Point","coordinates":[2.17484,41.45073]}},{"type":"Feature","properties":{"name":"Lliçà - Castellví","code":"3112","kind":"stop","lines":",tmb-bus:182,"},"geometry":{"type":"Point","coordinates":[2.1726,41.45127]}},{"type":"Feature","properties":{"name":"Vallcivera - Pl Aqüeducte","code":"3076","kind":"stop","lines":",tmb-bus:183,"},"geometry":{"type":"Point","coordinates":[2.17701,41.4597]}},{"type":"Feature","properties":{"name":"Casal de Barri Torre Baró","code":"3055","kind":"stop","lines":",tmb-bus:183,"},"geometry":{"type":"Point","coordinates":[2.1788,41.45761]}},{"type":"Feature","properties":{"name":"Av Escolapi Càncer - Masquefa","code":"3056","kind":"stop","lines":",tmb-bus:183,"},"geometry":{"type":"Point","coordinates":[2.17719,41.45684]}},{"type":"Feature","properties":{"name":"Av Escolapi Càncer - St Quirze de Safaja","code":"3057","kind":"stop","lines":",tmb-bus:183,"},"geometry":{"type":"Point","coordinates":[2.1772,41.45598]}},{"type":"Feature","properties":{"name":"Escolapi Càncer, 158","code":"9461","kind":"stop","lines":",tmb-bus:183,"},"geometry":{"type":"Point","coordinates":[2.17656,41.45479]}},{"type":"Feature","properties":{"name":"Castellfollit - Travessia Castellfollit","code":"3668","kind":"stop","lines":",tmb-bus:183,"},"geometry":{"type":"Point","coordinates":[2.17605,41.45587]}},{"type":"Feature","properties":{"name":"Castellfollit - St Feliu de Codines","code":"3667","kind":"stop","lines":",tmb-bus:183,"},"geometry":{"type":"Point","coordinates":[2.17496,41.4554]}},{"type":"Feature","properties":{"name":"Sant Feliu de Codines, 127","code":"9521","kind":"stop","lines":",tmb-bus:183,"},"geometry":{"type":"Point","coordinates":[2.17382,41.45521]}},{"type":"Feature","properties":{"name":"St Feliu de Codines - Oris","code":"3062","kind":"stop","lines":",tmb-bus:183,"},"geometry":{"type":"Point","coordinates":[2.17482,41.45627]}},{"type":"Feature","properties":{"name":"St Feliu de Codines - Vilatorta","code":"3063","kind":"stop","lines":",tmb-bus:183,"},"geometry":{"type":"Point","coordinates":[2.17737,41.45775]}},{"type":"Feature","properties":{"name":"St Feliu de Codines","code":"3064","kind":"stop","lines":",tmb-bus:183,"},"geometry":{"type":"Point","coordinates":[2.17899,41.45827]}},{"type":"Feature","properties":{"name":"CEIP Elisenda de Montcada","code":"3164","kind":"stop","lines":",tmb-bus:183,"},"geometry":{"type":"Point","coordinates":[2.17838,41.45905]}},{"type":"Feature","properties":{"name":"St Feliu de Codines - Metro Torre Baró/Vallbona","code":"3065","kind":"stop","lines":",tmb-bus:183,"},"geometry":{"type":"Point","coordinates":[2.18069,41.4604]}},{"type":"Feature","properties":{"name":"Les Agudes - Torrent del Bosc","code":"1735","kind":"stop","lines":",tmb-bus:183,"},"geometry":{"type":"Point","coordinates":[2.17428,41.46234]}},{"type":"Feature","properties":{"name":"Pl Roja - Vallcivera","code":"3809","kind":"stop","lines":",tmb-bus:183,"},"geometry":{"type":"Point","coordinates":[2.17929,41.46112]}},{"type":"Feature","properties":{"name":"Vallcivera - Estació RENFE","code":"3144","kind":"stop","lines":",tmb-bus:183,"},"geometry":{"type":"Point","coordinates":[2.18068,41.46097]}},{"type":"Feature","properties":{"name":"Metro Torre Baró - Vallbona","code":"3053","kind":"stop","lines":",tmb-bus:183,"},"geometry":{"type":"Point","coordinates":[2.18035,41.45888]}},{"type":"Feature","properties":{"name":"Castelldefels - Av Vallbona","code":"3501","kind":"stop","lines":",tmb-bus:183,"},"geometry":{"type":"Point","coordinates":[2.18171,41.45968]}},{"type":"Feature","properties":{"name":"Torre Vella - Oristà","code":"3785","kind":"stop","lines":",tmb-bus:183,"},"geometry":{"type":"Point","coordinates":[2.18432,41.46307]}},{"type":"Feature","properties":{"name":"Oristà - Pl Primer de Maig","code":"3782","kind":"stop","lines":",tmb-bus:183,"},"geometry":{"type":"Point","coordinates":[2.18569,41.46541]}},{"type":"Feature","properties":{"name":"Av Rasos de Peguera - Pl Roja","code":"3145","kind":"stop","lines":",tmb-bus:183,"},"geometry":{"type":"Point","coordinates":[2.17859,41.46162]}},{"type":"Feature","properties":{"name":"Via Favència - Metro Canyelles","code":"3295","kind":"stop","lines":",tmb-bus:185,"},"geometry":{"type":"Point","coordinates":[2.1657,41.44154]}},{"type":"Feature","properties":{"name":"Cementiri d'Horta","code":"2356","kind":"stop","lines":",tmb-bus:185,"},"geometry":{"type":"Point","coordinates":[2.15527,41.44067]}},{"type":"Feature","properties":{"name":"Torrent de Cal Notari","code":"2672","kind":"stop","lines":",tmb-bus:185,"},"geometry":{"type":"Point","coordinates":[2.15029,41.44024]}},{"type":"Feature","properties":{"name":"Pg de Valldaura - Av Estatut de Catalunya","code":"2241","kind":"stop","lines":",tmb-bus:185,"},"geometry":{"type":"Point","coordinates":[2.154,41.43654]}},{"type":"Feature","properties":{"name":"Pg de Valldaura - Canigó","code":"2239","kind":"stop","lines":",tmb-bus:185,"},"geometry":{"type":"Point","coordinates":[2.15596,41.43746]}},{"type":"Feature","properties":{"name":"Hedilla - Porrera","code":"2354","kind":"stop","lines":",tmb-bus:185,"},"geometry":{"type":"Point","coordinates":[2.15963,41.43679]}},{"type":"Feature","properties":{"name":"Dr Letamendi - Canigó","code":"2789","kind":"stop","lines":",tmb-bus:185,"},"geometry":{"type":"Point","coordinates":[2.15991,41.43544]}},{"type":"Feature","properties":{"name":"Eduard Toda - Rectoria","code":"2790","kind":"stop","lines":",tmb-bus:185,"},"geometry":{"type":"Point","coordinates":[2.15991,41.43379]}},{"type":"Feature","properties":{"name":"Mestre Dalmau - Feliu i Codina","code":"2674","kind":"stop","lines":",tmb-bus:185,"},"geometry":{"type":"Point","coordinates":[2.16169,41.43379]}},{"type":"Feature","properties":{"name":"Pg de Fabra i Puig - Torrent Can Mariner","code":"1402","kind":"stop","lines":",tmb-bus:185,"},"geometry":{"type":"Point","coordinates":[2.16299,41.43269]}},{"type":"Feature","properties":{"name":"Lisboa - Av Estatut de Catalunya","code":"2350","kind":"stop","lines":",tmb-bus:185,"},"geometry":{"type":"Point","coordinates":[2.15752,41.42924]}},{"type":"Feature","properties":{"name":"Pl Eivissa - Horta","code":"410","kind":"stop","lines":",tmb-bus:185,"},"geometry":{"type":"Point","coordinates":[2.1611,41.43048]}},{"type":"Feature","properties":{"name":"Campoamor - Rectoria","code":"616","kind":"stop","lines":",tmb-bus:185,"},"geometry":{"type":"Point","coordinates":[2.15805,41.43292]}},{"type":"Feature","properties":{"name":"Campoamor - Lloret de Mar","code":"3365","kind":"stop","lines":",tmb-bus:185,"},"geometry":{"type":"Point","coordinates":[2.15606,41.43412]}},{"type":"Feature","properties":{"name":"Campoamor - Av Estatut de Catalunya","code":"615","kind":"stop","lines":",tmb-bus:185,"},"geometry":{"type":"Point","coordinates":[2.15437,41.43513]}},{"type":"Feature","properties":{"name":"Pg Valldaura - Eduard Toda","code":"3366","kind":"stop","lines":",tmb-bus:185,"},"geometry":{"type":"Point","coordinates":[2.15403,41.43655]}},{"type":"Feature","properties":{"name":"Pg Valldaura - Metro Valldaura","code":"3790","kind":"stop","lines":",tmb-bus:185,"},"geometry":{"type":"Point","coordinates":[2.15598,41.43748]}},{"type":"Feature","properties":{"name":"Congrés - Porrera","code":"3792","kind":"stop","lines":",tmb-bus:185,"},"geometry":{"type":"Point","coordinates":[2.15927,41.4379]}},{"type":"Feature","properties":{"name":"Congrés - Doctor Letamendi","code":"2675","kind":"stop","lines":",tmb-bus:185,"},"geometry":{"type":"Point","coordinates":[2.1609,41.43696]}},{"type":"Feature","properties":{"name":"Feliu i Codina - Congrés","code":"3335","kind":"stop","lines":",tmb-bus:185,"},"geometry":{"type":"Point","coordinates":[2.16298,41.43607]}},{"type":"Feature","properties":{"name":"Pg Universal - Doctor Letamendi","code":"2678","kind":"stop","lines":",tmb-bus:185,"},"geometry":{"type":"Point","coordinates":[2.16145,41.43764]}},{"type":"Feature","properties":{"name":"Pg Universal - Pg de Valldaura","code":"2355","kind":"stop","lines":",tmb-bus:185,"},"geometry":{"type":"Point","coordinates":[2.15992,41.43852]}},{"type":"Feature","properties":{"name":"Cardenal Tedeschini - Pl del Congrés Eucarístic","code":"1825","kind":"stop","lines":",tmb-bus:191,"},"geometry":{"type":"Point","coordinates":[2.18152,41.42618]}},{"type":"Feature","properties":{"name":"Concepció Arenal - Olesa","code":"2791","kind":"stop","lines":",tmb-bus:191,"},"geometry":{"type":"Point","coordinates":[2.18386,41.422]}},{"type":"Feature","properties":{"name":"Concepció Arenal - Juan de Garay","code":"2831","kind":"stop","lines":",tmb-bus:191,"},"geometry":{"type":"Point","coordinates":[2.18385,41.42056]}},{"type":"Feature","properties":{"name":"Juan de Garay - Navas de Tolosa","code":"2832","kind":"stop","lines":",tmb-bus:191,"},"geometry":{"type":"Point","coordinates":[2.18179,41.41855]}},{"type":"Feature","properties":{"name":"Mas Casanovas - Hospital de Sant Pau","code":"3559","kind":"stop","lines":",tmb-bus:191,"},"geometry":{"type":"Point","coordinates":[2.1735,41.41514]}},{"type":"Feature","properties":{"name":"Sant Quintí - Sant Antoni Maria Claret","code":"2735","kind":"stop","lines":",tmb-bus:191,tmb-bus:192,"},"geometry":{"type":"Point","coordinates":[2.17742,41.41389]}},{"type":"Feature","properties":{"name":"Pl Maragall - Navas de Tolosa","code":"861","kind":"stop","lines":",tmb-bus:191,"},"geometry":{"type":"Point","coordinates":[2.18138,41.41979]}},{"type":"Feature","properties":{"name":"Olesa - Campo Florido","code":"1835","kind":"stop","lines":",tmb-bus:191,"},"geometry":{"type":"Point","coordinates":[2.18359,41.42144]}},{"type":"Feature","properties":{"name":"Hospital de Sant Pau","code":"2733","kind":"stop","lines":",tmb-bus:192,"},"geometry":{"type":"Point","coordinates":[2.17321,41.41492]}},{"type":"Feature","properties":{"name":"Navas de Tolosa - Meridiana","code":"2737","kind":"stop","lines":",tmb-bus:192,"},"geometry":{"type":"Point","coordinates":[2.18754,41.41471]}},{"type":"Feature","properties":{"name":"Navas de Tolosa - Clot","code":"2738","kind":"stop","lines":",tmb-bus:192,"},"geometry":{"type":"Point","coordinates":[2.18931,41.41339]}},{"type":"Feature","properties":{"name":"Bilbao - Concili de Trento","code":"1191","kind":"stop","lines":",tmb-bus:192,"},"geometry":{"type":"Point","coordinates":[2.19203,41.41134]}},{"type":"Feature","properties":{"name":"Bilbao - Andrade","code":"567","kind":"stop","lines":",tmb-bus:192,"},"geometry":{"type":"Point","coordinates":[2.19388,41.40993]}},{"type":"Feature","properties":{"name":"Bilbao - Perú","code":"3454","kind":"stop","lines":",tmb-bus:192,"},"geometry":{"type":"Point","coordinates":[2.19661,41.40791]}},{"type":"Feature","properties":{"name":"Bilbao - Pere IV","code":"2740","kind":"stop","lines":",tmb-bus:192,"},"geometry":{"type":"Point","coordinates":[2.2002,41.40522]}},{"type":"Feature","properties":{"name":"Bilbao - Pujades","code":"2772","kind":"stop","lines":",tmb-bus:192,"},"geometry":{"type":"Point","coordinates":[2.20249,41.40354]}},{"type":"Feature","properties":{"name":"Pujades - Roc Boronat","code":"3190","kind":"stop","lines":",tmb-bus:192,"},"geometry":{"type":"Point","coordinates":[2.19886,41.40035]}},{"type":"Feature","properties":{"name":"Av Tibidabo - La Rotonda - Final de trajecte","code":"3453","kind":"stop","lines":",tmb-bus:196,"},"geometry":{"type":"Point","coordinates":[2.13659,41.41097]}},{"type":"Feature","properties":{"name":"Av Tibidabo - Josep Garí","code":"1472","kind":"stop","lines":",tmb-bus:196,"},"geometry":{"type":"Point","coordinates":[2.13349,41.4151]}},{"type":"Feature","properties":{"name":"Av Tibidabo - Lluís Muntadas","code":"1473","kind":"stop","lines":",tmb-bus:196,"},"geometry":{"type":"Point","coordinates":[2.1313,41.41539]}},{"type":"Feature","properties":{"name":"Parc Municipal Font del Racó","code":"1444","kind":"stop","lines":",tmb-bus:196,"},"geometry":{"type":"Point","coordinates":[2.12966,41.41551]}},{"type":"Feature","properties":{"name":"Pl Dr Andreu - Funicular Tibidabo - Final trajecte","code":"1443","kind":"stop","lines":",tmb-bus:196,"},"geometry":{"type":"Point","coordinates":[2.13077,41.41644]}},{"type":"Feature","properties":{"name":"Av Tibidabo - Teodor Roviralta","code":"1397","kind":"stop","lines":",tmb-bus:196,"},"geometry":{"type":"Point","coordinates":[2.12942,41.41541]}},{"type":"Feature","properties":{"name":"Bellesguard-Josep Canaleta","code":"2894","kind":"stop","lines":",tmb-bus:196,"},"geometry":{"type":"Point","coordinates":[2.12509,41.41114]}},{"type":"Feature","properties":{"name":"Carles Riba - Josep Maria Lledó","code":"2895","kind":"stop","lines":",tmb-bus:196,"},"geometry":{"type":"Point","coordinates":[2.12368,41.41166]}},{"type":"Feature","properties":{"name":"Josep Maria Lledó - Bellesguard","code":"3191","kind":"stop","lines":",tmb-bus:196,"},"geometry":{"type":"Point","coordinates":[2.12483,41.41079]}},{"type":"Feature","properties":{"name":"Paral·lel - Nou de La Rambla","code":"8233","kind":"stop","lines":",tmb-bus:983,"},"geometry":{"type":"Point","coordinates":[2.16956,41.37485]}},{"type":"Feature","properties":{"name":"Miramar 17 - 29","code":"9411","kind":"stop","lines":",tmb-bus:983,"},"geometry":{"type":"Point","coordinates":[2.16477,41.36901]}},{"type":"Feature","properties":{"name":"Barcelona - Plaça Catalunya","code":"PC","kind":"station","lines":",fgc:L6,fgc:L7,fgc:S1,fgc:S2,"},"geometry":{"type":"Point","coordinates":[2.16872,41.38563]}},{"type":"Feature","properties":{"name":"Provença","code":"PR","kind":"station","lines":",fgc:L6,fgc:L7,fgc:S1,fgc:S2,"},"geometry":{"type":"Point","coordinates":[2.15803,41.39281]}},{"type":"Feature","properties":{"name":"Gràcia","code":"GR","kind":"station","lines":",fgc:L6,fgc:L7,fgc:S1,fgc:S2,"},"geometry":{"type":"Point","coordinates":[2.15266,41.3991]}},{"type":"Feature","properties":{"name":"Sant Gervasi","code":"SG","kind":"station","lines":",fgc:L6,fgc:S1,fgc:S2,"},"geometry":{"type":"Point","coordinates":[2.14713,41.40107]}},{"type":"Feature","properties":{"name":"Muntaner","code":"MN","kind":"station","lines":",fgc:L6,fgc:S1,fgc:S2,"},"geometry":{"type":"Point","coordinates":[2.14235,41.39853]}},{"type":"Feature","properties":{"name":"La Bonanova","code":"BN","kind":"station","lines":",fgc:L6,fgc:S1,fgc:S2,"},"geometry":{"type":"Point","coordinates":[2.13643,41.39782]}},{"type":"Feature","properties":{"name":"Les Tres Torres","code":"TT","kind":"station","lines":",fgc:L6,fgc:S1,fgc:S2,"},"geometry":{"type":"Point","coordinates":[2.13081,41.3978]}},{"type":"Feature","properties":{"name":"Sarrià","code":"SR","kind":"station","lines":",fgc:L6,fgc:S1,fgc:S2,fgc:L12,"},"geometry":{"type":"Point","coordinates":[2.12557,41.3985]}},{"type":"Feature","properties":{"name":"Pl. Molina","code":"PM","kind":"station","lines":",fgc:L7,"},"geometry":{"type":"Point","coordinates":[2.14675,41.40169]}},{"type":"Feature","properties":{"name":"Pàdua","code":"PD","kind":"station","lines":",fgc:L7,"},"geometry":{"type":"Point","coordinates":[2.14276,41.40351]}},{"type":"Feature","properties":{"name":"El Putxet","code":"EP","kind":"station","lines":",fgc:L7,"},"geometry":{"type":"Point","coordinates":[2.13915,41.40583]}},{"type":"Feature","properties":{"name":"Av. Tibidabo","code":"TB","kind":"station","lines":",fgc:L7,"},"geometry":{"type":"Point","coordinates":[2.13716,41.40965]}},{"type":"Feature","properties":{"name":"Barcelona - Plaça Espanya","code":"PE","kind":"station","lines":",fgc:L8,fgc:R5,fgc:R6,fgc:S3,fgc:S4,fgc:S8,fgc:R60,fgc:R50,fgc:S9,fgc:R63,fgc:R53,"},"geometry":{"type":"Point","coordinates":[2.14846,41.37472]}},{"type":"Feature","properties":{"name":"Magòria La Campana","code":"MG","kind":"station","lines":",fgc:L8,fgc:R5,fgc:R6,fgc:S3,fgc:S4,fgc:S8,fgc:S9,fgc:R63,fgc:R53,"},"geometry":{"type":"Point","coordinates":[2.13888,41.36749]}},{"type":"Feature","properties":{"name":"Ildefons Cerdà","code":"IC","kind":"station","lines":",fgc:L8,fgc:R5,fgc:R6,fgc:S3,fgc:S4,fgc:S8,fgc:R60,fgc:R50,fgc:S9,fgc:R63,fgc:R53,"},"geometry":{"type":"Point","coordinates":[2.13002,41.36091]}},{"type":"Feature","properties":{"name":"Europa | Fira","code":"EU","kind":"station","lines":",fgc:L8,fgc:R5,fgc:R6,fgc:S3,fgc:S4,fgc:S8,fgc:R60,fgc:R50,fgc:S9,fgc:R63,fgc:R53,"},"geometry":{"type":"Point","coordinates":[2.1242,41.35656]}},{"type":"Feature","properties":{"name":"Gornal","code":"GO","kind":"station","lines":",fgc:L8,fgc:R5,fgc:R6,fgc:S3,fgc:S4,fgc:S8,fgc:R60,fgc:R50,fgc:S9,fgc:R63,fgc:R53,"},"geometry":{"type":"Point","coordinates":[2.11743,41.35489]}},{"type":"Feature","properties":{"name":"Sant Josep","code":"SP","kind":"station","lines":",fgc:L8,fgc:R5,fgc:R6,fgc:S3,fgc:S4,fgc:S8,fgc:R60,fgc:R50,fgc:S9,fgc:R63,fgc:R53,"},"geometry":{"type":"Point","coordinates":[2.10992,41.3607]}},{"type":"Feature","properties":{"name":"L'Hospitalet Av. Carrilet","code":"LH","kind":"station","lines":",fgc:L8,fgc:R5,fgc:R6,fgc:S3,fgc:S4,fgc:S8,fgc:R60,fgc:R50,fgc:S9,fgc:R63,fgc:R53,"},"geometry":{"type":"Point","coordinates":[2.10271,41.35793]}},{"type":"Feature","properties":{"name":"Almeda","code":"AL","kind":"station","lines":",fgc:L8,fgc:R5,fgc:R6,fgc:S3,fgc:S4,fgc:S8,fgc:R60,fgc:R50,fgc:S9,fgc:R63,fgc:R53,"},"geometry":{"type":"Point","coordinates":[2.08525,41.35307]}},{"type":"Feature","properties":{"name":"Cornellà Riera","code":"CO","kind":"station","lines":",fgc:L8,fgc:R5,fgc:R6,fgc:S3,fgc:S4,fgc:S8,fgc:R60,fgc:R50,fgc:S9,fgc:R63,fgc:R53,"},"geometry":{"type":"Point","coordinates":[2.07126,41.35148]}},{"type":"Feature","properties":{"name":"Sant Boi","code":"BO","kind":"station","lines":",fgc:L8,fgc:R5,fgc:R6,fgc:S3,fgc:S4,fgc:S8,fgc:R60,fgc:R50,fgc:S9,fgc:R63,fgc:R53,"},"geometry":{"type":"Point","coordinates":[2.04286,41.34856]}},{"type":"Feature","properties":{"name":"Molí Nou - Ciutat Cooperativa","code":"ML","kind":"station","lines":",fgc:L8,fgc:R5,fgc:R6,fgc:S3,fgc:S4,fgc:S8,fgc:S9,fgc:R63,fgc:R53,"},"geometry":{"type":"Point","coordinates":[2.03528,41.35751]}},{"type":"Feature","properties":{"name":"Sant Vicenç dels Horts","code":"VH","kind":"station","lines":",fgc:R5,fgc:R6,fgc:S3,fgc:S4,fgc:S8,fgc:R60,fgc:R50,fgc:S9,fgc:R63,fgc:R53,"},"geometry":{"type":"Point","coordinates":[2.0124,41.38811]}},{"type":"Feature","properties":{"name":"Can Ros","code":"CR","kind":"station","lines":",fgc:R5,fgc:R6,fgc:S3,fgc:S4,fgc:S8,fgc:S9,fgc:R63,fgc:R53,"},"geometry":{"type":"Point","coordinates":[2.00535,41.39882]}},{"type":"Feature","properties":{"name":"Quatre Camins","code":"QC","kind":"station","lines":",fgc:R5,fgc:R6,fgc:S4,fgc:S8,fgc:S9,fgc:R63,fgc:R53,"},"geometry":{"type":"Point","coordinates":[2.00172,41.40629]}},{"type":"Feature","properties":{"name":"Pallejà","code":"PA","kind":"station","lines":",fgc:R5,fgc:R6,fgc:S4,fgc:S8,fgc:R50,fgc:R63,fgc:R53,"},"geometry":{"type":"Point","coordinates":[1.99568,41.42079]}},{"type":"Feature","properties":{"name":"Sant Andreu de la Barca","code":"SA","kind":"station","lines":",fgc:R5,fgc:R6,fgc:S4,fgc:S8,fgc:R60,fgc:R50,fgc:R63,fgc:R53,"},"geometry":{"type":"Point","coordinates":[1.97367,41.44648]}},{"type":"Feature","properties":{"name":"El Palau","code":"PL","kind":"station","lines":",fgc:R5,fgc:R6,fgc:S4,fgc:S8,fgc:R63,fgc:R53,"},"geometry":{"type":"Point","coordinates":[1.96229,41.45588]}},{"type":"Feature","properties":{"name":"Martorell Central","code":"MC","kind":"station","lines":",fgc:R5,fgc:R6,fgc:S4,fgc:S8,fgc:R60,fgc:R50,fgc:R63,fgc:R53,"},"geometry":{"type":"Point","coordinates":[1.92529,41.47928]}},{"type":"Feature","properties":{"name":"Martorell Enllaç","code":"ME","kind":"station","lines":",fgc:R5,fgc:R6,fgc:S4,fgc:S8,fgc:R63,fgc:R53,"},"geometry":{"type":"Point","coordinates":[1.91868,41.48397]}},{"type":"Feature","properties":{"name":"Abrera","code":"AB","kind":"station","lines":",fgc:R5,fgc:S4,fgc:R50,fgc:R53,"},"geometry":{"type":"Point","coordinates":[1.90681,41.52256]}},{"type":"Feature","properties":{"name":"Olesa de Montserrat","code":"OL","kind":"station","lines":",fgc:R5,fgc:S4,fgc:R50,fgc:R53,"},"geometry":{"type":"Point","coordinates":[1.88862,41.54106]}},{"type":"Feature","properties":{"name":"Montserrat-Aeri","code":"AE","kind":"station","lines":",fgc:R5,fgc:R53,"},"geometry":{"type":"Point","coordinates":[1.85336,41.5912]}},{"type":"Feature","properties":{"name":"Monistrol de Montserrat","code":"MO","kind":"station","lines":",fgc:R5,fgc:R50,fgc:MM,fgc:R53,"},"geometry":{"type":"Point","coordinates":[1.84919,41.61036]}},{"type":"Feature","properties":{"name":"Castellbell i El Vilar","code":"CB","kind":"station","lines":",fgc:R5,fgc:R53,"},"geometry":{"type":"Point","coordinates":[1.85479,41.64052]}},{"type":"Feature","properties":{"name":"Sant Vicenç-Castellgalí","code":"SV","kind":"station","lines":",fgc:R5,fgc:R50,fgc:R53,"},"geometry":{"type":"Point","coordinates":[1.85961,41.66791]}},{"type":"Feature","properties":{"name":"Manresa Viladordis","code":"VI","kind":"station","lines":",fgc:R5,fgc:R50,fgc:R53,"},"geometry":{"type":"Point","coordinates":[1.83399,41.72437]}},{"type":"Feature","properties":{"name":"Manresa-Alta","code":"MA","kind":"station","lines":",fgc:R5,fgc:R50,fgc:R53,"},"geometry":{"type":"Point","coordinates":[1.83299,41.73224]}},{"type":"Feature","properties":{"name":"Manresa-Baixador","code":"MB","kind":"station","lines":",fgc:R5,fgc:R50,fgc:R53,"},"geometry":{"type":"Point","coordinates":[1.8279,41.73146]}},{"type":"Feature","properties":{"name":"Santa Coloma de Cervelló","code":"CL","kind":"station","lines":",fgc:R6,fgc:S3,fgc:S4,fgc:S8,fgc:R60,fgc:S9,fgc:R63,fgc:R53,"},"geometry":{"type":"Point","coordinates":[2.02352,41.37065]}},{"type":"Feature","properties":{"name":"Sant Esteve Sesrovires","code":"SE","kind":"station","lines":",fgc:R6,fgc:R60,fgc:R63,"},"geometry":{"type":"Point","coordinates":[1.87244,41.49768]}},{"type":"Feature","properties":{"name":"La Beguda","code":"BE","kind":"station","lines":",fgc:R6,fgc:R63,"},"geometry":{"type":"Point","coordinates":[1.83879,41.50176]}},{"type":"Feature","properties":{"name":"Can Parellada","code":"CP","kind":"station","lines":",fgc:R6,fgc:R63,"},"geometry":{"type":"Point","coordinates":[1.83081,41.50222]}},{"type":"Feature","properties":{"name":"Masquefa","code":"MQ","kind":"station","lines":",fgc:R6,fgc:R60,fgc:R63,"},"geometry":{"type":"Point","coordinates":[1.81263,41.50288]}},{"type":"Feature","properties":{"name":"Piera","code":"PI","kind":"station","lines":",fgc:R6,fgc:R60,fgc:R63,"},"geometry":{"type":"Point","coordinates":[1.7545,41.52591]}},{"type":"Feature","properties":{"name":"Vallbona d'Anoia","code":"VA","kind":"station","lines":",fgc:R6,fgc:R60,fgc:R63,"},"geometry":{"type":"Point","coordinates":[1.70901,41.52026]}},{"type":"Feature","properties":{"name":"Capellades","code":"CA","kind":"station","lines":",fgc:R6,fgc:R60,fgc:R63,"},"geometry":{"type":"Point","coordinates":[1.69513,41.52154]}},{"type":"Feature","properties":{"name":"La Pobla de Claramunt","code":"PO","kind":"station","lines":",fgc:R6,fgc:R60,fgc:R63,"},"geometry":{"type":"Point","coordinates":[1.67791,41.55461]}},{"type":"Feature","properties":{"name":"Vilanova del Camí","code":"VN","kind":"station","lines":",fgc:R6,fgc:R60,fgc:R63,"},"geometry":{"type":"Point","coordinates":[1.64201,41.57331]}},{"type":"Feature","properties":{"name":"Igualada","code":"IG","kind":"station","lines":",fgc:R6,fgc:R60,fgc:R63,"},"geometry":{"type":"Point","coordinates":[1.62995,41.57803]}},{"type":"Feature","properties":{"name":"Peu del Funicular","code":"PF","kind":"station","lines":",fgc:S1,fgc:S2,"},"geometry":{"type":"Point","coordinates":[2.11118,41.40922]}},{"type":"Feature","properties":{"name":"Baixador de Vallvidrera","code":"VL","kind":"station","lines":",fgc:S1,fgc:S2,"},"geometry":{"type":"Point","coordinates":[2.09694,41.42009]}},{"type":"Feature","properties":{"name":"Les Planes","code":"LP","kind":"station","lines":",fgc:S1,fgc:S2,"},"geometry":{"type":"Point","coordinates":[2.09162,41.4274]}},{"type":"Feature","properties":{"name":"La Floresta","code":"LF","kind":"station","lines":",fgc:S1,fgc:S2,"},"geometry":{"type":"Point","coordinates":[2.07317,41.44487]}},{"type":"Feature","properties":{"name":"Valldoreix","code":"VD","kind":"station","lines":",fgc:S1,fgc:S2,"},"geometry":{"type":"Point","coordinates":[2.06831,41.45784]}},{"type":"Feature","properties":{"name":"Sant Cugat Centre","code":"SC","kind":"station","lines":",fgc:S1,fgc:S2,"},"geometry":{"type":"Point","coordinates":[2.0782,41.46791]}},{"type":"Feature","properties":{"name":"Mira-Sol","code":"MS","kind":"station","lines":",fgc:S1,"},"geometry":{"type":"Point","coordinates":[2.06138,41.46937]}},{"type":"Feature","properties":{"name":"Hospital General","code":"HG","kind":"station","lines":",fgc:S1,"},"geometry":{"type":"Point","coordinates":[2.04651,41.47621]}},{"type":"Feature","properties":{"name":"Rubí Centre","code":"RB","kind":"station","lines":",fgc:S1,"},"geometry":{"type":"Point","coordinates":[2.03136,41.48629]}},{"type":"Feature","properties":{"name":"Les Fonts","code":"FN","kind":"station","lines":",fgc:S1,"},"geometry":{"type":"Point","coordinates":[2.03358,41.52847]}},{"type":"Feature","properties":{"name":"Terrassa - Rambla","code":"TR","kind":"station","lines":",fgc:S1,"},"geometry":{"type":"Point","coordinates":[2.00753,41.55975]}},{"type":"Feature","properties":{"name":"Vallparadís Universitat","code":"VP","kind":"station","lines":",fgc:S1,"},"geometry":{"type":"Point","coordinates":[2.01905,41.56331]}},{"type":"Feature","properties":{"name":"Terrassa  Estació del nord","code":"EN","kind":"station","lines":",fgc:S1,"},"geometry":{"type":"Point","coordinates":[2.01549,41.57017]}},{"type":"Feature","properties":{"name":"Terrassa Nacions Unides","code":"NA","kind":"station","lines":",fgc:S1,"},"geometry":{"type":"Point","coordinates":[2.01346,41.58013]}},{"type":"Feature","properties":{"name":"Volpelleres","code":"VO","kind":"station","lines":",fgc:S2,"},"geometry":{"type":"Point","coordinates":[2.07293,41.48125]}},{"type":"Feature","properties":{"name":"Sant Joan","code":"SJ","kind":"station","lines":",fgc:S2,"},"geometry":{"type":"Point","coordinates":[2.0765,41.49015]}},{"type":"Feature","properties":{"name":"Bellaterra","code":"BT","kind":"station","lines":",fgc:S2,"},"geometry":{"type":"Point","coordinates":[2.09056,41.50086]}},{"type":"Feature","properties":{"name":"Universitat Autònoma","code":"UN","kind":"station","lines":",fgc:S2,"},"geometry":{"type":"Point","coordinates":[2.10251,41.50285]}},{"type":"Feature","properties":{"name":"Sant Quirze","code":"SQ","kind":"station","lines":",fgc:S2,"},"geometry":{"type":"Point","coordinates":[2.08872,41.52999]}},{"type":"Feature","properties":{"name":"Can Feu - Gràcia","code":"CF","kind":"station","lines":",fgc:S2,"},"geometry":{"type":"Point","coordinates":[2.10046,41.54252]}},{"type":"Feature","properties":{"name":"Sabadell Plaça Major","code":"PJ","kind":"station","lines":",fgc:S2,"},"geometry":{"type":"Point","coordinates":[2.10888,41.54742]}},{"type":"Feature","properties":{"name":"La Creu Alta","code":"CT","kind":"station","lines":",fgc:S2,"},"geometry":{"type":"Point","coordinates":[2.10039,41.55495]}},{"type":"Feature","properties":{"name":"Sabadell Nord","code":"NO","kind":"station","lines":",fgc:S2,"},"geometry":{"type":"Point","coordinates":[2.09666,41.56123]}},{"type":"Feature","properties":{"name":"Sabadell Parc del Nord","code":"PN","kind":"station","lines":",fgc:S2,"},"geometry":{"type":"Point","coordinates":[2.0895,41.57129]}},{"type":"Feature","properties":{"name":"Colònia Güell","code":"CG","kind":"station","lines":",fgc:S3,fgc:S4,fgc:S8,fgc:S9,fgc:R63,fgc:R53,"},"geometry":{"type":"Point","coordinates":[2.03186,41.36386]}},{"type":"Feature","properties":{"name":"Martorell Vila","code":"MV","kind":"station","lines":",fgc:S4,fgc:S8,fgc:R63,fgc:R53,"},"geometry":{"type":"Point","coordinates":[1.93896,41.47587]}},{"type":"Feature","properties":{"name":"Reina Elisenda","code":"RE","kind":"station","lines":",fgc:L12,"},"geometry":{"type":"Point","coordinates":[2.11893,41.39875]}},{"type":"Feature","properties":{"name":"Monistrol-Vila","code":"MP","kind":"station","lines":",fgc:MM,"},"geometry":{"type":"Point","coordinates":[1.84372,41.61563]}},{"type":"Feature","properties":{"name":"Montserrat","code":"MM","kind":"station","lines":",fgc:MM,"},"geometry":{"type":"Point","coordinates":[1.8365,41.59225]}},{"type":"Feature","properties":{"name":"Vallvidrera Inferior","code":"VR","kind":"station","lines":",fgc:FV,"},"geometry":{"type":"Point","coordinates":[2.11126,41.40933]}},{"type":"Feature","properties":{"name":"Vallvidrera Superior","code":"VS","kind":"station","lines":",fgc:FV,"},"geometry":{"type":"Point","coordinates":[2.10582,41.41411]}},{"type":"Feature","properties":{"name":"Balaguer","code":"BG","kind":"station","lines":",fgc:RL1,fgc:RL2,"},"geometry":{"type":"Point","coordinates":[0.81476,41.78922]}},{"type":"Feature","properties":{"name":"Vallfogona de Balaguer","code":"VF","kind":"station","lines":",fgc:RL1,fgc:RL2,"},"geometry":{"type":"Point","coordinates":[0.80525,41.75509]}},{"type":"Feature","properties":{"name":"Térmens","code":"RM","kind":"station","lines":",fgc:RL1,fgc:RL2,"},"geometry":{"type":"Point","coordinates":[0.7649,41.71764]}},{"type":"Feature","properties":{"name":"Vilanova de la Barca","code":"VB","kind":"station","lines":",fgc:RL1,fgc:RL2,"},"geometry":{"type":"Point","coordinates":[0.7279,41.68735]}},{"type":"Feature","properties":{"name":"Alcoletge","code":"AT","kind":"station","lines":",fgc:RL1,fgc:RL2,"},"geometry":{"type":"Point","coordinates":[0.68646,41.65474]}},{"type":"Feature","properties":{"name":"Polígon industrial del Segre","code":"PG","kind":"station","lines":",fgc:RL1,fgc:RL2,"},"geometry":{"type":"Point","coordinates":[0.65281,41.62281]}},{"type":"Feature","properties":{"name":"Lleida","code":"LE","kind":"station","lines":",fgc:RL1,fgc:RL2,"},"geometry":{"type":"Point","coordinates":[0.63367,41.6201]}},{"type":"Feature","properties":{"name":"Gerb","code":"GB","kind":"station","lines":",fgc:RL2,"},"geometry":{"type":"Point","coordinates":[0.81208,41.8233]}},{"type":"Feature","properties":{"name":"St. Llorenç de Montgai","code":"SM","kind":"station","lines":",fgc:RL2,"},"geometry":{"type":"Point","coordinates":[0.83257,41.86638]}},{"type":"Feature","properties":{"name":"Vilanova de la Sal","code":"LS","kind":"station","lines":",fgc:RL2,"},"geometry":{"type":"Point","coordinates":[0.8304,41.91207]}},{"type":"Feature","properties":{"name":"Santa Linya","code":"SN","kind":"station","lines":",fgc:RL2,"},"geometry":{"type":"Point","coordinates":[0.85231,41.93156]}},{"type":"Feature","properties":{"name":"Àger","code":"AR","kind":"station","lines":",fgc:RL2,"},"geometry":{"type":"Point","coordinates":[0.8516,42.00674]}},{"type":"Feature","properties":{"name":"Cellers-Llimiana","code":"LL","kind":"station","lines":",fgc:RL2,"},"geometry":{"type":"Point","coordinates":[0.88271,42.05863]}},{"type":"Feature","properties":{"name":"Guardia de Tremp","code":"GT","kind":"station","lines":",fgc:RL2,"},"geometry":{"type":"Point","coordinates":[0.88809,42.1014]}},{"type":"Feature","properties":{"name":"Palau de Noguera","code":"PT","kind":"station","lines":",fgc:RL2,"},"geometry":{"type":"Point","coordinates":[0.89244,42.147]}},{"type":"Feature","properties":{"name":"Tremp","code":"TP","kind":"station","lines":",fgc:RL2,"},"geometry":{"type":"Point","coordinates":[0.89106,42.16735]}},{"type":"Feature","properties":{"name":"Salàs de Pallars","code":"SD","kind":"station","lines":",fgc:RL2,"},"geometry":{"type":"Point","coordinates":[0.94046,42.20684]}},{"type":"Feature","properties":{"name":"La Pobla de Segur","code":"PS","kind":"station","lines":",fgc:RL2,"},"geometry":{"type":"Point","coordinates":[0.96592,42.23988]}},{"type":"Feature","properties":{"name":"Francesc Macià","code":"172","kind":"station","lines":",tram:T1,tram:T2,tram:T3,"},"geometry":{"type":"Point","coordinates":[2.14314,41.39222]}},{"type":"Feature","properties":{"name":"L'Illa","code":"173","kind":"station","lines":",tram:T1,tram:T2,tram:T3,"},"geometry":{"type":"Point","coordinates":[2.13652,41.39052]}},{"type":"Feature","properties":{"name":"Numància","code":"174","kind":"station","lines":",tram:T1,tram:T2,tram:T3,"},"geometry":{"type":"Point","coordinates":[2.13196,41.38937]}},{"type":"Feature","properties":{"name":"Maria Cristina","code":"175","kind":"station","lines":",tram:T1,tram:T2,tram:T3,"},"geometry":{"type":"Point","coordinates":[2.1265,41.38799]}},{"type":"Feature","properties":{"name":"Pius XII","code":"176","kind":"station","lines":",tram:T1,tram:T2,tram:T3,"},"geometry":{"type":"Point","coordinates":[2.1216,41.38674]}},{"type":"Feature","properties":{"name":"Palau Reial","code":"177","kind":"station","lines":",tram:T1,tram:T2,tram:T3,"},"geometry":{"type":"Point","coordinates":[2.11847,41.38594]}},{"type":"Feature","properties":{"name":"Z.Universitària","code":"178","kind":"station","lines":",tram:T1,tram:T2,tram:T3,"},"geometry":{"type":"Point","coordinates":[2.11441,41.38426]}},{"type":"Feature","properties":{"name":"Avinguda de Xile","code":"179","kind":"station","lines":",tram:T1,tram:T2,tram:T3,"},"geometry":{"type":"Point","coordinates":[2.1148,41.38076]}},{"type":"Feature","properties":{"name":"Ernest Lluch","code":"180","kind":"station","lines":",tram:T1,tram:T2,tram:T3,"},"geometry":{"type":"Point","coordinates":[2.11077,41.37669]}},{"type":"Feature","properties":{"name":"Can Rigal","code":"181","kind":"station","lines":",tram:T1,tram:T2,tram:T3,"},"geometry":{"type":"Point","coordinates":[2.10594,41.3761]}},{"type":"Feature","properties":{"name":"Ca n'Oliveres","code":"182","kind":"station","lines":",tram:T1,tram:T2,tram:T3,"},"geometry":{"type":"Point","coordinates":[2.09842,41.37663]}},{"type":"Feature","properties":{"name":"Can Clota","code":"183","kind":"station","lines":",tram:T1,tram:T2,tram:T3,"},"geometry":{"type":"Point","coordinates":[2.09353,41.37697]}},{"type":"Feature","properties":{"name":"Pont d'Esplugues","code":"186","kind":"station","lines":",tram:T1,tram:T2,tram:T3,"},"geometry":{"type":"Point","coordinates":[2.08861,41.37686]}},{"type":"Feature","properties":{"name":"La Sardana","code":"187","kind":"station","lines":",tram:T1,tram:T2,tram:T3,"},"geometry":{"type":"Point","coordinates":[2.08398,41.37279]}},{"type":"Feature","properties":{"name":"Montesa","code":"188","kind":"station","lines":",tram:T1,tram:T2,tram:T3,"},"geometry":{"type":"Point","coordinates":[2.0809,41.36967]}},{"type":"Feature","properties":{"name":"El Pedró","code":"189","kind":"station","lines":",tram:T1,tram:T2,"},"geometry":{"type":"Point","coordinates":[2.07666,41.36534]}},{"type":"Feature","properties":{"name":"Ignasi Iglésias","code":"190","kind":"station","lines":",tram:T1,tram:T2,"},"geometry":{"type":"Point","coordinates":[2.07266,41.36126]}},{"type":"Feature","properties":{"name":"Cornellà Centre","code":"191","kind":"station","lines":",tram:T1,tram:T2,"},"geometry":{"type":"Point","coordinates":[2.0702,41.35768]}},{"type":"Feature","properties":{"name":"Les Aigües","code":"192","kind":"station","lines":",tram:T1,tram:T2,"},"geometry":{"type":"Point","coordinates":[2.0661,41.35667]}},{"type":"Feature","properties":{"name":"Fontsanta|Fatjó","code":"193","kind":"station","lines":",tram:T1,tram:T2,"},"geometry":{"type":"Point","coordinates":[2.06224,41.36034]}},{"type":"Feature","properties":{"name":"Bon Viatge","code":"194","kind":"station","lines":",tram:T1,tram:T2,"},"geometry":{"type":"Point","coordinates":[2.05891,41.3647]}},{"type":"Feature","properties":{"name":"La Fontsanta","code":"195","kind":"station","lines":",tram:T2,"},"geometry":{"type":"Point","coordinates":[2.06297,41.36777]}},{"type":"Feature","properties":{"name":"Centre Miquel Martí i Pol","code":"196","kind":"station","lines":",tram:T2,"},"geometry":{"type":"Point","coordinates":[2.0712,41.36862]}},{"type":"Feature","properties":{"name":"Llevant-L.Planes","code":"230","kind":"station","lines":",tram:T2,"},"geometry":{"type":"Point","coordinates":[2.07618,41.37102]}},{"type":"Feature","properties":{"name":"Hospital SJD|TV3","code":"197","kind":"station","lines":",tram:T3,"},"geometry":{"type":"Point","coordinates":[2.07572,41.3724]}},{"type":"Feature","properties":{"name":"Rambla de Sant Just","code":"198","kind":"station","lines":",tram:T3,"},"geometry":{"type":"Point","coordinates":[2.07505,41.37886]}},{"type":"Feature","properties":{"name":"Walden","code":"199","kind":"station","lines":",tram:T3,"},"geometry":{"type":"Point","coordinates":[2.06691,41.37975]}},{"type":"Feature","properties":{"name":"Torreblanca","code":"200","kind":"station","lines":",tram:T3,"},"geometry":{"type":"Point","coordinates":[2.0608,41.37978]}},{"type":"Feature","properties":{"name":"Sant Feliu|C.C.","code":"201","kind":"station","lines":",tram:T3,"},"geometry":{"type":"Point","coordinates":[2.05335,41.37937]}},{"type":"Feature","properties":{"name":"Verdaguer","code":"238","kind":"station","lines":",tram:T4,"},"geometry":{"type":"Point","coordinates":[2.16742,41.3985]}},{"type":"Feature","properties":{"name":"Sicilia","code":"237","kind":"station","lines":",tram:T4,"},"geometry":{"type":"Point","coordinates":[2.17422,41.40021]}},{"type":"Feature","properties":{"name":"Monumental","code":"235","kind":"station","lines":",tram:T4,"},"geometry":{"type":"Point","coordinates":[2.18094,41.40202]}},{"type":"Feature","properties":{"name":"Glòries","code":"206","kind":"station","lines":",tram:T4,tram:T5,"},"geometry":{"type":"Point","coordinates":[2.18743,41.40254]}},{"type":"Feature","properties":{"name":"Ca l'Aranyó","code":"221","kind":"station","lines":",tram:T4,"},"geometry":{"type":"Point","coordinates":[2.19152,41.40437]}},{"type":"Feature","properties":{"name":"Pere IV","code":"222","kind":"station","lines":",tram:T4,"},"geometry":{"type":"Point","coordinates":[2.19824,41.40607]}},{"type":"Feature","properties":{"name":"Fluvià","code":"223","kind":"station","lines":",tram:T4,"},"geometry":{"type":"Point","coordinates":[2.20494,41.40774]}},{"type":"Feature","properties":{"name":"Selva de Mar","code":"224","kind":"station","lines":",tram:T4,"},"geometry":{"type":"Point","coordinates":[2.21045,41.40911]}},{"type":"Feature","properties":{"name":"El Maresme","code":"225","kind":"station","lines":",tram:T4,"},"geometry":{"type":"Point","coordinates":[2.21565,41.41047]}},{"type":"Feature","properties":{"name":"Fòrum","code":"226","kind":"station","lines":",tram:T4,"},"geometry":{"type":"Point","coordinates":[2.21989,41.41182]}},{"type":"Feature","properties":{"name":"Campus Diagonal-Besòs","code":"227","kind":"station","lines":",tram:T4,"},"geometry":{"type":"Point","coordinates":[2.22296,41.41522]}},{"type":"Feature","properties":{"name":"Port Fòrum","code":"228","kind":"station","lines":",tram:T4,tram:T6,"},"geometry":{"type":"Point","coordinates":[2.22618,41.41887]}},{"type":"Feature","properties":{"name":"Estació St.Adrià","code":"229","kind":"station","lines":",tram:T4,tram:T6,"},"geometry":{"type":"Point","coordinates":[2.23059,41.42394]}},{"type":"Feature","properties":{"name":"Gorg","code":"219","kind":"station","lines":",tram:T5,"},"geometry":{"type":"Point","coordinates":[2.23326,41.43995]}},{"type":"Feature","properties":{"name":"Sant Roc","code":"217","kind":"station","lines":",tram:T5,"},"geometry":{"type":"Point","coordinates":[2.22762,41.43493]}},{"type":"Feature","properties":{"name":"Encants de Sant Adrià","code":"216","kind":"station","lines":",tram:T5,"},"geometry":{"type":"Point","coordinates":[2.22275,41.43053]}},{"type":"Feature","properties":{"name":"Sant Joan Baptista","code":"215","kind":"station","lines":",tram:T5,"},"geometry":{"type":"Point","coordinates":[2.22546,41.42745]}},{"type":"Feature","properties":{"name":"La Catalana","code":"214","kind":"station","lines":",tram:T5,"},"geometry":{"type":"Point","coordinates":[2.22198,41.42263]}},{"type":"Feature","properties":{"name":"Parc del Besòs","code":"213","kind":"station","lines":",tram:T5,tram:T6,"},"geometry":{"type":"Point","coordinates":[2.21767,41.4194]}},{"type":"Feature","properties":{"name":"Alfons el Magnànim","code":"212","kind":"station","lines":",tram:T5,tram:T6,"},"geometry":{"type":"Point","coordinates":[2.21354,41.41717]}},{"type":"Feature","properties":{"name":"Besòs","code":"211","kind":"station","lines":",tram:T5,tram:T6,"},"geometry":{"type":"Point","coordinates":[2.20961,41.4201]}},{"type":"Feature","properties":{"name":"Sant Martí de Provençals","code":"210","kind":"station","lines":",tram:T5,tram:T6,"},"geometry":{"type":"Point","coordinates":[2.20476,41.41646]}},{"type":"Feature","properties":{"name":"Espronceda","code":"209","kind":"station","lines":",tram:T5,tram:T6,"},"geometry":{"type":"Point","coordinates":[2.19794,41.41134]}},{"type":"Feature","properties":{"name":"Can Jaumandreu","code":"208","kind":"station","lines":",tram:T5,tram:T6,"},"geometry":{"type":"Point","coordinates":[2.19376,41.40817]}},{"type":"Feature","properties":{"name":"Ciutadella|V.O.","code":"202","kind":"station","lines":",tram:T5,"},"geometry":{"type":"Point","coordinates":[2.19192,41.38764]}},{"type":"Feature","properties":{"name":"Wellington|UPF","code":"203","kind":"station","lines":",tram:T5,"},"geometry":{"type":"Point","coordinates":[2.18857,41.39017]}},{"type":"Feature","properties":{"name":"Marina","code":"204","kind":"station","lines":",tram:T5,"},"geometry":{"type":"Point","coordinates":[2.18694,41.39407]}},{"type":"Feature","properties":{"name":"Auditori/Teatre Nacional","code":"205","kind":"station","lines":",tram:T5,"},"geometry":{"type":"Point","coordinates":[2.1869,41.39755]}},{"type":"Feature","properties":{"name":"La Mina","code":"220","kind":"station","lines":",tram:T6,"},"geometry":{"type":"Point","coordinates":[2.22091,41.41831]}}]}